asset,timestamp,data_status,position_state,p_mr_win,p_mr_fail,pred_mr_return_pct,mr_setup,mr_gate_pass,mr_eligible,p_runner_win,pred_runner_return_pct,runner_state_active,asset_policy,recommended_action,reason
GOLD,2026-09-30 01:00:00,OK,FLAT,0.6956480664051168,0.08192850945663756,0.17746950380267604,False,True,False,0.2861952328729093,-0.0814321787964393,False,ACTIVE,NO_ACTION,no setup
USDJPY,2026-09-30 02:00:00,OK,FLAT,0.5186924727531947,0.20531057273312908,0.14106747881102402,False,True,False,0.935331690100671,0.35752176933986257,False,ACTIVE,NO_ACTION,no setup
US500,2026-09-29 19:30:00,OK,FLAT,0.4953315467199412,0.10420968331420206,0.17539225517540233,False,True,False,0.110817197559868,-0.04237523320635025,False,RESEARCH_ONLY,RESEARCH_ONLY,US500 research-only for MR
BTCUSD,2026-09-30 02:00:00,OK,FLAT,0.45579221583480084,0.37849045031298856,-0.03378965429765473,False,True,False,0.588776490160431,-0.12112296613873907,False,ACTIVE,NO_ACTION,no setup
ETHUSD,2026-09-30 02:00:00,OK,FLAT,0.6327937839215777,0.30713698806835593,0.20686749492639867,False,True,False,0.45918196553072216,-0.07712792383867259,False,ACTIVE,NO_ACTION,no setup
EURCAD,2026-09-30 02:00:00,OK,FLAT,0.43401656700324426,0.6425667731780247,0.10133179921600544,False,False,False,0.8675568112419172,0.2572495645781383,False,ACTIVE,NO_ACTION,no setup
EURUSD,2026-09-30 02:00:00,OK,FLAT,0.16075993242540693,0.9051776829934456,-0.2731198368581375,False,False,False,0.9357258835332821,0.2971618637435832,False,ACTIVE,NO_ACTION,no setup
GBPUSD,2026-09-30 02:00:00,OK,FLAT,0.6129111553075477,0.4941781818420857,0.014238137589243206,False,False,False,0.8685244949009381,0.1463609210282365,False,ACTIVE,NO_ACTION,no setup
AUDUSD,2026-09-30 02:00:00,OK,FLAT,0.5312865630589493,0.5391872428697727,-0.10233098023841324,False,False,False,0.9866949236197176,0.5698110407249314,False,ACTIVE,NO_ACTION,no setup
NZDUSD,2026-09-30 02:00:00,OK,FLAT,0.2006096578213159,0.7497734910388283,-0.2667050033985592,False,False,False,0.9183170963055475,0.39985480041733706,False,ACTIVE,NO_ACTION,no setup
USDCAD,2026-09-30 02:00:00,OK,FLAT,0.059787539232046986,0.9190467334993943,-0.32562436233357034,False,False,False,0.7479502027794427,0.17716504425990845,False,ACTIVE,NO_ACTION,no setup
USDCHF,2026-09-30 02:00:00,OK,FLAT,0.49831486745247217,0.6352397091932964,0.026039241383180436,False,False,False,0.9325890090464374,0.22518085986847997,False,ACTIVE,NO_ACTION,no setup
EURJPY,2026-09-30 02:00:00,OK,FLAT,0.3042324445480277,0.6460477492542631,-0.17281271331051637,False,False,False,0.992676377548145,0.7873012409823084,False,ACTIVE,NO_ACTION,no setup
GBPJPY,2026-09-30 02:00:00,OK,FLAT,0.22342690648260397,0.753940727776264,-0.14778926348894306,False,False,False,0.9920924318467726,0.6528735466314656,False,ACTIVE,NO_ACTION,no setup
AUDJPY,2026-09-30 02:00:00,OK,FLAT,0.3344581727264447,0.6608583798701656,-0.31382335050111265,False,False,False,0.9861444787263055,0.9135685724194959,False,ACTIVE,NO_ACTION,no setup
CADJPY,2026-09-30 02:00:00,OK,FLAT,0.3001301921895896,0.6615607460467445,-0.051302821004362356,False,False,False,0.9893547972197609,0.6584085522482234,False,ACTIVE,NO_ACTION,no setup
CHFJPY,2026-09-30 02:00:00,OK,FLAT,0.23073524926464095,0.6656330532220917,-0.2718518947227296,False,False,False,0.9455857502185292,0.808364025461865,False,ACTIVE,NO_ACTION,no setup
EURGBP,2026-09-30 02:00:00,OK,FLAT,0.13389854843611873,0.869378801501873,-0.30112772051146913,False,False,False,0.6272711208923775,0.10089463464603164,False,ACTIVE,NO_ACTION,no setup
EURCHF,2026-09-30 02:00:00,OK,FLAT,0.47625601299061954,0.2267929196532482,0.06010564312689005,False,True,False,0.735737416388645,0.11068535436954276,False,ACTIVE,NO_ACTION,no setup
EURAUD,2026-09-30 02:00:00,OK,FLAT,0.3118598678878442,0.6639867620207388,-0.13612736465764338,False,False,False,0.7590478054452038,0.32516963989698544,False,ACTIVE,NO_ACTION,no setup
GBPAUD,2026-09-30 02:00:00,OK,FLAT,0.05250449239274395,0.967648200738754,-0.38475133428701613,False,False,False,0.8539560486497118,0.2914573888437064,False,ACTIVE,NO_ACTION,no setup
GBPCAD,2026-09-30 02:00:00,OK,FLAT,0.31461756110686256,0.6903513973004198,-0.021517584714650196,False,False,False,0.8010272827747877,0.0679281752083847,False,ACTIVE,NO_ACTION,no setup
GBPCHF,2026-09-30 02:00:00,OK,FLAT,0.26378531354666,0.6958119484898462,-0.08487038086109497,False,False,False,0.8898081170664953,0.14620239132245583,False,ACTIVE,NO_ACTION,no setup
AUDCAD,2026-09-30 02:00:00,OK,FLAT,0.4262045018024308,0.4778799378559078,-0.13421375952124343,False,False,False,0.38864669264573215,0.2300560512703468,False,ACTIVE,NO_ACTION,no setup
AUDNZD,2026-09-30 02:00:00,OK,FLAT,0.3040598638598371,0.6197146597372076,-0.12738222402442714,False,False,False,0.9142121410453551,0.49379783326121546,False,ACTIVE,NO_ACTION,no setup
AUDCHF,2026-09-30 02:00:00,OK,FLAT,0.8539586668442469,0.03845294753774099,-0.0035180438843132066,False,True,False,0.7823348936871836,0.10874854781446698,False,ACTIVE,NO_ACTION,no setup
NZDJPY,2026-09-30 02:00:00,OK,FLAT,0.33965821863687923,0.6667650949154635,-0.24859144189828147,False,False,False,0.8992670128447141,0.6819848761374948,False,ACTIVE,NO_ACTION,no setup
NZDCAD,2026-09-30 02:00:00,OK,FLAT,0.37923792725542776,0.3926517463928389,-0.12627627661674146,False,True,False,0.7403665555445471,0.2159575929477462,False,ACTIVE,NO_ACTION,no setup
NZDCHF,2026-09-30 02:00:00,OK,FLAT,0.30245095967977986,0.4074716181597563,0.024777127560185453,False,True,False,0.7495599176907193,0.01451140675256012,False,ACTIVE,NO_ACTION,no setup
CADCHF,2026-09-30 02:00:00,OK,FLAT,0.4942343437783316,0.571938627682943,0.028769668546675356,False,False,False,0.7624423393407315,0.19448497075721824,False,ACTIVE,NO_ACTION,no setup
SILVER,2026-09-30 01:00:00,OK,FLAT,0.6656479697756875,0.36198689695044317,-0.008603591077653227,False,True,False,0.6964286525837335,0.9969708985625141,False,ACTIVE,NO_ACTION,no setup
WTI,2026-09-30 01:00:00,OK,FLAT,0.2876083326335432,0.7655400269076009,-0.42195428554352665,False,False,False,0.6811958967383818,2.168894893885513,False,ACTIVE,NO_ACTION,no setup
BRENT,2026-09-30 01:00:00,OK,FLAT,0.12244660361803088,0.8579746776358175,-0.5627254430834681,False,False,False,0.5002582608043281,0.7987032814867951,False,ACTIVE,NO_ACTION,no setup
NATGAS,2026-09-30 01:00:00,OK,FLAT,0.2851944800141662,0.6561961616336733,-0.42850372042807094,False,False,False,0.7740043664620782,1.6939507547756634,False,ACTIVE,NO_ACTION,no setup
NAS100,2026-09-29 19:30:00,OK,FLAT,0.585473481693623,0.13434263799574506,0.0599326760903182,False,True,False,0.06040571126033665,-0.17560031236482831,False,ACTIVE,NO_ACTION,no setup
US30,2026-09-29 19:30:00,OK,FLAT,0.2206765339084932,0.6381526957822184,-0.10667420427586878,False,False,False,0.4856132190458504,0.0347689194965344,False,ACTIVE,NO_ACTION,no setup
GER40,2026-09-29 15:00:00,OK,FLAT,0.645648517622847,0.1516709886241249,-0.30300869850476597,False,True,False,0.18428083345093155,-0.29525751943231265,False,ACTIVE,NO_ACTION,no setup
UK100,2026-09-29 15:00:00,OK,FLAT,0.8173110827995547,0.1190021805816811,0.21317043796104362,False,True,False,0.8594106537439293,0.37438080395878875,False,ACTIVE,NO_ACTION,no setup
JPN225,2026-09-30 01:00:00,OK,FLAT,0.1199429276307994,0.41484489431527327,-0.516646747385738,False,True,False,0.1695125475887333,0.02902664711954154,False,ACTIVE,NO_ACTION,no setup
AUS200,2026-09-30 01:00:00,OK,FLAT,0.6875999862574985,0.3766456732809411,0.8344663481519592,False,True,False,0.6490884300101978,0.460427131073946,False,ACTIVE,NO_ACTION,no setup
HK50,2026-09-30 01:30:00,OK,FLAT,0.5214589502235746,0.4318117206746072,-0.34032960920110017,False,True,False,0.8497864465538308,0.5332856650676596,False,ACTIVE,NO_ACTION,no setup
FRA40,2026-09-29 15:00:00,OK,FLAT,0.2750651279465161,0.6913750548140506,-0.06274302095980679,False,False,False,0.7769380545718588,0.9883975513522443,False,ACTIVE,NO_ACTION,no setup
EU50,2026-09-29 15:00:00,OK,FLAT,0.29300202668052805,0.36469371906155745,-0.2990122053921417,False,True,False,0.2970098422754176,0.2793736032799654,False,ACTIVE,NO_ACTION,no setup
SOLUSD,2026-09-30 02:00:00,OK,FLAT,0.7880305384824291,0.13477263610986248,0.22546945758009598,False,True,False,0.5843048702242292,0.17626316965890979,False,ACTIVE,NO_ACTION,no setup
XRPUSD,2026-09-30 02:00:00,OK,FLAT,0.6721879907095937,0.210924835737057,0.3366170131337749,False,True,False,0.47037174356119366,0.1255099295604627,False,ACTIVE,NO_ACTION,no setup
ADAUSD,2026-09-30 02:00:00,OK,FLAT,0.3262143383673253,0.34414519594382054,-0.1373715015310361,False,True,False,0.5481149536892449,0.5383213404222006,False,ACTIVE,NO_ACTION,no setup
DOGEUSD,2026-09-30 02:00:00,OK,FLAT,0.45669868876773506,0.3410902292443467,0.08580112799293237,False,True,False,0.5145507593337503,0.07607017330020725,False,ACTIVE,NO_ACTION,no setup
LTCUSD,2026-09-30 02:00:00,OK,FLAT,0.4767763464382606,0.5525578327338209,-0.2798547385733763,False,False,False,0.7647121270435991,1.2860610048194776,False,ACTIVE,NO_ACTION,no setup
BCHUSD,2026-09-30 02:00:00,OK,FLAT,0.5491354093601435,0.4197239761510801,-0.2563945260203887,False,True,False,0.7056452878581766,0.5075768431863209,False,ACTIVE,NO_ACTION,no setup
DOTUSD,2026-09-30 02:00:00,OK,FLAT,0.5079921734171934,0.25940635134681284,0.5472500664342557,False,True,False,0.3672186564627364,0.36896975786261665,False,ACTIVE,NO_ACTION,no setup
LINKUSD,2026-09-30 02:00:00,OK,FLAT,0.9449507461943607,0.03480040966543985,1.4891868813598035,False,True,False,0.9028439783739639,1.8995787462050793,False,ACTIVE,NO_ACTION,no setup
BNBUSD,2026-09-30 02:00:00,OK,FLAT,0.5021054727942892,0.4534606007793123,-0.32434527158507714,False,False,False,0.860051642244468,1.0143620224435876,False,ACTIVE,NO_ACTION,no setup
AVAXUSD,2026-09-30 02:00:00,OK,FLAT,0.33757999934808636,0.377647917361901,0.15868438627490739,False,True,False,0.9193435428857736,2.362461412052908,False,ACTIVE,NO_ACTION,no setup
