asset,calendar,rows,first_timestamp_utc,last_timestamp_utc,report_start_timestamp_utc,expected_open_bars,missing_open_bars,raw_calendar_missing_open_bars,ignored_provider_calendar_mismatch,missing_recoverable_by_yahoo_730d,missing_requires_alt_provider_or_archive,open_session_coverage_pct,duplicate_timestamps,nan_ohlc_rows,status
GOLD,CMEGlobex_GC,14303,2024-04-08 04:00:00,2026-10-01 19:00:00,2026-08-30 11:00:00,547,0,23,23,0,0,100.0,0,0,PASS
USDJPY,24/5,17726,2023-11-13 00:00:00,2026-10-01 19:00:00,2026-08-30 11:00:00,565,0,0,0,0,0,100.0,0,0,PASS
US500,NYSE,5242,2023-10-02 13:30:00,2026-10-01 18:30:00,2026-08-30 11:00:00,160,0,0,0,0,0,100.0,0,0,PASS
BTCUSD,24/7,18262,2024-08-31 00:00:00,2026-10-01 19:00:00,2026-08-30 11:00:00,777,0,0,0,0,0,100.0,0,0,PASS
ETHUSD,24/7,18262,2024-08-31 00:00:00,2026-10-01 19:00:00,2026-08-30 11:00:00,777,0,0,0,0,0,100.0,0,0,PASS
EURCAD,24/5,17863,2023-11-13 00:00:00,2026-10-01 19:00:00,2026-08-30 11:00:00,565,0,0,0,0,0,100.0,0,0,PASS
EURUSD,24/5,17695,2023-11-21 00:00:00,2026-10-01 19:00:00,2026-08-30 11:00:00,565,0,0,0,0,0,100.0,0,0,PASS
GBPUSD,24/5,17696,2023-11-21 00:00:00,2026-10-01 19:00:00,2026-08-30 11:00:00,565,0,0,0,0,0,100.0,0,0,PASS
AUDUSD,24/5,17788,2023-11-21 00:00:00,2026-10-01 19:00:00,2026-08-30 11:00:00,565,0,0,0,0,0,100.0,0,0,PASS
NZDUSD,24/5,17785,2023-11-21 00:00:00,2026-10-01 19:00:00,2026-08-30 11:00:00,565,0,0,0,0,0,100.0,0,0,PASS
USDCAD,24/5,17799,2023-11-21 00:00:00,2026-10-01 19:00:00,2026-08-30 11:00:00,565,0,0,0,0,0,100.0,0,0,PASS
USDCHF,24/5,17637,2023-11-21 00:00:00,2026-10-01 19:00:00,2026-08-30 11:00:00,565,0,0,0,0,0,100.0,0,0,PASS
EURJPY,24/5,17704,2023-11-21 00:00:00,2026-10-01 19:00:00,2026-08-30 11:00:00,565,0,0,0,0,0,100.0,0,0,PASS
GBPJPY,24/5,17704,2023-11-21 00:00:00,2026-10-01 19:00:00,2026-08-30 11:00:00,565,0,0,0,0,0,100.0,0,0,PASS
AUDJPY,24/5,17706,2023-11-21 00:00:00,2026-10-01 19:00:00,2026-08-30 11:00:00,565,0,0,0,0,0,100.0,0,0,PASS
CADJPY,24/5,17709,2023-11-21 00:00:00,2026-10-01 19:00:00,2026-08-30 11:00:00,565,0,0,0,0,0,100.0,0,0,PASS
CHFJPY,24/5,17693,2023-11-21 00:00:00,2026-10-01 19:00:00,2026-08-30 11:00:00,565,0,0,0,0,0,100.0,0,0,PASS
EURGBP,24/5,17720,2023-11-21 00:00:00,2026-10-01 19:00:00,2026-08-30 11:00:00,565,0,0,0,0,0,100.0,0,0,PASS
EURCHF,24/5,17702,2023-11-21 00:00:00,2026-10-01 19:00:00,2026-08-30 11:00:00,565,0,0,0,0,0,100.0,0,0,PASS
EURAUD,24/5,17716,2023-11-21 00:00:00,2026-10-01 19:00:00,2026-08-30 11:00:00,565,0,0,0,0,0,100.0,0,0,PASS
GBPAUD,24/5,17780,2023-11-21 00:00:00,2026-10-01 19:00:00,2026-08-30 11:00:00,565,0,0,0,0,0,100.0,0,0,PASS
GBPCAD,24/5,17784,2023-11-21 00:00:00,2026-10-01 19:00:00,2026-08-30 11:00:00,565,0,0,0,0,0,100.0,0,0,PASS
GBPCHF,24/5,17701,2023-11-21 00:00:00,2026-10-01 19:00:00,2026-08-30 11:00:00,565,0,0,0,0,0,100.0,0,0,PASS
AUDCAD,24/5,17787,2023-11-21 00:00:00,2026-10-01 19:00:00,2026-08-30 11:00:00,565,0,0,0,0,0,100.0,0,0,PASS
AUDNZD,24/5,17786,2023-11-21 00:00:00,2026-10-01 19:00:00,2026-08-30 11:00:00,565,0,0,0,0,0,100.0,0,0,PASS
AUDCHF,24/5,17752,2023-11-21 00:00:00,2026-10-01 19:00:00,2026-08-30 11:00:00,565,0,0,0,0,0,100.0,0,0,PASS
NZDJPY,24/5,17701,2023-11-21 00:00:00,2026-10-01 19:00:00,2026-08-30 11:00:00,565,0,0,0,0,0,100.0,0,0,PASS
NZDCAD,24/5,17780,2023-11-21 00:00:00,2026-10-01 19:00:00,2026-08-30 11:00:00,565,0,0,0,0,0,100.0,0,0,PASS
NZDCHF,24/5,17772,2023-11-21 00:00:00,2026-10-01 19:00:00,2026-08-30 11:00:00,565,0,0,0,0,0,100.0,0,0,PASS
CADCHF,24/5,17711,2023-11-21 00:00:00,2026-10-01 19:00:00,2026-08-30 11:00:00,565,0,0,0,0,0,100.0,0,0,PASS
SILVER,CMEGlobex_GC,14187,2024-04-15 04:00:00,2026-10-01 19:00:00,2026-08-30 11:00:00,547,0,24,24,0,0,100.0,0,0,PASS
WTI,CMEGlobex_Energy,13989,2024-04-15 04:00:00,2026-10-01 19:00:00,2026-08-30 11:00:00,547,0,24,24,0,0,100.0,0,0,PASS
BRENT,CMEGlobex_Energy,14040,2024-04-15 04:00:00,2026-10-01 19:00:00,2026-08-30 11:00:00,547,0,24,24,0,0,100.0,0,0,PASS
NATGAS,CMEGlobex_Energy,13985,2024-04-15 04:00:00,2026-10-01 19:00:00,2026-08-30 11:00:00,547,0,24,24,0,0,100.0,0,0,PASS
NAS100,NYSE,5207,2023-10-09 13:30:00,2026-10-01 18:30:00,2026-08-30 11:00:00,160,0,0,0,0,0,100.0,0,0,PASS
US30,NYSE,5207,2023-10-09 13:30:00,2026-10-01 18:30:00,2026-08-30 11:00:00,160,0,0,0,0,0,100.0,0,0,PASS
GER40,XETR,6733,2023-10-19 07:00:00,2026-10-01 15:00:00,2026-08-30 11:00:00,216,0,0,0,0,0,100.0,0,0,PASS
UK100,XLON,6706,2023-10-17 07:00:00,2026-10-01 15:00:00,2026-08-30 11:00:00,207,0,0,0,0,0,100.0,0,0,PASS
JPN225,JPX,5201,2023-09-11 00:00:00,2026-10-01 06:00:00,2026-08-30 11:00:00,147,0,0,0,0,0,100.0,0,0,PASS
AUS200,ASX,5222,2023-10-18 23:00:00,2026-10-01 06:00:00,2026-08-30 11:00:00,168,0,0,0,0,0,100.0,0,0,PASS
HK50,XHKG,5181,2023-09-18 01:30:00,2026-09-30 07:30:00,2026-08-30 11:00:00,161,0,0,0,0,0,100.0,0,0,PASS
FRA40,XPAR,6712,2023-10-25 07:00:00,2026-10-01 15:00:00,2026-08-30 11:00:00,216,0,0,0,0,0,100.0,0,0,PASS
EU50,XPAR,6739,2023-10-04 07:00:00,2026-10-01 15:00:00,2026-08-30 11:00:00,216,0,0,0,0,0,100.0,0,0,PASS
SOLUSD,24/7,18070,2024-09-08 00:00:00,2026-10-01 19:00:00,2026-08-30 11:00:00,777,0,0,0,0,0,100.0,0,0,PASS
XRPUSD,24/7,18070,2024-09-08 00:00:00,2026-10-01 19:00:00,2026-08-30 11:00:00,777,0,0,0,0,0,100.0,0,0,PASS
ADAUSD,24/7,18070,2024-09-08 00:00:00,2026-10-01 19:00:00,2026-08-30 11:00:00,777,0,0,0,0,0,100.0,0,0,PASS
DOGEUSD,24/7,18070,2024-09-08 00:00:00,2026-10-01 19:00:00,2026-08-30 11:00:00,777,0,0,0,0,0,100.0,0,0,PASS
LTCUSD,24/7,18070,2024-09-08 00:00:00,2026-10-01 19:00:00,2026-08-30 11:00:00,777,0,0,0,0,0,100.0,0,0,PASS
BCHUSD,24/7,18070,2024-09-08 00:00:00,2026-10-01 19:00:00,2026-08-30 11:00:00,777,0,0,0,0,0,100.0,0,0,PASS
DOTUSD,24/7,18070,2024-09-08 00:00:00,2026-10-01 19:00:00,2026-08-30 11:00:00,777,0,0,0,0,0,100.0,0,0,PASS
LINKUSD,24/7,18070,2024-09-08 00:00:00,2026-10-01 19:00:00,2026-08-30 11:00:00,777,0,0,0,0,0,100.0,0,0,PASS
BNBUSD,24/7,18070,2024-09-08 00:00:00,2026-10-01 19:00:00,2026-08-30 11:00:00,777,0,0,0,0,0,100.0,0,0,PASS
AVAXUSD,24/7,18070,2024-09-08 00:00:00,2026-10-01 19:00:00,2026-08-30 11:00:00,777,0,0,0,0,0,100.0,0,0,PASS
