rows,first_timestamp,last_timestamp,duplicate_count,missing_bar_estimate,zero_volume_count,bad_ohlc_count,median_bar_gap_hours,max_bar_gap_hours,status,asset
14297,2024-04-08 04:00:00,2026-10-01 13:00:00,0,20,511,0,1.0,80.0,PASS,GOLD
17720,2023-11-13 00:00:00,2026-10-01 13:00:00,0,0,17720,0,1.0,70.0,PASS,USDJPY
5237,2023-10-02 13:30:00,2026-10-01 13:30:00,0,0,697,0,1.0,94.0,PASS,US500
18256,2024-08-31 00:00:00,2026-10-01 13:00:00,0,0,9271,0,1.0,21.0,PASS,BTCUSD
18256,2024-08-31 00:00:00,2026-10-01 13:00:00,0,0,9145,0,1.0,21.0,PASS,ETHUSD
17857,2023-11-13 00:00:00,2026-10-01 13:00:00,0,0,17857,0,1.0,67.0,PASS,EURCAD
17689,2023-11-21 00:00:00,2026-10-01 13:00:00,0,0,17689,0,1.0,68.0,PASS,EURUSD
17690,2023-11-21 00:00:00,2026-10-01 13:00:00,0,0,17690,0,1.0,68.0,PASS,GBPUSD
17782,2023-11-21 00:00:00,2026-10-01 13:00:00,0,0,17782,0,1.0,55.0,PASS,AUDUSD
17779,2023-11-21 00:00:00,2026-10-01 13:00:00,0,0,17779,0,1.0,55.0,PASS,NZDUSD
17793,2023-11-21 00:00:00,2026-10-01 13:00:00,0,0,17793,0,1.0,55.0,PASS,USDCAD
17631,2023-11-21 00:00:00,2026-10-01 13:00:00,0,0,17631,0,1.0,69.0,PASS,USDCHF
17698,2023-11-21 00:00:00,2026-10-01 13:00:00,0,0,17698,0,1.0,68.0,PASS,EURJPY
17698,2023-11-21 00:00:00,2026-10-01 13:00:00,0,0,17698,0,1.0,68.0,PASS,GBPJPY
17700,2023-11-21 00:00:00,2026-10-01 13:00:00,0,0,17700,0,1.0,68.0,PASS,AUDJPY
17703,2023-11-21 00:00:00,2026-10-01 13:00:00,0,0,17703,0,1.0,68.0,PASS,CADJPY
17687,2023-11-21 00:00:00,2026-10-01 13:00:00,0,0,17687,0,1.0,70.0,PASS,CHFJPY
17714,2023-11-21 00:00:00,2026-10-01 13:00:00,0,0,17714,0,1.0,67.0,PASS,EURGBP
17696,2023-11-21 00:00:00,2026-10-01 13:00:00,0,0,17696,0,1.0,68.0,PASS,EURCHF
17710,2023-11-21 00:00:00,2026-10-01 13:00:00,0,0,17710,0,1.0,67.0,PASS,EURAUD
17774,2023-11-21 00:00:00,2026-10-01 13:00:00,0,0,17774,0,1.0,55.0,PASS,GBPAUD
17778,2023-11-21 00:00:00,2026-10-01 13:00:00,0,0,17778,0,1.0,55.0,PASS,GBPCAD
17695,2023-11-21 00:00:00,2026-10-01 13:00:00,0,0,17695,0,1.0,68.0,PASS,GBPCHF
17781,2023-11-21 00:00:00,2026-10-01 13:00:00,0,0,17781,0,1.0,55.0,PASS,AUDCAD
17780,2023-11-21 00:00:00,2026-10-01 13:00:00,0,0,17780,0,1.0,55.0,PASS,AUDNZD
17746,2023-11-21 00:00:00,2026-10-01 13:00:00,0,0,17746,0,1.0,55.0,PASS,AUDCHF
17695,2023-11-21 00:00:00,2026-10-01 13:00:00,0,0,17695,0,1.0,68.0,PASS,NZDJPY
17774,2023-11-21 00:00:00,2026-10-01 13:00:00,0,0,17774,0,1.0,55.0,PASS,NZDCAD
17766,2023-11-21 00:00:00,2026-10-01 13:00:00,0,0,17766,0,1.0,55.0,PASS,NZDCHF
17705,2023-11-21 00:00:00,2026-10-01 13:00:00,0,0,17705,0,1.0,68.0,PASS,CADCHF
14181,2024-04-15 04:00:00,2026-10-01 13:00:00,0,20,501,0,1.0,80.0,PASS,SILVER
13983,2024-04-15 04:00:00,2026-10-01 13:00:00,0,20,503,0,1.0,80.0,PASS,WTI
14034,2024-04-15 04:00:00,2026-10-01 13:00:00,0,20,834,0,1.0,85.0,PASS,BRENT
13979,2024-04-15 04:00:00,2026-10-01 13:00:00,0,20,512,0,1.0,80.0,PASS,NATGAS
5202,2023-10-09 13:30:00,2026-10-01 13:30:00,0,0,703,0,1.0,94.0,PASS,NAS100
5202,2023-10-09 13:30:00,2026-10-01 13:30:00,0,0,698,0,1.0,94.0,PASS,US30
6731,2023-10-19 07:00:00,2026-10-01 13:00:00,0,0,6731,0,1.0,136.0,PASS,GER40
6704,2023-10-17 07:00:00,2026-10-01 13:00:00,0,0,6704,0,1.0,117.0,PASS,UK100
5201,2023-09-11 00:00:00,2026-10-01 06:00:00,0,0,5201,0,1.0,162.0,PASS,JPN225
5222,2023-10-18 23:00:00,2026-10-01 06:00:00,0,0,5222,0,1.0,117.0,PASS,AUS200
5181,2023-09-18 01:30:00,2026-09-30 07:30:00,0,0,5181,0,1.0,143.0,PASS,HK50
6710,2023-10-25 07:00:00,2026-10-01 13:00:00,0,0,6710,0,1.0,116.0,PASS,FRA40
6737,2023-10-04 07:00:00,2026-10-01 13:00:00,0,0,6737,0,1.0,136.0,PASS,EU50
18064,2024-09-08 00:00:00,2026-10-01 13:00:00,0,0,9081,0,1.0,21.0,PASS,SOLUSD
18064,2024-09-08 00:00:00,2026-10-01 13:00:00,0,0,9220,0,1.0,21.0,PASS,XRPUSD
18064,2024-09-08 00:00:00,2026-10-01 13:00:00,0,0,9158,0,1.0,21.0,PASS,ADAUSD
18064,2024-09-08 00:00:00,2026-10-01 13:00:00,0,0,9190,0,1.0,21.0,PASS,DOGEUSD
18064,2024-09-08 00:00:00,2026-10-01 13:00:00,0,0,9086,0,1.0,21.0,PASS,LTCUSD
18064,2024-09-08 00:00:00,2026-10-01 13:00:00,0,0,9002,0,1.0,21.0,PASS,BCHUSD
18064,2024-09-08 00:00:00,2026-10-01 13:00:00,0,0,9109,0,1.0,21.0,PASS,DOTUSD
18064,2024-09-08 00:00:00,2026-10-01 13:00:00,0,0,9090,0,1.0,21.0,PASS,LINKUSD
18064,2024-09-08 00:00:00,2026-10-01 13:00:00,0,0,9099,0,1.0,21.0,PASS,BNBUSD
18064,2024-09-08 00:00:00,2026-10-01 13:00:00,0,0,9043,0,1.0,21.0,PASS,AVAXUSD
