Trade number,Type,Date and time,Signal,Price CAD,Size (qty),Size (value),Net PnL CAD,Return %,Commission CAD,Favorable excursion CAD,Favorable excursion %,Adverse excursion CAD,Adverse excursion %,Cumulative PnL CAD,Cumulative PnL %,Duration (bars)
1,Exit short,2025-01-16 18:00,MR FAIL | IN:MR | OUT:MR,1.47882,1,1.47442,-0.004,-0.30,0,0.0004,0.02,-0.01,-0.40,-0.004,0.00,19
1,Entry short,2025-01-15 23:00,MR-S | IN:MR,1.47442,1,1.47442,-0.004,-0.30,0,0.0004,0.02,-0.01,-0.40,-0.004,0.00,19
2,Exit short,2025-01-21 07:00,MR FAIL | IN:TREND | OUT:MR,1.49807,1,1.49136,-0.01,-0.45,0,0.004,0.28,-0.01,-0.92,-0.01,0.00,9
2,Entry short,2025-01-20 22:00,MR-S | IN:TREND,1.49136,1,1.49136,-0.01,-0.45,0,0.004,0.28,-0.01,-0.92,-0.01,0.00,9
3,Exit short,2025-01-24 14:00,MR FAIL | IN:MR | OUT:MR,1.5005,1,1.49463,-0.01,-0.39,0,0.004,0.23,-0.01,-0.42,-0.02,0.00,61
3,Entry short,2025-01-22 01:00,MR-S | IN:MR,1.49463,1,1.49463,-0.01,-0.39,0,0.004,0.23,-0.01,-0.42,-0.02,0.00,61
4,Exit short,2025-01-27 21:00,MR FAIL | IN:MR | OUT:MR,1.51112,1,1.50404,-0.01,-0.47,0,0.0001,0.01,-0.01,-0.60,-0.02,0.00,8
4,Entry short,2025-01-27 13:00,MR-S | IN:MR,1.50404,1,1.50404,-0.01,-0.47,0,0.0001,0.01,-0.01,-0.60,-0.02,0.00,8
5,Exit short,2025-01-28 20:00,MR TP1 | IN:MR | OUT:TREND,1.50136,0.2,0.301652,0.001,0.46,0,0.002,0.50,-0.0001,-0.04,-0.02,0.00,19
5,Entry short,2025-01-28 01:00,MR-S | IN:MR,1.50826,0.2,0.301652,0.001,0.46,0,0.002,0.50,-0.0001,-0.04,-0.02,0.00,19
6,Exit short,2025-01-29 21:00,RUN EXIT | IN:MR | OUT:MR,1.50195,0.8,1.206608,0.01,0.42,0,0.01,0.61,-0.0005,-0.04,-0.02,0.00,44
6,Entry short,2025-01-28 01:00,MR-S | IN:MR,1.50826,0.8,1.206608,0.01,0.42,0,0.01,0.61,-0.0005,-0.04,-0.02,0.00,44
7,Exit long,2025-01-31 01:00,MR FAIL | IN:MR | OUT:MR,1.50116,1,1.50315,-0.002,-0.13,0,0.001,0.08,-0.002,-0.16,-0.02,0.00,4
7,Entry long,2025-01-30 21:00,MR-L | IN:MR,1.50315,1,1.50315,-0.002,-0.13,0,0.001,0.08,-0.002,-0.16,-0.02,0.00,4
8,Exit long,2025-01-31 04:00,MR TP1 | IN:MR | OUT:MR,1.50626,0.2,0.300578,0.001,0.22,0,0.003,0.96,-0.0001,-0.02,-0.02,0.00,2
8,Entry long,2025-01-31 02:00,MR-L | IN:MR,1.50289,0.2,0.300578,0.001,0.22,0,0.003,0.96,-0.0001,-0.02,-0.02,0.00,2
9,Exit long,2025-02-01 00:00,RUN EXIT | IN:MR | OUT:MR,1.50054,0.8,1.202312,-0.002,-0.16,0,0.01,0.96,-0.004,-0.31,-0.02,0.00,22
9,Entry long,2025-01-31 02:00,MR-L | IN:MR,1.50289,0.8,1.202312,-0.002,-0.16,0,0.01,0.96,-0.004,-0.31,-0.02,0.00,22
10,Exit short,2025-02-04 02:00,MR TP1 | IN:MR | OUT:MR,1.49888,0.2,0.3006,0.001,0.27,0,0.001,0.48,-0.001,-0.35,-0.02,0.00,9
10,Entry short,2025-02-03 17:00,MR-S | IN:MR,1.503,0.2,0.3006,0.001,0.27,0,0.001,0.48,-0.001,-0.35,-0.02,0.00,9
11,Exit short,2025-02-05 03:00,RUN EXIT | IN:MR | OUT:MR,1.48686,0.8,1.2024,0.01,1.07,0,0.01,1.21,-0.004,-0.35,-0.01,0.00,34
11,Entry short,2025-02-03 17:00,MR-S | IN:MR,1.503,0.8,1.2024,0.01,1.07,0,0.01,1.21,-0.004,-0.35,-0.01,0.00,34
12,Exit long,2025-02-07 22:00,MR FAIL | IN:HYBRID | OUT:HYBRID,1.48088,1,1.48622,-0.01,-0.36,0,0.002,0.15,-0.01,-0.43,-0.01,0.00,10
12,Entry long,2025-02-07 12:00,MR-L | IN:HYBRID,1.48622,1,1.48622,-0.01,-0.36,0,0.002,0.15,-0.01,-0.43,-0.01,0.00,10
13,Exit short,2025-02-10 20:00,TF EXIT | IN:HYBRID | OUT:MR,1.47976,1,1.48088,0.001,0.08,0,0.01,0.44,-0.001,-0.05,-0.01,0.00,22
13,Entry short,2025-02-07 22:00,TF-S | IN:HYBRID,1.48088,1,1.48088,0.001,0.08,0,0.01,0.44,-0.001,-0.05,-0.01,0.00,22
14,Exit long,2025-02-11 01:00,MR FAIL | IN:MR | OUT:MR,1.47532,1,1.47976,-0.004,-0.30,0,0.0003,0.02,-0.005,-0.32,-0.02,0.00,5
14,Entry long,2025-02-10 20:00,MR-L | IN:MR,1.47976,1,1.47976,-0.004,-0.30,0,0.0003,0.02,-0.005,-0.32,-0.02,0.00,5
15,Exit long,2025-02-12 09:00,MR TP1 | IN:MR | OUT:HYBRID,1.48016,0.2,0.295346,0.001,0.23,0,0.001,0.39,-0.0002,-0.06,-0.02,0.00,25
15,Entry long,2025-02-11 08:00,MR-L | IN:MR,1.47673,0.2,0.295346,0.001,0.23,0,0.001,0.39,-0.0002,-0.06,-0.02,0.00,25
16,Exit long,2025-02-13 21:00,RUN EXIT | IN:MR | OUT:MR,1.4837,0.8,1.181384,0.01,0.47,0,0.01,0.89,-0.001,-0.06,-0.01,0.00,61
16,Entry long,2025-02-11 08:00,MR-L | IN:MR,1.47673,0.8,1.181384,0.01,0.47,0,0.01,0.89,-0.001,-0.06,-0.01,0.00,61
17,Exit short,2025-02-18 15:00,MR TP1 | IN:MR | OUT:MR,1.48413,0.2,0.297376,0.001,0.18,0,0.001,0.20,-0.0002,-0.07,-0.01,0.00,21
17,Entry short,2025-02-17 18:00,MR-S | IN:MR,1.48688,0.2,0.297376,0.001,0.18,0,0.001,0.20,-0.0002,-0.07,-0.01,0.00,21
18,Exit short,2025-02-19 22:00,RUN EXIT | IN:MR | OUT:MR,1.48234,0.8,1.189504,0.004,0.31,0,0.01,0.45,-0.001,-0.07,-0.01,0.00,52
18,Entry short,2025-02-17 18:00,MR-S | IN:MR,1.48688,0.8,1.189504,0.004,0.31,0,0.01,0.45,-0.001,-0.07,-0.01,0.00,52
19,Exit short,2025-02-24 07:00,MR FAIL | IN:MR | OUT:MR,1.49166,1,1.48528,-0.01,-0.43,0,0.001,0.10,-0.01,-0.45,-0.01,0.00,12
19,Entry short,2025-02-21 19:00,MR-S | IN:MR,1.48528,1,1.48528,-0.01,-0.43,0,0.001,0.10,-0.01,-0.45,-0.01,0.00,12
20,Exit short,2025-02-25 03:00,MR FAIL | IN:MR | OUT:MR,1.49262,1,1.48782,-0.005,-0.32,0,0.001,0.05,-0.01,-0.37,-0.02,0.00,8
20,Entry short,2025-02-24 19:00,MR-S | IN:MR,1.48782,1,1.48782,-0.005,-0.32,0,0.001,0.05,-0.01,-0.37,-0.02,0.00,8
21,Exit short,2025-02-28 12:00,MR TP1 | IN:TREND | OUT:MR,1.50016,0.2,0.300744,0.001,0.24,0,0.001,0.27,-0.001,-0.39,-0.02,0.00,47
21,Entry short,2025-02-26 13:00,MR-S | IN:TREND,1.50372,0.2,0.300744,0.001,0.24,0,0.001,0.27,-0.001,-0.39,-0.02,0.00,47
22,Exit short,2025-03-03 07:00,RUN EXIT | IN:TREND | OUT:MR,1.50315,0.8,1.202976,0.0005,0.04,0,0.01,0.42,-0.005,-0.39,-0.02,0.00,66
22,Entry short,2025-02-26 13:00,MR-S | IN:TREND,1.50372,0.8,1.202976,0.0005,0.04,0,0.01,0.42,-0.005,-0.39,-0.02,0.00,66
23,Exit short,2025-03-05 01:00,MR FAIL | IN:TREND | OUT:HYBRID,1.5372,1,1.51664,-0.02,-1.36,0,0.001,0.03,-0.02,-1.38,-0.04,0.00,8
23,Entry short,2025-03-04 17:00,MR-S | IN:TREND,1.51664,1,1.51664,-0.02,-1.36,0,0.001,0.03,-0.02,-1.38,-0.04,0.00,8
24,Exit long,2025-03-05 06:00,TF EXIT | IN:HYBRID | OUT:TREND,1.52959,1,1.5372,-0.01,-0.50,0,0.0003,0.02,-0.01,-0.69,-0.04,0.00,5
24,Entry long,2025-03-05 01:00,TF-L | IN:HYBRID,1.5372,1,1.5372,-0.01,-0.50,0,0.0003,0.02,-0.01,-0.69,-0.04,0.00,5
25,Exit short,2025-03-05 17:00,MR FAIL | IN:TREND | OUT:TREND,1.53902,1,1.52959,-0.01,-0.62,0,0.001,0.06,-0.01,-0.85,-0.05,0.00,11
25,Entry short,2025-03-05 06:00,MR-S | IN:TREND,1.52959,1,1.52959,-0.01,-0.62,0,0.001,0.06,-0.01,-0.85,-0.05,0.00,11
26,Exit short,2025-03-05 19:00,MR FAIL | IN:TREND | OUT:TREND,1.54222,1,1.53706,-0.01,-0.34,0,0.00004,0.00,-0.01,-0.38,-0.06,0.00,1
26,Entry short,2025-03-05 18:00,MR-S | IN:TREND,1.53706,1,1.53706,-0.01,-0.34,0,0.00004,0.00,-0.01,-0.38,-0.06,0.00,1
27,Exit short,2025-03-07 23:00,MR FAIL | IN:MR | OUT:TREND,1.56227,1,1.5422,-0.02,-1.30,0,0.001,0.08,-0.02,-1.34,-0.08,0.00,22
27,Entry short,2025-03-07 01:00,MR-S | IN:MR,1.5422,1,1.5422,-0.02,-1.30,0,0.001,0.08,-0.02,-1.34,-0.08,0.00,22
28,Exit short,2025-03-10 22:00,MR FAIL | IN:MR | OUT:MR,1.56384,1,1.55594,-0.01,-0.51,0,0.003,0.22,-0.01,-0.59,-0.09,0.00,11
28,Entry short,2025-03-10 11:00,MR-S | IN:MR,1.55594,1,1.55594,-0.01,-0.51,0,0.003,0.22,-0.01,-0.59,-0.09,0.00,11
29,Exit short,2025-03-13 08:00,MR TP1 | IN:MR | OUT:HYBRID,1.56455,0.2,0.3149,0.002,0.63,0,0.002,0.79,-0.001,-0.23,-0.08,0.00,22
29,Entry short,2025-03-12 10:00,MR-S | IN:MR,1.5745,0.2,0.3149,0.002,0.63,0,0.002,0.79,-0.001,-0.23,-0.08,0.00,22
30,Exit short,2025-03-14 06:00,RUN EXIT | IN:MR | OUT:MR,1.56599,0.8,1.2596,0.01,0.54,0,0.01,1.08,-0.003,-0.23,-0.08,0.00,44
30,Entry short,2025-03-12 10:00,MR-S | IN:MR,1.5745,0.8,1.2596,0.01,0.54,0,0.01,1.08,-0.003,-0.23,-0.08,0.00,44
31,Exit long,2025-03-18 20:00,MR FAIL | IN:MR | OUT:MR,1.55922,1,1.56356,-0.004,-0.28,0,0.001,0.04,-0.01,-0.45,-0.08,0.00,5
31,Entry long,2025-03-18 15:00,MR-L | IN:MR,1.56356,1,1.56356,-0.004,-0.28,0,0.001,0.04,-0.01,-0.45,-0.08,0.00,5
32,Exit long,2025-03-19 06:00,MR TP1 | IN:MR | OUT:MR,1.56416,0.2,0.312382,0.0005,0.14,0,0.001,0.34,-0.0004,-0.13,-0.08,0.00,9
32,Entry long,2025-03-18 21:00,MR-L | IN:MR,1.56191,0.2,0.312382,0.0005,0.14,0,0.001,0.34,-0.0004,-0.13,-0.08,0.00,9
33,Exit long,2025-03-19 19:00,RUN EXIT | IN:MR | OUT:MR,1.56135,0.8,1.249528,-0.0004,-0.04,0,0.004,0.34,-0.003,-0.25,-0.08,0.00,22
33,Entry long,2025-03-18 21:00,MR-L | IN:MR,1.56191,0.8,1.249528,-0.0004,-0.04,0,0.004,0.34,-0.003,-0.25,-0.08,0.00,22
34,Exit long,2025-03-20 15:00,MR FAIL | IN:MR | OUT:MR,1.55941,1,1.56294,-0.004,-0.23,0,0.0001,0.00,-0.005,-0.30,-0.09,0.00,6
34,Entry long,2025-03-20 09:00,MR-L | IN:MR,1.56294,1,1.56294,-0.004,-0.23,0,0.0001,0.00,-0.005,-0.30,-0.09,0.00,6
35,Exit long,2025-03-24 21:00,MR FAIL | IN:TREND | OUT:MR,1.54505,1,1.55572,-0.01,-0.69,0,0.001,0.08,-0.01,-0.73,-0.1,0.00,27
35,Entry long,2025-03-21 18:00,MR-L | IN:TREND,1.55572,1,1.55572,-0.01,-0.69,0,0.001,0.08,-0.01,-0.73,-0.1,0.00,27
36,Exit long,2025-03-27 03:00,MR FAIL | IN:MR | OUT:MR,1.53422,1,1.5367,-0.002,-0.16,0,0.0001,0.01,-0.003,-0.18,-0.1,0.00,2
36,Entry long,2025-03-27 01:00,MR-L | IN:MR,1.5367,1,1.5367,-0.002,-0.16,0,0.0001,0.01,-0.003,-0.18,-0.1,0.00,2
37,Exit long,2025-03-28 03:00,MR TP1 | IN:MR | OUT:TREND,1.54507,0.2,0.30712,0.002,0.62,0,0.002,0.77,-0.0004,-0.13,-0.1,0.00,23
37,Entry long,2025-03-27 04:00,MR-L | IN:MR,1.5356,0.2,0.30712,0.002,0.62,0,0.002,0.77,-0.0004,-0.13,-0.1,0.00,23
38,Exit long,2025-04-01 19:00,RUN EXIT | IN:MR | OUT:MR,1.55279,0.8,1.22848,0.01,1.12,0,0.02,1.50,-0.002,-0.13,-0.08,0.00,87
38,Entry long,2025-03-27 04:00,MR-L | IN:MR,1.5356,0.8,1.22848,0.01,1.12,0,0.02,1.50,-0.002,-0.13,-0.08,0.00,87
39,Exit long,2025-04-03 08:00,MR TP1 | IN:TREND | OUT:MR,1.555,0.2,0.3106,0.0004,0.13,0,0.001,0.35,-0.003,-0.91,-0.08,0.00,11
39,Entry long,2025-04-02 21:00,MR-L | IN:TREND,1.553,0.2,0.3106,0.0004,0.13,0,0.001,0.35,-0.003,-0.91,-0.08,0.00,11
40,Exit long,2025-04-04 16:00,RUN EXIT | IN:TREND | OUT:MR,1.55469,0.8,1.2424,0.001,0.11,0,0.02,1.30,-0.01,-0.91,-0.08,0.00,43
40,Entry long,2025-04-02 21:00,MR-L | IN:TREND,1.553,0.8,1.2424,0.001,0.11,0,0.02,1.30,-0.01,-0.91,-0.08,0.00,43
41,Exit short,2025-04-07 13:00,MR FAIL | IN:MR | OUT:MR,1.56818,1,1.55718,-0.01,-0.71,0,0.01,0.42,-0.01,-0.83,-0.09,0.00,11
41,Entry short,2025-04-05 02:00,MR-S | IN:MR,1.55718,1,1.55718,-0.01,-0.71,0,0.01,0.42,-0.01,-0.83,-0.09,0.00,11
42,Exit short,2025-04-08 04:00,MR TP1 | IN:MR | OUT:MR,1.55417,0.2,0.31072,-0.0001,-0.04,0,0.001,0.24,-0.001,-0.20,-0.09,0.00,7
42,Entry short,2025-04-07 21:00,MR-S | IN:MR,1.5536,0.2,0.31072,-0.0001,-0.04,0,0.001,0.24,-0.001,-0.20,-0.09,0.00,7
43,Exit short,2025-04-09 02:00,RUN EXIT | IN:MR | OUT:MR,1.5609,0.8,1.24288,-0.01,-0.47,0,0.01,0.68,-0.01,-0.63,-0.1,0.00,29
43,Entry short,2025-04-07 21:00,MR-S | IN:MR,1.5536,0.8,1.24288,-0.01,-0.47,0,0.01,0.68,-0.01,-0.63,-0.1,0.00,29
44,Exit short,2025-04-10 05:00,MR TP1 | IN:MR | OUT:HYBRID,1.5449,0.2,0.30903,0.0001,0.02,0,0.001,0.28,-0.001,-0.29,-0.1,0.00,5
44,Entry short,2025-04-10 00:00,MR-S | IN:MR,1.54515,0.2,0.30903,0.0001,0.02,0,0.001,0.28,-0.001,-0.29,-0.1,0.00,5
45,Exit short,2025-04-10 20:00,RUN EXIT | IN:MR | OUT:MR,1.56191,0.8,1.23612,-0.01,-1.08,0,0.003,0.28,-0.02,-1.29,-0.11,0.00,20
45,Entry short,2025-04-10 00:00,MR-S | IN:MR,1.54515,0.8,1.23612,-0.01,-1.08,0,0.003,0.28,-0.02,-1.29,-0.11,0.00,20
46,Exit short,2025-04-16 00:00,MR TP1 | IN:MR | OUT:MR,1.57444,0.2,0.314216,-0.001,-0.21,0,0.001,0.24,-0.002,-0.67,-0.11,0.00,47
46,Entry short,2025-04-12 01:00,MR-S | IN:MR,1.57108,0.2,0.314216,-0.001,-0.21,0,0.001,0.24,-0.002,-0.67,-0.11,0.00,47
47,Exit short,2025-04-16 07:00,RUN EXIT | IN:MR | OUT:MR,1.57846,0.8,1.256864,-0.01,-0.47,0,0.003,0.24,-0.01,-0.67,-0.12,0.00,54
47,Entry short,2025-04-12 01:00,MR-S | IN:MR,1.57108,0.8,1.256864,-0.01,-0.47,0,0.003,0.24,-0.01,-0.67,-0.12,0.00,54
48,Exit short,2025-04-17 22:00,MR TP1 | IN:MR | OUT:MR,1.57446,0.2,0.31528,0.0004,0.12,0,0.001,0.20,-0.001,-0.24,-0.12,0.00,15
48,Entry short,2025-04-17 07:00,MR-S | IN:MR,1.5764,0.2,0.31528,0.0004,0.12,0,0.001,0.20,-0.001,-0.24,-0.12,0.00,15
49,Exit short,2025-04-18 17:00,RUN EXIT | IN:MR | OUT:MR,1.57578,0.8,1.26112,0.0005,0.04,0,0.01,0.43,-0.003,-0.24,-0.12,0.00,34
49,Entry short,2025-04-17 07:00,MR-S | IN:MR,1.5764,0.8,1.26112,0.0005,0.04,0,0.01,0.43,-0.003,-0.24,-0.12,0.00,34
50,Exit short,2025-04-23 03:00,MR TP1 | IN:MR | OUT:TREND,1.57734,0.2,0.31855,0.003,0.97,0,0.003,0.99,-0.0003,-0.11,-0.11,0.00,21
50,Entry short,2025-04-22 06:00,MR-S | IN:MR,1.59275,0.2,0.31855,0.003,0.97,0,0.003,0.99,-0.0003,-0.11,-0.11,0.00,21
51,Exit short,2025-04-24 05:00,RUN EXIT | IN:MR | OUT:MR,1.57252,0.8,1.2742,0.02,1.27,0,0.02,1.63,-0.001,-0.11,-0.1,0.00,47
51,Entry short,2025-04-22 06:00,MR-S | IN:MR,1.59275,0.8,1.2742,0.02,1.27,0,0.02,1.63,-0.001,-0.11,-0.1,0.00,47
52,Exit long,2025-04-28 12:00,MR TP1 | IN:MR | OUT:MR,1.5769,0.2,0.315248,0.0001,0.04,0,0.001,0.16,-0.001,-0.33,-0.1,0.00,21
52,Entry long,2025-04-25 15:00,MR-L | IN:MR,1.57624,0.2,0.315248,0.0001,0.04,0,0.001,0.16,-0.001,-0.33,-0.1,0.00,21
53,Exit long,2025-04-28 18:00,RUN EXIT | IN:MR | OUT:MR,1.57402,0.8,1.260992,-0.002,-0.14,0,0.002,0.16,-0.004,-0.33,-0.1,0.00,27
53,Entry long,2025-04-25 15:00,MR-L | IN:MR,1.57624,0.8,1.260992,-0.002,-0.14,0,0.002,0.16,-0.004,-0.33,-0.1,0.00,27
54,Exit long,2025-04-28 23:00,MR TP1 | IN:MR | OUT:MR,1.58014,0.2,0.31558,0.0004,0.14,0,0.001,0.22,-0.0001,-0.03,-0.1,0.00,1
54,Entry long,2025-04-28 22:00,MR-L | IN:MR,1.5779,0.2,0.31558,0.0004,0.14,0,0.001,0.22,-0.0001,-0.03,-0.1,0.00,1
55,Exit long,2025-04-29 16:00,RUN EXIT | IN:MR | OUT:MR,1.57564,0.8,1.26232,-0.002,-0.14,0,0.003,0.25,-0.003,-0.25,-0.1,0.00,18
55,Entry long,2025-04-28 22:00,MR-L | IN:MR,1.5779,0.8,1.26232,-0.002,-0.14,0,0.003,0.25,-0.003,-0.25,-0.1,0.00,18
56,Exit short,2025-04-30 07:00,MR TP1 | IN:MR | OUT:MR,1.57396,0.2,0.315152,0.0004,0.11,0,0.0004,0.14,-0.0001,-0.04,-0.1,0.00,6
56,Entry short,2025-04-30 01:00,MR-S | IN:MR,1.57576,0.2,0.315152,0.0004,0.11,0,0.0004,0.14,-0.0001,-0.04,-0.1,0.00,6
57,Exit short,2025-05-01 16:00,RUN EXIT | IN:MR | OUT:HYBRID,1.56381,0.8,1.260608,0.01,0.76,0,0.01,1.15,-0.0005,-0.04,-0.09,0.00,39
57,Entry short,2025-04-30 01:00,MR-S | IN:MR,1.57576,0.8,1.260608,0.01,0.76,0,0.01,1.15,-0.0005,-0.04,-0.09,0.00,39
58,Exit long,2025-05-06 14:00,MR TP1 | IN:MR | OUT:MR,1.56641,0.2,0.312928,0.0004,0.11,0,0.001,0.18,-0.0001,-0.03,-0.09,0.00,2
58,Entry long,2025-05-06 12:00,MR-L | IN:MR,1.56464,0.2,0.312928,0.0004,0.11,0,0.001,0.18,-0.0001,-0.03,-0.09,0.00,2
59,Exit long,2025-05-07 06:00,RUN EXIT | IN:MR | OUT:MR,1.56169,0.8,1.251712,-0.002,-0.19,0,0.002,0.18,-0.004,-0.30,-0.09,0.00,18
59,Entry long,2025-05-06 12:00,MR-L | IN:MR,1.56464,0.8,1.251712,-0.002,-0.19,0,0.002,0.18,-0.004,-0.30,-0.09,0.00,18
60,Exit short,2025-05-08 17:00,MR FAIL | IN:MR | OUT:MR,1.5659,1,1.56379,-0.002,-0.13,0,0.001,0.09,-0.004,-0.26,-0.09,0.00,15
60,Entry short,2025-05-08 02:00,MR-S | IN:MR,1.56379,1,1.56379,-0.002,-0.13,0,0.001,0.09,-0.004,-0.26,-0.09,0.00,15
61,Exit short,2025-05-09 04:00,MR TP1 | IN:MR | OUT:MR,1.56321,0.2,0.312652,0.00001,0.00,0,0.0004,0.12,-0.0001,-0.04,-0.09,0.00,4
61,Entry short,2025-05-09 00:00,MR-S | IN:MR,1.56326,0.2,0.312652,0.00001,0.00,0,0.0004,0.12,-0.0001,-0.04,-0.09,0.00,4
62,Exit short,2025-05-09 19:00,RUN EXIT | IN:MR | OUT:MR,1.566,0.8,1.250608,-0.002,-0.18,0,0.002,0.15,-0.003,-0.23,-0.1,0.00,19
62,Entry short,2025-05-09 00:00,MR-S | IN:MR,1.56326,0.8,1.250608,-0.002,-0.18,0,0.002,0.15,-0.003,-0.23,-0.1,0.00,19
63,Exit short,2025-05-12 13:00,MR TP1 | IN:MR | OUT:MR,1.56263,0.2,0.312768,0.0002,0.08,0,0.0003,0.11,-0.00002,-0.01,-0.1,0.00,3
63,Entry short,2025-05-12 10:00,MR-S | IN:MR,1.56384,0.2,0.312768,0.0002,0.08,0,0.0003,0.11,-0.00002,-0.01,-0.1,0.00,3
64,Exit short,2025-05-13 11:00,RUN EXIT | IN:MR | OUT:HYBRID,1.55186,0.8,1.251072,0.01,0.77,0,0.01,0.99,-0.0001,-0.01,-0.09,0.00,25
64,Entry short,2025-05-12 10:00,MR-S | IN:MR,1.56384,0.8,1.251072,0.01,0.77,0,0.01,0.99,-0.0001,-0.01,-0.09,0.00,25
65,Exit short,2025-05-16 23:00,MR TP1 | IN:MR | OUT:MR,1.55873,0.2,0.312174,0.0004,0.14,0,0.001,0.21,-0.001,-0.25,-0.09,0.00,23
65,Entry short,2025-05-16 00:00,MR-S | IN:MR,1.56087,0.2,0.312174,0.0004,0.14,0,0.001,0.21,-0.001,-0.25,-0.09,0.00,23
66,Exit short,2025-05-19 13:00,RUN EXIT | IN:MR | OUT:MR,1.56512,0.8,1.248696,-0.003,-0.27,0,0.003,0.27,-0.004,-0.30,-0.09,0.00,37
66,Entry short,2025-05-16 00:00,MR-S | IN:MR,1.56087,0.8,1.248696,-0.003,-0.27,0,0.003,0.27,-0.004,-0.30,-0.09,0.00,37
67,Exit short,2025-05-21 09:00,MR FAIL | IN:MR | OUT:MR,1.57322,1,1.5645,-0.01,-0.56,0,0.001,0.04,-0.01,-0.60,-0.1,0.00,14
67,Entry short,2025-05-20 19:00,MR-S | IN:MR,1.5645,1,1.5645,-0.01,-0.56,0,0.001,0.04,-0.01,-0.60,-0.1,0.00,14
68,Exit short,2025-05-22 16:00,MR TP1 | IN:MR | OUT:MR,1.56736,0.2,0.313564,0.0001,0.03,0,0.0003,0.10,-0.001,-0.24,-0.1,0.00,18
68,Entry short,2025-05-21 22:00,MR-S | IN:MR,1.56782,0.2,0.313564,0.0001,0.03,0,0.0003,0.10,-0.001,-0.24,-0.1,0.00,18
69,Exit short,2025-05-23 15:00,RUN EXIT | IN:MR | OUT:MR,1.56712,0.8,1.254256,0.001,0.04,0,0.01,0.44,-0.003,-0.24,-0.1,0.00,41
69,Entry short,2025-05-21 22:00,MR-S | IN:MR,1.56782,0.8,1.254256,0.001,0.04,0,0.01,0.44,-0.003,-0.24,-0.1,0.00,41
70,Exit long,2025-05-26 19:00,MR FAIL | IN:MR | OUT:MR,1.56126,1,1.56283,-0.002,-0.10,0,0.002,0.12,-0.003,-0.20,-0.1,0.00,10
70,Entry long,2025-05-26 09:00,MR-L | IN:MR,1.56283,1,1.56283,-0.002,-0.10,0,0.002,0.12,-0.003,-0.20,-0.1,0.00,10
71,Exit long,2025-05-27 22:00,MR FAIL | IN:MR | OUT:MR,1.56025,1,1.56303,-0.003,-0.18,0,0.003,0.18,-0.004,-0.23,-0.1,0.00,26
71,Entry long,2025-05-26 20:00,MR-L | IN:MR,1.56303,1,1.56303,-0.003,-0.18,0,0.003,0.18,-0.004,-0.23,-0.1,0.00,26
72,Exit long,2025-05-28 05:00,MR TP1 | IN:MR | OUT:MR,1.56614,0.2,0.313212,0.00002,0.01,0,0.0003,0.10,-0.0004,-0.14,-0.1,0.00,3
72,Entry long,2025-05-28 02:00,MR-L | IN:MR,1.56606,0.2,0.313212,0.00002,0.01,0,0.0003,0.10,-0.0004,-0.14,-0.1,0.00,3
73,Exit long,2025-05-28 22:00,RUN EXIT | IN:MR | OUT:MR,1.55952,0.8,1.252848,-0.01,-0.42,0,0.001,0.10,-0.01,-0.42,-0.11,0.00,20
73,Entry long,2025-05-28 02:00,MR-L | IN:MR,1.56606,0.8,1.252848,-0.01,-0.42,0,0.001,0.10,-0.01,-0.42,-0.11,0.00,20
74,Exit long,2025-05-30 01:00,MR TP1 | IN:MR | OUT:MR,1.56963,0.2,0.313696,0.0002,0.07,0,0.001,0.16,-0.0003,-0.10,-0.11,0.00,5
74,Entry long,2025-05-29 20:00,MR-L | IN:MR,1.56848,0.2,0.313696,0.0002,0.07,0,0.001,0.16,-0.0003,-0.10,-0.11,0.00,5
75,Exit long,2025-05-30 18:00,RUN EXIT | IN:MR | OUT:MR,1.56555,0.8,1.254784,-0.002,-0.19,0,0.003,0.24,-0.004,-0.31,-0.11,0.00,22
75,Entry long,2025-05-29 20:00,MR-L | IN:MR,1.56848,0.8,1.254784,-0.002,-0.19,0,0.003,0.24,-0.004,-0.31,-0.11,0.00,22
76,Exit long,2025-06-03 01:00,MR TP1 | IN:MR | OUT:TREND,1.56876,0.2,0.312886,0.001,0.28,0,0.001,0.29,-0.0003,-0.11,-0.11,0.00,7
76,Entry long,2025-06-02 18:00,MR-L | IN:MR,1.56443,0.2,0.312886,0.001,0.28,0,0.001,0.29,-0.0003,-0.11,-0.11,0.00,7
77,Exit long,2025-06-03 19:00,RUN EXIT | IN:MR | OUT:MR,1.56266,0.8,1.251544,-0.001,-0.11,0,0.01,0.41,-0.002,-0.15,-0.11,0.00,25
77,Entry long,2025-06-02 18:00,MR-L | IN:MR,1.56443,0.8,1.251544,-0.001,-0.11,0,0.01,0.41,-0.002,-0.15,-0.11,0.00,25
78,Exit long,2025-06-05 01:00,MR FAIL | IN:MR | OUT:MR,1.56055,1,1.5612,-0.001,-0.04,0,0.0001,0.01,-0.001,-0.07,-0.11,0.00,2
78,Entry long,2025-06-04 23:00,MR-L | IN:MR,1.5612,1,1.5612,-0.001,-0.04,0,0.0001,0.01,-0.001,-0.07,-0.11,0.00,2
79,Exit long,2025-06-05 15:00,MR FAIL | IN:MR | OUT:MR,1.55935,1,1.5613,-0.002,-0.12,0,0.002,0.12,-0.002,-0.16,-0.11,0.00,13
79,Entry long,2025-06-05 02:00,MR-L | IN:MR,1.5613,1,1.5613,-0.002,-0.12,0,0.002,0.12,-0.002,-0.16,-0.11,0.00,13
80,Exit long,2025-06-06 04:00,MR TP1 | IN:MR | OUT:MR,1.56512,0.2,0.313296,-0.0003,-0.09,0,0.0001,0.02,-0.001,-0.31,-0.11,0.00,8
80,Entry long,2025-06-05 20:00,MR-L | IN:MR,1.56648,0.2,0.313296,-0.0003,-0.09,0,0.0001,0.02,-0.001,-0.31,-0.11,0.00,8
81,Exit long,2025-06-06 19:00,RUN EXIT | IN:MR | OUT:MR,1.55918,0.8,1.253184,-0.01,-0.47,0,0.0002,0.02,-0.01,-0.52,-0.12,0.00,23
81,Entry long,2025-06-05 20:00,MR-L | IN:MR,1.56648,0.8,1.253184,-0.01,-0.47,0,0.0002,0.02,-0.01,-0.52,-0.12,0.00,23
82,Exit long,2025-06-09 17:00,MR TP1 | IN:MR | OUT:MR,1.56185,0.2,0.31261,-0.0002,-0.08,0,0.0002,0.08,-0.0004,-0.11,-0.12,0.00,5
82,Entry long,2025-06-09 12:00,MR-L | IN:MR,1.56305,0.2,0.31261,-0.0002,-0.08,0,0.0002,0.08,-0.0004,-0.11,-0.12,0.00,5
83,Exit long,2025-06-11 02:00,RUN EXIT | IN:MR | OUT:MR,1.56237,0.8,1.25044,-0.001,-0.04,0,0.003,0.24,-0.003,-0.28,-0.12,0.00,38
83,Entry long,2025-06-09 12:00,MR-L | IN:MR,1.56305,0.8,1.25044,-0.001,-0.04,0,0.003,0.24,-0.003,-0.28,-0.12,0.00,38
84,Exit short,2025-06-14 01:00,MR TP1 | IN:HYBRID | OUT:HYBRID,1.56876,0.2,0.315,0.001,0.40,0,0.002,0.50,-0.001,-0.25,-0.12,0.00,26
84,Entry short,2025-06-12 23:00,MR-S | IN:HYBRID,1.575,0.2,0.315,0.001,0.40,0,0.002,0.50,-0.001,-0.25,-0.12,0.00,26
85,Exit short,2025-06-16 20:00,RUN EXIT | IN:HYBRID | OUT:MR,1.57199,0.8,1.26,0.002,0.19,0,0.01,0.55,-0.003,-0.25,-0.12,0.00,45
85,Entry short,2025-06-12 23:00,MR-S | IN:HYBRID,1.575,0.8,1.26,0.002,0.19,0,0.01,0.55,-0.003,-0.25,-0.12,0.00,45
86,Exit long,2025-06-18 10:00,MR TP1 | IN:MR | OUT:MR,1.57135,0.2,0.314124,0.0001,0.05,0,0.0003,0.10,-0.00003,-0.01,-0.12,0.00,5
86,Entry long,2025-06-18 05:00,MR-L | IN:MR,1.57062,0.2,0.314124,0.0001,0.05,0,0.0003,0.10,-0.00003,-0.01,-0.12,0.00,5
87,Exit long,2025-06-19 08:00,RUN EXIT | IN:MR | OUT:MR,1.57042,0.8,1.256496,-0.0002,-0.01,0,0.01,0.45,-0.001,-0.09,-0.12,0.00,27
87,Entry long,2025-06-18 05:00,MR-L | IN:MR,1.57062,0.8,1.256496,-0.0002,-0.01,0,0.01,0.45,-0.001,-0.09,-0.12,0.00,27
88,Exit short,2025-06-23 22:00,MR FAIL | IN:MR | OUT:MR,1.5891,1,1.58204,-0.01,-0.45,0,0.003,0.17,-0.01,-0.45,-0.12,0.00,7
88,Entry short,2025-06-23 15:00,MR-S | IN:MR,1.58204,1,1.58204,-0.01,-0.45,0,0.003,0.17,-0.01,-0.45,-0.12,0.00,7
89,Exit short,2025-06-25 08:00,MR FAIL | IN:TREND | OUT:MR,1.59578,1,1.59101,-0.005,-0.30,0,0.003,0.22,-0.005,-0.31,-0.13,0.00,15
89,Entry short,2025-06-24 17:00,MR-S | IN:TREND,1.59101,1,1.59101,-0.005,-0.30,0,0.003,0.22,-0.005,-0.31,-0.13,0.00,15
90,Exit short,2025-06-26 03:00,MR FAIL | IN:MR | OUT:HYBRID,1.60023,1,1.59404,-0.01,-0.39,0,0.003,0.17,-0.01,-0.43,-0.13,0.00,14
90,Entry short,2025-06-25 13:00,MR-S | IN:MR,1.59404,1,1.59404,-0.01,-0.39,0,0.003,0.17,-0.01,-0.43,-0.13,0.00,14
91,Exit short,2025-06-27 15:00,MR TP1 | IN:MR | OUT:TREND,1.5974,0.2,0.319284,-0.0002,-0.06,0,0.001,0.16,-0.001,-0.17,-0.13,0.00,18
91,Entry short,2025-06-26 21:00,MR-S | IN:MR,1.59642,0.2,0.319284,-0.0002,-0.06,0,0.001,0.16,-0.001,-0.17,-0.13,0.00,18
92,Exit short,2025-06-28 00:00,RUN EXIT | IN:MR | OUT:HYBRID,1.60719,0.8,1.277136,-0.01,-0.67,0,0.002,0.16,-0.01,-0.80,-0.14,0.00,27
92,Entry short,2025-06-26 21:00,MR-S | IN:MR,1.59642,0.8,1.277136,-0.01,-0.67,0,0.002,0.16,-0.01,-0.80,-0.14,0.00,27
93,Exit short,2025-07-01 10:00,MR FAIL | IN:MR | OUT:MR,1.60458,1,1.60074,-0.004,-0.24,0,0.001,0.05,-0.01,-0.36,-0.15,0.00,15
93,Entry short,2025-06-30 19:00,MR-S | IN:MR,1.60074,1,1.60074,-0.004,-0.24,0,0.001,0.05,-0.01,-0.36,-0.15,0.00,15
94,Exit short,2025-07-01 16:00,MR FAIL | IN:MR | OUT:MR,1.60625,1,1.6037,-0.003,-0.16,0,0.002,0.14,-0.004,-0.26,-0.15,0.00,5
94,Entry short,2025-07-01 11:00,MR-S | IN:MR,1.6037,1,1.6037,-0.003,-0.16,0,0.002,0.14,-0.004,-0.26,-0.15,0.00,5
95,Exit short,2025-07-03 04:00,MR TP1 | IN:MR | OUT:TREND,1.60305,0.2,0.321296,0.001,0.21,0,0.001,0.28,-0.0002,-0.07,-0.15,0.00,12
95,Entry short,2025-07-02 16:00,MR-S | IN:MR,1.60648,0.2,0.321296,0.001,0.21,0,0.001,0.28,-0.0002,-0.07,-0.15,0.00,12
96,Exit short,2025-07-04 12:00,RUN EXIT | IN:MR | OUT:HYBRID,1.5992,0.8,1.285184,0.01,0.45,0,0.01,0.84,-0.001,-0.07,-0.14,0.00,44
96,Entry short,2025-07-02 16:00,MR-S | IN:MR,1.60648,0.8,1.285184,0.01,0.45,0,0.01,0.84,-0.001,-0.07,-0.14,0.00,44
97,Exit short,2025-07-08 07:00,MR FAIL | IN:MR | OUT:MR,1.6036,1,1.59876,-0.005,-0.30,0,0.001,0.04,-0.01,-0.39,-0.15,0.00,8
97,Entry short,2025-07-07 23:00,MR-S | IN:MR,1.59876,1,1.59876,-0.005,-0.30,0,0.001,0.04,-0.01,-0.39,-0.15,0.00,8
98,Exit short,2025-07-09 07:00,MR FAIL | IN:MR | OUT:MR,1.60316,1,1.60077,-0.002,-0.15,0,0.002,0.11,-0.004,-0.25,-0.15,0.00,13
98,Entry short,2025-07-08 18:00,MR-S | IN:MR,1.60077,1,1.60077,-0.002,-0.15,0,0.002,0.11,-0.004,-0.25,-0.15,0.00,13
99,Exit short,2025-07-09 14:00,MR FAIL | IN:MR | OUT:MR,1.60254,1,1.60198,-0.001,-0.03,0,0.0004,0.03,-0.001,-0.07,-0.15,0.00,4
99,Entry short,2025-07-09 10:00,MR-S | IN:MR,1.60198,1,1.60198,-0.001,-0.03,0,0.0004,0.03,-0.001,-0.07,-0.15,0.00,4
100,Exit short,2025-07-10 23:00,MR TP1 | IN:MR | OUT:HYBRID,1.5988,0.2,0.320564,0.001,0.25,0,0.001,0.33,-0.0001,-0.03,-0.15,0.00,5
100,Entry short,2025-07-10 18:00,MR-S | IN:MR,1.60282,0.2,0.320564,0.001,0.25,0,0.001,0.33,-0.0001,-0.03,-0.15,0.00,5
101,Exit short,2025-07-11 17:00,RUN EXIT | IN:MR | OUT:MR,1.60085,0.8,1.282256,0.002,0.12,0,0.005,0.38,-0.0004,-0.03,-0.15,0.00,23
101,Entry short,2025-07-10 18:00,MR-S | IN:MR,1.60282,0.8,1.282256,0.002,0.12,0,0.005,0.38,-0.0004,-0.03,-0.15,0.00,23
102,Exit long,2025-07-15 20:00,MR FAIL | IN:MR | OUT:MR,1.59484,1,1.59932,-0.004,-0.28,0,0.002,0.13,-0.01,-0.33,-0.15,0.00,28
102,Entry long,2025-07-14 16:00,MR-L | IN:MR,1.59932,1,1.59932,-0.004,-0.28,0,0.002,0.13,-0.01,-0.33,-0.15,0.00,28
103,Exit long,2025-07-18 07:00,MR TP1 | IN:TREND | OUT:MR,1.59662,0.2,0.318988,0.0003,0.11,0,0.002,0.56,-0.001,-0.39,-0.15,0.00,40
103,Entry long,2025-07-16 15:00,MR-L | IN:TREND,1.59494,0.2,0.318988,0.0003,0.11,0,0.002,0.56,-0.001,-0.39,-0.15,0.00,40
104,Exit long,2025-07-21 04:00,RUN EXIT | IN:TREND | OUT:MR,1.59652,0.8,1.275952,0.001,0.10,0,0.01,0.56,-0.005,-0.39,-0.15,0.00,61
104,Entry long,2025-07-16 15:00,MR-L | IN:TREND,1.59494,0.8,1.275952,0.001,0.10,0,0.01,0.56,-0.005,-0.39,-0.15,0.00,61
105,Exit short,2025-07-23 11:00,MR TP1 | IN:MR | OUT:HYBRID,1.59588,0.2,0.31974,0.001,0.18,0,0.001,0.20,-0.0004,-0.12,-0.15,0.00,14
105,Entry short,2025-07-22 21:00,MR-S | IN:MR,1.5987,0.2,0.31974,0.001,0.18,0,0.001,0.20,-0.0004,-0.12,-0.15,0.00,14
106,Exit short,2025-07-24 02:00,RUN EXIT | IN:MR | OUT:MR,1.60054,0.8,1.27896,-0.001,-0.12,0,0.01,0.42,-0.003,-0.20,-0.15,0.00,29
106,Entry short,2025-07-22 21:00,MR-S | IN:MR,1.5987,0.8,1.27896,-0.001,-0.12,0,0.01,0.42,-0.003,-0.20,-0.15,0.00,29
107,Exit short,2025-07-28 22:00,MR TP1 | IN:MR | OUT:TREND,1.5926,0.2,0.320776,0.002,0.70,0,0.002,0.70,-0.0002,-0.07,-0.15,0.00,8
107,Entry short,2025-07-28 14:00,MR-S | IN:MR,1.60388,0.2,0.320776,0.002,0.70,0,0.002,0.70,-0.0002,-0.07,-0.15,0.00,8
108,Exit short,2025-07-29 21:00,RUN EXIT | IN:MR | OUT:MR,1.5883,0.8,1.283104,0.01,0.97,0,0.01,1.16,-0.001,-0.07,-0.14,0.00,31
108,Entry short,2025-07-28 14:00,MR-S | IN:MR,1.60388,0.8,1.283104,0.01,0.97,0,0.01,1.16,-0.001,-0.07,-0.14,0.00,31
109,Exit long,2025-08-01 22:00,MR TP1 | IN:MR | OUT:TREND,1.59224,0.2,0.316226,0.002,0.70,0,0.003,0.90,-0.0002,-0.07,-0.14,0.00,20
109,Entry long,2025-08-01 02:00,MR-L | IN:MR,1.58113,0.2,0.316226,0.002,0.70,0,0.003,0.90,-0.0002,-0.07,-0.14,0.00,20
110,Exit long,2025-08-04 20:00,RUN EXIT | IN:MR | OUT:MR,1.59299,0.8,1.264904,0.01,0.75,0,0.01,1.11,-0.001,-0.07,-0.13,0.00,42
110,Entry long,2025-08-01 02:00,MR-L | IN:MR,1.58113,0.8,1.264904,0.01,0.75,0,0.01,1.11,-0.001,-0.07,-0.13,0.00,42
111,Exit short,2025-08-11 11:00,MR FAIL | IN:MR | OUT:MR,1.60498,1,1.60032,-0.005,-0.29,0,0.003,0.21,-0.005,-0.30,-0.13,0.00,37
111,Entry short,2025-08-07 22:00,MR-S | IN:MR,1.60032,1,1.60032,-0.005,-0.29,0,0.003,0.21,-0.005,-0.30,-0.13,0.00,37
112,Exit short,2025-08-12 04:00,MR TP1 | IN:MR | OUT:MR,1.60084,0.2,0.320452,0.0003,0.09,0,0.001,0.23,-0.00002,-0.01,-0.13,0.00,9
112,Entry short,2025-08-11 19:00,MR-S | IN:MR,1.60226,0.2,0.320452,0.0003,0.09,0,0.001,0.23,-0.00002,-0.01,-0.13,0.00,9
113,Exit short,2025-08-12 19:00,RUN EXIT | IN:MR | OUT:MR,1.60425,0.8,1.281808,-0.002,-0.12,0,0.003,0.23,-0.003,-0.21,-0.13,0.00,24
113,Entry short,2025-08-11 19:00,MR-S | IN:MR,1.60226,0.8,1.281808,-0.002,-0.12,0,0.003,0.23,-0.003,-0.21,-0.13,0.00,24
114,Exit short,2025-08-15 16:00,MR FAIL | IN:HYBRID | OUT:MR,1.61214,1,1.61014,-0.002,-0.12,0,0.004,0.22,-0.002,-0.14,-0.13,0.00,38
114,Entry short,2025-08-14 02:00,MR-S | IN:HYBRID,1.61014,1,1.61014,-0.002,-0.12,0,0.004,0.22,-0.002,-0.14,-0.13,0.00,38
115,Exit short,2025-08-19 03:00,MR TP1 | IN:MR | OUT:TREND,1.60956,0.2,0.322268,0.0004,0.11,0,0.0005,0.15,-0.0005,-0.15,-0.13,0.00,12
115,Entry short,2025-08-18 15:00,MR-S | IN:MR,1.61134,0.2,0.322268,0.0004,0.11,0,0.0005,0.15,-0.0005,-0.15,-0.13,0.00,12
116,Exit short,2025-08-19 17:00,RUN EXIT | IN:MR | OUT:MR,1.61432,0.8,1.289072,-0.002,-0.18,0,0.003,0.21,-0.003,-0.22,-0.14,0.00,26
116,Entry short,2025-08-18 15:00,MR-S | IN:MR,1.61134,0.8,1.289072,-0.002,-0.18,0,0.003,0.21,-0.003,-0.22,-0.14,0.00,26
117,Exit short,2025-08-21 14:00,MR FAIL | IN:MR | OUT:MR,1.618,1,1.61385,-0.004,-0.26,0,0.0003,0.02,-0.004,-0.27,-0.14,0.00,1
117,Entry short,2025-08-21 13:00,MR-S | IN:MR,1.61385,1,1.61385,-0.004,-0.26,0,0.0003,0.02,-0.004,-0.27,-0.14,0.00,1
118,Exit short,2025-08-22 06:00,MR TP1 | IN:MR | OUT:MR,1.61424,0.2,0.323016,0.0002,0.05,0,0.001,0.16,-0.0001,-0.03,-0.14,0.00,10
118,Entry short,2025-08-21 20:00,MR-S | IN:MR,1.61508,0.2,0.323016,0.0002,0.05,0,0.001,0.16,-0.0001,-0.03,-0.14,0.00,10
119,Exit short,2025-08-22 21:00,RUN EXIT | IN:MR | OUT:MR,1.62113,0.8,1.292064,-0.005,-0.37,0,0.003,0.21,-0.01,-0.41,-0.14,0.00,25
119,Entry short,2025-08-21 20:00,MR-S | IN:MR,1.61508,0.8,1.292064,-0.005,-0.37,0,0.003,0.21,-0.01,-0.41,-0.14,0.00,25
120,Exit short,2025-08-26 01:00,MR TP1 | IN:MR | OUT:TREND,1.60968,0.2,0.323552,0.002,0.50,0,0.002,0.51,-0.0001,-0.03,-0.14,0.00,7
120,Entry short,2025-08-25 18:00,MR-S | IN:MR,1.61776,0.2,0.323552,0.002,0.50,0,0.002,0.51,-0.0001,-0.03,-0.14,0.00,7
121,Exit short,2025-08-26 23:00,RUN EXIT | IN:MR | OUT:MR,1.61094,0.8,1.294208,0.01,0.42,0,0.01,0.59,-0.0004,-0.03,-0.14,0.00,29
121,Entry short,2025-08-25 18:00,MR-S | IN:MR,1.61776,0.8,1.294208,0.01,0.42,0,0.01,0.59,-0.0004,-0.03,-0.14,0.00,29
122,Exit long,2025-09-01 08:00,MR TP1 | IN:MR | OUT:MR,1.60682,0.2,0.321348,0.00002,0.00,0,0.0002,0.06,-0.001,-0.24,-0.14,0.00,33
122,Entry long,2025-08-28 23:00,MR-L | IN:MR,1.60674,0.2,0.321348,0.00002,0.00,0,0.0002,0.06,-0.001,-0.24,-0.14,0.00,33
123,Exit long,2025-09-02 10:00,RUN EXIT | IN:MR | OUT:MR,1.60856,0.8,1.285392,0.001,0.11,0,0.005,0.36,-0.003,-0.24,-0.14,0.00,59
123,Entry long,2025-08-28 23:00,MR-L | IN:MR,1.60674,0.8,1.285392,0.001,0.11,0,0.005,0.36,-0.003,-0.24,-0.14,0.00,59
124,Exit long,2025-09-04 01:00,MR TP1 | IN:MR | OUT:HYBRID,1.60895,0.2,0.321646,0.0001,0.04,0,0.0004,0.14,-0.0004,-0.13,-0.14,0.00,9
124,Entry long,2025-09-03 16:00,MR-L | IN:MR,1.60823,0.2,0.321646,0.0001,0.04,0,0.0004,0.14,-0.0004,-0.13,-0.14,0.00,9
125,Exit long,2025-09-08 13:00,RUN EXIT | IN:MR | OUT:HYBRID,1.62135,0.8,1.286584,0.01,0.82,0,0.01,1.09,-0.002,-0.13,-0.13,0.00,69
125,Entry long,2025-09-03 16:00,MR-L | IN:MR,1.60823,0.8,1.286584,0.01,0.82,0,0.01,1.09,-0.002,-0.13,-0.13,0.00,69
126,Exit short,2025-09-12 23:00,MR FAIL | IN:MR | OUT:MR,1.62414,1,1.62132,-0.003,-0.17,0,0.0004,0.03,-0.003,-0.21,-0.13,0.00,4
126,Entry short,2025-09-12 19:00,MR-S | IN:MR,1.62132,1,1.62132,-0.003,-0.17,0,0.0004,0.03,-0.003,-0.21,-0.13,0.00,4
127,Exit short,2025-09-15 17:00,MR FAIL | IN:MR | OUT:MR,1.62473,1,1.62308,-0.002,-0.10,0,0.002,0.11,-0.003,-0.17,-0.13,0.00,7
127,Entry short,2025-09-15 10:00,MR-S | IN:MR,1.62308,1,1.62308,-0.002,-0.10,0,0.002,0.11,-0.003,-0.17,-0.13,0.00,7
128,Exit short,2025-09-16 05:00,MR TP1 | IN:MR | OUT:MR,1.62046,0.2,0.324434,0.0003,0.11,0,0.0005,0.15,-0.00004,-0.01,-0.13,0.00,5
128,Entry short,2025-09-16 00:00,MR-S | IN:MR,1.62217,0.2,0.324434,0.0003,0.11,0,0.0005,0.15,-0.00004,-0.01,-0.13,0.00,5
129,Exit short,2025-09-16 17:00,RUN EXIT | IN:MR | OUT:MR,1.62511,0.8,1.297736,-0.002,-0.18,0,0.002,0.15,-0.004,-0.29,-0.13,0.00,17
129,Entry short,2025-09-16 00:00,MR-S | IN:MR,1.62217,0.8,1.297736,-0.002,-0.18,0,0.002,0.15,-0.004,-0.29,-0.13,0.00,17
130,Exit short,2025-09-18 23:00,MR TP1 | IN:HYBRID | OUT:MR,1.6267,0.2,0.325632,0.0003,0.09,0,0.001,0.37,-0.002,-0.48,-0.13,0.00,30
130,Entry short,2025-09-17 17:00,MR-S | IN:HYBRID,1.62816,0.2,0.325632,0.0003,0.09,0,0.001,0.37,-0.002,-0.48,-0.13,0.00,30
131,Exit short,2025-09-22 15:00,RUN EXIT | IN:HYBRID | OUT:MR,1.62382,0.8,1.302528,0.003,0.27,0,0.01,0.69,-0.01,-0.48,-0.13,0.00,70
131,Entry short,2025-09-17 17:00,MR-S | IN:HYBRID,1.62816,0.8,1.302528,0.003,0.27,0,0.01,0.69,-0.01,-0.48,-0.13,0.00,70
132,Exit short,2025-09-25 19:00,MR TP1 | IN:MR | OUT:MR,1.62658,0.2,0.326794,0.001,0.45,0,0.002,0.51,-0.0001,-0.03,-0.13,0.00,36
132,Entry short,2025-09-24 07:00,MR-S | IN:MR,1.63397,0.2,0.326794,0.001,0.45,0,0.002,0.51,-0.0001,-0.03,-0.13,0.00,36
133,Exit short,2025-09-26 15:00,RUN EXIT | IN:MR | OUT:MR,1.62904,0.8,1.307176,0.004,0.30,0,0.01,0.61,-0.0005,-0.03,-0.12,0.00,56
133,Entry short,2025-09-24 07:00,MR-S | IN:MR,1.63397,0.8,1.307176,0.004,0.30,0,0.01,0.61,-0.0005,-0.03,-0.12,0.00,56
134,Exit short,2025-09-30 17:00,MR FAIL | IN:MR | OUT:MR,1.63495,1,1.6317,-0.003,-0.20,0,0.001,0.08,-0.004,-0.24,-0.13,0.00,12
134,Entry short,2025-09-30 05:00,MR-S | IN:MR,1.6317,1,1.6317,-0.003,-0.20,0,0.001,0.08,-0.004,-0.24,-0.13,0.00,12
135,Exit short,2025-10-02 14:00,MR FAIL | IN:MR | OUT:MR,1.63756,1,1.63538,-0.002,-0.13,0,0.001,0.03,-0.003,-0.16,-0.13,0.00,7
135,Entry short,2025-10-02 07:00,MR-S | IN:MR,1.63538,1,1.63538,-0.002,-0.13,0,0.001,0.03,-0.003,-0.16,-0.13,0.00,7
136,Exit short,2025-10-03 15:00,MR FAIL | IN:MR | OUT:MR,1.63899,1,1.63452,-0.004,-0.27,0,0.0002,0.01,-0.01,-0.31,-0.13,0.00,17
136,Entry short,2025-10-02 22:00,MR-S | IN:MR,1.63452,1,1.63452,-0.004,-0.27,0,0.0002,0.01,-0.01,-0.31,-0.13,0.00,17
137,Exit short,2025-10-06 13:00,MR TP1 | IN:MR | OUT:TREND,1.63086,0.2,0.327428,0.001,0.38,0,0.001,0.39,-0.0001,-0.02,-0.13,0.00,9
137,Entry short,2025-10-06 04:00,MR-S | IN:MR,1.63714,0.2,0.327428,0.001,0.38,0,0.001,0.39,-0.0001,-0.02,-0.13,0.00,9
138,Exit short,2025-10-07 07:00,RUN EXIT | IN:MR | OUT:MR,1.63321,0.8,1.309712,0.003,0.24,0,0.01,0.67,-0.0002,-0.02,-0.13,0.00,27
138,Entry short,2025-10-06 04:00,MR-S | IN:MR,1.63714,0.8,1.309712,0.003,0.24,0,0.01,0.67,-0.0002,-0.02,-0.13,0.00,27
139,Exit long,2025-10-11 02:00,MR TP1 | IN:MR | OUT:MR,1.6259,0.2,0.324514,0.001,0.21,0,0.001,0.38,-0.001,-0.32,-0.13,0.00,44
139,Entry long,2025-10-09 06:00,MR-L | IN:MR,1.62257,0.2,0.324514,0.001,0.21,0,0.001,0.38,-0.001,-0.32,-0.13,0.00,44
140,Exit long,2025-10-13 19:00,RUN EXIT | IN:MR | OUT:MR,1.62106,0.8,1.298056,-0.001,-0.09,0,0.005,0.38,-0.004,-0.32,-0.13,0.00,61
140,Entry long,2025-10-09 06:00,MR-L | IN:MR,1.62257,0.8,1.298056,-0.001,-0.09,0,0.005,0.38,-0.004,-0.32,-0.13,0.00,61
141,Exit short,2025-10-16 21:00,MR FAIL | IN:MR | OUT:HYBRID,1.63906,1,1.63494,-0.004,-0.25,0,0.001,0.05,-0.004,-0.26,-0.13,0.00,8
141,Entry short,2025-10-16 13:00,MR-S | IN:MR,1.63494,1,1.63494,-0.004,-0.25,0,0.001,0.05,-0.004,-0.26,-0.13,0.00,8
142,Exit long,2025-10-17 19:00,TF EXIT | IN:HYBRID | OUT:MR,1.63928,1,1.63906,0.0002,0.01,0,0.01,0.47,-0.001,-0.07,-0.13,0.00,22
142,Entry long,2025-10-16 21:00,TF-L | IN:HYBRID,1.63906,1,1.63906,0.0002,0.01,0,0.01,0.47,-0.001,-0.07,-0.13,0.00,22
143,Exit short,2025-10-20 10:00,MR TP1 | IN:MR | OUT:TREND,1.63468,0.2,0.327856,0.001,0.28,0,0.001,0.39,-0.0001,-0.05,-0.13,0.00,15
143,Entry short,2025-10-17 19:00,MR-S | IN:MR,1.63928,0.2,0.327856,0.001,0.28,0,0.001,0.39,-0.0001,-0.05,-0.13,0.00,15
144,Exit short,2025-10-23 14:00,RUN EXIT | IN:MR | OUT:MR,1.62326,0.8,1.311424,0.01,0.98,0,0.01,1.08,-0.001,-0.05,-0.12,0.00,91
144,Entry short,2025-10-17 19:00,MR-S | IN:MR,1.63928,0.8,1.311424,0.01,0.98,0,0.01,1.08,-0.001,-0.05,-0.12,0.00,91
145,Exit long,2025-10-24 16:00,MR TP1 | IN:MR | OUT:TREND,1.6279,0.2,0.324634,0.001,0.29,0,0.001,0.34,-0.0002,-0.05,-0.12,0.00,21
145,Entry long,2025-10-23 19:00,MR-L | IN:MR,1.62317,0.2,0.324634,0.001,0.29,0,0.001,0.34,-0.0002,-0.05,-0.12,0.00,21
146,Exit long,2025-10-27 11:00,RUN EXIT | IN:MR | OUT:MR,1.62621,0.8,1.298536,0.002,0.19,0,0.01,0.60,-0.001,-0.05,-0.12,0.00,40
146,Entry long,2025-10-23 19:00,MR-L | IN:MR,1.62317,0.8,1.298536,0.002,0.19,0,0.01,0.60,-0.001,-0.05,-0.12,0.00,40
147,Exit short,2025-10-29 04:00,MR TP1 | IN:HYBRID | OUT:MR,1.62492,0.2,0.324964,-0.00002,-0.01,0,0.0002,0.07,-0.0004,-0.13,-0.12,0.00,6
147,Entry short,2025-10-28 22:00,MR-S | IN:HYBRID,1.62482,0.2,0.324964,-0.00002,-0.01,0,0.0002,0.07,-0.0004,-0.13,-0.12,0.00,6
148,Exit short,2025-10-30 10:00,RUN EXIT | IN:HYBRID | OUT:MR,1.61891,0.8,1.299856,0.005,0.36,0,0.01,0.63,-0.002,-0.13,-0.11,0.00,36
148,Entry short,2025-10-28 22:00,MR-S | IN:HYBRID,1.62482,0.8,1.299856,0.005,0.36,0,0.01,0.63,-0.002,-0.13,-0.11,0.00,36
149,Exit long,2025-11-04 04:00,MR TP1 | IN:HYBRID | OUT:MR,1.61904,0.2,0.323476,0.0003,0.10,0,0.001,0.25,-0.0002,-0.06,-0.11,0.00,11
149,Entry long,2025-11-03 17:00,MR-L | IN:HYBRID,1.61738,0.2,0.323476,0.0003,0.10,0,0.001,0.25,-0.0002,-0.06,-0.11,0.00,11
150,Exit long,2025-11-04 21:00,RUN EXIT | IN:HYBRID | OUT:MR,1.61714,0.8,1.293904,-0.0002,-0.01,0,0.004,0.27,-0.001,-0.08,-0.11,0.00,28
150,Entry long,2025-11-03 17:00,MR-L | IN:HYBRID,1.61738,0.8,1.293904,-0.0002,-0.01,0,0.004,0.27,-0.001,-0.08,-0.11,0.00,28
151,Exit short,2025-11-06 09:00,MR FAIL | IN:MR | OUT:MR,1.62242,1,1.62133,-0.001,-0.07,0,0.001,0.04,-0.002,-0.12,-0.11,0.00,5
151,Entry short,2025-11-06 04:00,MR-S | IN:MR,1.62133,1,1.62133,-0.001,-0.07,0,0.001,0.04,-0.002,-0.12,-0.11,0.00,5
152,Exit short,2025-11-10 10:00,MR TP1 | IN:TREND | OUT:HYBRID,1.62153,0.2,0.325608,0.001,0.40,0,0.001,0.43,-0.001,-0.20,-0.11,0.00,21
152,Entry short,2025-11-07 13:00,MR-S | IN:TREND,1.62804,0.2,0.325608,0.001,0.40,0,0.001,0.43,-0.001,-0.20,-0.11,0.00,21
153,Exit short,2025-11-11 10:00,RUN EXIT | IN:TREND | OUT:MR,1.62176,0.8,1.302432,0.01,0.39,0,0.01,0.53,-0.003,-0.20,-0.11,0.00,45
153,Entry short,2025-11-07 13:00,MR-S | IN:TREND,1.62804,0.8,1.302432,0.01,0.39,0,0.01,0.53,-0.003,-0.20,-0.11,0.00,45
154,Exit long,2025-11-13 06:00,MR TP1 | IN:MR | OUT:MR,1.62372,0.2,0.324724,0.00002,0.01,0,0.0001,0.04,-0.0001,-0.02,-0.11,0.00,2
154,Entry long,2025-11-13 04:00,MR-L | IN:MR,1.62362,0.2,0.324724,0.00002,0.01,0,0.0001,0.04,-0.0001,-0.02,-0.11,0.00,2
155,Exit long,2025-11-14 17:00,RUN EXIT | IN:MR | OUT:HYBRID,1.63061,0.8,1.298896,0.01,0.43,0,0.01,0.65,-0.002,-0.12,-0.1,0.00,37
155,Entry long,2025-11-13 04:00,MR-L | IN:MR,1.62362,0.8,1.298896,0.01,0.43,0,0.01,0.65,-0.002,-0.12,-0.1,0.00,37
156,Exit long,2025-11-18 17:00,MR FAIL | IN:MR | OUT:MR,1.62548,1,1.62982,-0.004,-0.27,0,0.0002,0.01,-0.004,-0.27,-0.1,0.00,6
156,Entry long,2025-11-18 11:00,MR-L | IN:MR,1.62982,1,1.62982,-0.004,-0.27,0,0.0002,0.01,-0.004,-0.27,-0.1,0.00,6
157,Exit long,2025-11-20 01:00,MR FAIL | IN:MR | OUT:MR,1.61988,1,1.6211,-0.001,-0.08,0,0.0001,0.01,-0.001,-0.08,-0.11,0.00,1
157,Entry long,2025-11-20 00:00,MR-L | IN:MR,1.6211,1,1.6211,-0.001,-0.08,0,0.0001,0.01,-0.001,-0.08,-0.11,0.00,1
158,Exit long,2025-11-20 08:00,MR FAIL | IN:MR | OUT:MR,1.6193,1,1.621,-0.002,-0.10,0,0,0.00,-0.002,-0.11,-0.11,0.00,4
158,Entry long,2025-11-20 04:00,MR-L | IN:MR,1.621,1,1.621,-0.002,-0.10,0,0,0.00,-0.002,-0.11,-0.11,0.00,4
159,Exit long,2025-11-21 05:00,MR TP1 | IN:MR | OUT:TREND,1.62534,0.2,0.323906,0.001,0.36,0,0.001,0.46,-0.0003,-0.10,-0.11,0.00,12
159,Entry long,2025-11-20 17:00,MR-L | IN:MR,1.61953,0.2,0.323906,0.001,0.36,0,0.001,0.46,-0.0003,-0.10,-0.11,0.00,12
160,Exit long,2025-11-21 23:00,RUN EXIT | IN:MR | OUT:MR,1.62182,0.8,1.295624,0.002,0.14,0,0.01,0.53,-0.001,-0.10,-0.1,0.00,30
160,Entry long,2025-11-20 17:00,MR-L | IN:MR,1.61953,0.8,1.295624,0.002,0.14,0,0.01,0.53,-0.001,-0.10,-0.1,0.00,30
161,Exit short,2025-11-25 13:00,MR FAIL | IN:MR | OUT:MR,1.62648,1,1.62576,-0.001,-0.04,0,0.0001,0.01,-0.001,-0.07,-0.1,0.00,1
161,Entry short,2025-11-25 12:00,MR-S | IN:MR,1.62576,1,1.62576,-0.001,-0.04,0,0.0001,0.01,-0.001,-0.07,-0.1,0.00,1
162,Exit short,2025-11-27 14:00,MR TP1 | IN:MR | OUT:MR,1.62651,0.2,0.325828,0.001,0.16,0,0.001,0.20,-0.001,-0.17,-0.1,0.00,24
162,Entry short,2025-11-26 14:00,MR-S | IN:MR,1.62914,0.2,0.325828,0.001,0.16,0,0.001,0.20,-0.001,-0.17,-0.1,0.00,24
163,Exit short,2025-12-01 15:00,RUN EXIT | IN:MR | OUT:MR,1.624,0.8,1.303312,0.004,0.32,0,0.01,0.75,-0.002,-0.17,-0.1,0.00,73
163,Entry short,2025-11-26 14:00,MR-S | IN:MR,1.62914,0.8,1.303312,0.004,0.32,0,0.01,0.75,-0.002,-0.17,-0.1,0.00,73
164,Exit short,2025-12-03 12:00,MR FAIL | IN:MR | OUT:MR,1.62666,1,1.62335,-0.003,-0.20,0,0.001,0.03,-0.004,-0.22,-0.1,0.00,12
164,Entry short,2025-12-03 00:00,MR-S | IN:MR,1.62335,1,1.62335,-0.003,-0.20,0,0.001,0.03,-0.004,-0.22,-0.1,0.00,12
165,Exit short,2025-12-05 10:00,MR TP1 | IN:MR | OUT:MR,1.62557,0.2,0.325058,-0.0001,-0.02,0,0.0001,0.04,-0.0002,-0.05,-0.1,0.00,10
165,Entry short,2025-12-05 00:00,MR-S | IN:MR,1.62529,0.2,0.325058,-0.0001,-0.02,0,0.0001,0.04,-0.0002,-0.05,-0.1,0.00,10
166,Exit short,2025-12-08 15:00,RUN EXIT | IN:MR | OUT:TREND,1.61068,0.8,1.300232,0.01,0.90,0,0.01,1.03,-0.002,-0.12,-0.09,0.00,39
166,Entry short,2025-12-05 00:00,MR-S | IN:MR,1.62529,0.8,1.300232,0.01,0.90,0,0.01,1.03,-0.002,-0.12,-0.09,0.00,39
167,Exit short,2025-12-15 20:00,MR FAIL | IN:MR | OUT:MR,1.61744,1,1.6157,-0.002,-0.11,0,0.003,0.19,-0.004,-0.22,-0.09,0.00,30
167,Entry short,2025-12-12 14:00,MR-S | IN:MR,1.6157,1,1.6157,-0.002,-0.11,0,0.003,0.19,-0.004,-0.22,-0.09,0.00,30
168,Exit short,2025-12-17 11:00,MR TP1 | IN:MR | OUT:MR,1.61576,0.2,0.323008,-0.0001,-0.04,0,0.0001,0.02,-0.0005,-0.14,-0.09,0.00,10
168,Entry short,2025-12-17 01:00,MR-S | IN:MR,1.61504,0.2,0.323008,-0.0001,-0.04,0,0.0001,0.02,-0.0005,-0.14,-0.09,0.00,10
169,Exit short,2025-12-17 23:00,RUN EXIT | IN:MR | OUT:MR,1.62037,0.8,1.292032,-0.004,-0.33,0,0.002,0.13,-0.005,-0.36,-0.1,0.00,22
169,Entry short,2025-12-17 01:00,MR-S | IN:MR,1.61504,0.8,1.292032,-0.004,-0.33,0,0.002,0.13,-0.005,-0.36,-0.1,0.00,22
170,Exit short,2025-12-18 18:00,MR TP1 | IN:MR | OUT:MR,1.61522,0.2,0.323072,0.00003,0.01,0,0.0002,0.05,-0.0002,-0.07,-0.1,0.00,2
170,Entry short,2025-12-18 16:00,MR-S | IN:MR,1.61536,0.2,0.323072,0.00003,0.01,0,0.0002,0.05,-0.0002,-0.07,-0.1,0.00,2
171,Exit short,2025-12-19 17:00,RUN EXIT | IN:MR | OUT:MR,1.61604,0.8,1.292288,-0.001,-0.04,0,0.002,0.13,-0.003,-0.23,-0.1,0.00,25
171,Entry short,2025-12-18 16:00,MR-S | IN:MR,1.61536,0.8,1.292288,-0.001,-0.04,0,0.002,0.13,-0.003,-0.23,-0.1,0.00,25
172,Exit long,2025-12-22 20:00,MR TP1 | IN:MR | OUT:MR,1.61628,0.2,0.32317,0.0001,0.03,0,0.0004,0.11,-0.0002,-0.08,-0.1,0.00,17
172,Entry long,2025-12-20 03:00,MR-L | IN:MR,1.61585,0.2,0.32317,0.0001,0.03,0,0.0004,0.11,-0.0002,-0.08,-0.1,0.00,17
173,Exit long,2025-12-23 19:00,RUN EXIT | IN:MR | OUT:MR,1.61486,0.8,1.29268,-0.001,-0.06,0,0.002,0.13,-0.002,-0.12,-0.1,0.00,40
173,Entry long,2025-12-20 03:00,MR-L | IN:MR,1.61585,0.8,1.29268,-0.001,-0.06,0,0.002,0.13,-0.002,-0.12,-0.1,0.00,40
174,Exit long,2025-12-26 23:00,MR FAIL | IN:MR | OUT:MR,1.6077,1,1.61212,-0.004,-0.27,0,0.001,0.05,-0.005,-0.29,-0.1,0.00,14
174,Entry long,2025-12-26 09:00,MR-L | IN:MR,1.61212,1,1.61212,-0.004,-0.27,0,0.001,0.05,-0.005,-0.29,-0.1,0.00,14
175,Exit long,2025-12-29 09:00,MR FAIL | IN:MR | OUT:MR,1.60894,1,1.61001,-0.001,-0.07,0,0.0004,0.02,-0.001,-0.07,-0.1,0.00,2
175,Entry long,2025-12-29 07:00,MR-L | IN:MR,1.61001,1,1.61001,-0.001,-0.07,0,0.0004,0.02,-0.001,-0.07,-0.1,0.00,2
176,Exit long,2025-12-30 12:00,MR TP1 | IN:MR | OUT:MR,1.61142,0.2,0.32238,-0.0001,-0.03,0,0.0003,0.11,-0.001,-0.30,-0.1,0.00,22
176,Entry long,2025-12-29 14:00,MR-L | IN:MR,1.6119,0.2,0.32238,-0.0001,-0.03,0,0.0003,0.11,-0.001,-0.30,-0.1,0.00,22
177,Exit long,2025-12-31 01:00,RUN EXIT | IN:MR | OUT:HYBRID,1.6086,0.8,1.28952,-0.003,-0.20,0,0.001,0.11,-0.004,-0.30,-0.11,0.00,35
177,Entry long,2025-12-29 14:00,MR-L | IN:MR,1.6119,0.8,1.28952,-0.003,-0.20,0,0.001,0.11,-0.004,-0.30,-0.11,0.00,35
178,Exit long,2026-01-02 06:00,MR TP1 | IN:MR | OUT:MR,1.61188,0.2,0.322008,0.0004,0.11,0,0.001,0.19,-0.00004,-0.01,-0.11,0.00,6
178,Entry long,2026-01-01 00:00,MR-L | IN:MR,1.61004,0.2,0.322008,0.0004,0.11,0,0.001,0.19,-0.00004,-0.01,-0.11,0.00,6
179,Exit long,2026-01-02 18:00,RUN EXIT | IN:MR | OUT:MR,1.60893,0.8,1.288032,-0.001,-0.07,0,0.002,0.19,-0.002,-0.17,-0.11,0.00,18
179,Entry long,2026-01-01 00:00,MR-L | IN:MR,1.61004,0.8,1.288032,-0.001,-0.07,0,0.002,0.19,-0.002,-0.17,-0.11,0.00,18
180,Exit short,2026-01-05 09:00,MR TP1 | IN:MR | OUT:MR,1.60714,0.2,0.321824,0.0004,0.12,0,0.001,0.16,-0.0004,-0.14,-0.11,0.00,6
180,Entry short,2026-01-03 03:00,MR-S | IN:MR,1.60912,0.2,0.321824,0.0004,0.12,0,0.001,0.16,-0.0004,-0.14,-0.11,0.00,6
181,Exit short,2026-01-05 23:00,RUN EXIT | IN:MR | OUT:MR,1.61163,0.8,1.287296,-0.002,-0.16,0,0.002,0.17,-0.002,-0.17,-0.11,0.00,20
181,Entry short,2026-01-03 03:00,MR-S | IN:MR,1.60912,0.8,1.287296,-0.002,-0.16,0,0.002,0.17,-0.002,-0.17,-0.11,0.00,20
182,Exit short,2026-01-07 07:00,MR FAIL | IN:MR | OUT:MR,1.61554,1,1.61179,-0.004,-0.23,0,0.001,0.07,-0.004,-0.27,-0.11,0.00,10
182,Entry short,2026-01-06 21:00,MR-S | IN:MR,1.61179,1,1.61179,-0.004,-0.23,0,0.001,0.07,-0.004,-0.27,-0.11,0.00,10
183,Exit short,2026-01-08 02:00,MR FAIL | IN:MR | OUT:MR,1.61737,1,1.61377,-0.004,-0.22,0,0.002,0.11,-0.004,-0.23,-0.12,0.00,8
183,Entry short,2026-01-07 18:00,MR-S | IN:MR,1.61377,1,1.61377,-0.004,-0.22,0,0.002,0.11,-0.004,-0.23,-0.12,0.00,8
184,Exit short,2026-01-09 18:00,MR TP1 | IN:MR | OUT:MR,1.61539,0.2,0.323332,0.0003,0.08,0,0.0004,0.14,-0.0001,-0.04,-0.12,0.00,20
184,Entry short,2026-01-08 22:00,MR-S | IN:MR,1.61666,0.2,0.323332,0.0003,0.08,0,0.0004,0.14,-0.0001,-0.04,-0.12,0.00,20
185,Exit short,2026-01-10 04:00,RUN EXIT | IN:MR | OUT:MR,1.61908,0.8,1.293328,-0.002,-0.15,0,0.002,0.14,-0.002,-0.15,-0.12,0.00,30
185,Entry short,2026-01-08 22:00,MR-S | IN:MR,1.61666,0.8,1.293328,-0.002,-0.15,0,0.002,0.14,-0.002,-0.15,-0.12,0.00,30
186,Exit short,2026-01-14 00:00,MR TP1 | IN:MR | OUT:MR,1.61813,0.2,0.323776,0.0001,0.05,0,0.001,0.16,-0.0002,-0.06,-0.12,0.00,21
186,Entry short,2026-01-13 03:00,MR-S | IN:MR,1.61888,0.2,0.323776,0.0001,0.05,0,0.001,0.16,-0.0002,-0.06,-0.12,0.00,21
187,Exit short,2026-01-15 11:00,RUN EXIT | IN:MR | OUT:MR,1.61716,0.8,1.295104,0.001,0.11,0,0.004,0.29,-0.001,-0.06,-0.12,0.00,56
187,Entry short,2026-01-13 03:00,MR-S | IN:MR,1.61888,0.8,1.295104,0.001,0.11,0,0.004,0.29,-0.001,-0.06,-0.12,0.00,56
188,Exit long,2026-01-19 18:00,MR TP1 | IN:HYBRID | OUT:MR,1.6151,0.2,0.32274,0.0003,0.09,0,0.001,0.20,-0.001,-0.17,-0.12,0.00,24
188,Entry long,2026-01-16 18:00,MR-L | IN:HYBRID,1.6137,0.2,0.32274,0.0003,0.09,0,0.001,0.20,-0.001,-0.17,-0.12,0.00,24
189,Exit long,2026-01-21 13:00,RUN EXIT | IN:HYBRID | OUT:MR,1.62154,0.8,1.29096,0.01,0.49,0,0.01,0.78,-0.002,-0.17,-0.11,0.00,67
189,Entry long,2026-01-16 18:00,MR-L | IN:HYBRID,1.6137,0.8,1.29096,0.01,0.49,0,0.01,0.78,-0.002,-0.17,-0.11,0.00,67
190,Exit long,2026-01-23 06:00,MR TP1 | IN:MR | OUT:TREND,1.6202,0.2,0.323946,0.0001,0.03,0,0.0002,0.07,-0.0002,-0.06,-0.11,0.00,7
190,Entry long,2026-01-22 23:00,MR-L | IN:MR,1.61973,0.2,0.323946,0.0001,0.03,0,0.0002,0.07,-0.0002,-0.06,-0.11,0.00,7
191,Exit long,2026-01-23 19:00,RUN EXIT | IN:MR | OUT:MR,1.61665,0.8,1.295784,-0.002,-0.19,0,0.001,0.07,-0.003,-0.20,-0.11,0.00,20
191,Entry long,2026-01-22 23:00,MR-L | IN:MR,1.61973,0.8,1.295784,-0.002,-0.19,0,0.001,0.07,-0.003,-0.20,-0.11,0.00,20
192,Exit short,2026-01-28 06:00,MR FAIL | IN:HYBRID | OUT:MR,1.63424,1,1.63,-0.004,-0.26,0,0.004,0.24,-0.01,-0.58,-0.12,0.00,10
192,Entry short,2026-01-27 20:00,MR-S | IN:HYBRID,1.63,1,1.63,-0.004,-0.26,0,0.004,0.24,-0.01,-0.58,-0.12,0.00,10
193,Exit short,2026-01-28 23:00,MR TP1 | IN:MR | OUT:TREND,1.62117,0.2,0.326464,0.002,0.68,0,0.003,0.89,-0.00001,0.00,-0.11,0.00,14
193,Entry short,2026-01-28 09:00,MR-S | IN:MR,1.63232,0.2,0.326464,0.002,0.68,0,0.003,0.89,-0.00001,0.00,-0.11,0.00,14
194,Exit short,2026-01-30 17:00,RUN EXIT | IN:MR | OUT:HYBRID,1.61374,0.8,1.305856,0.01,1.14,0,0.02,1.31,-0.00005,0.00,-0.1,0.00,56
194,Entry short,2026-01-28 09:00,MR-S | IN:MR,1.63232,0.8,1.305856,0.01,1.14,0,0.02,1.31,-0.00005,0.00,-0.1,0.00,56
195,Exit long,2026-02-05 15:00,MR TP1 | IN:MR | OUT:MR,1.61524,0.2,0.322804,0.0002,0.08,0,0.0003,0.10,-0.0004,-0.13,-0.1,0.00,28
195,Entry long,2026-02-04 11:00,MR-L | IN:MR,1.61402,0.2,0.322804,0.0002,0.08,0,0.0003,0.10,-0.0004,-0.13,-0.1,0.00,28
196,Exit long,2026-02-06 18:00,RUN EXIT | IN:MR | OUT:MR,1.61253,0.8,1.291216,-0.001,-0.09,0,0.002,0.14,-0.002,-0.17,-0.1,0.00,55
196,Entry long,2026-02-04 11:00,MR-L | IN:MR,1.61402,0.8,1.291216,-0.001,-0.09,0,0.002,0.14,-0.002,-0.17,-0.1,0.00,55
197,Exit short,2026-02-10 19:00,MR TP1 | IN:MR | OUT:MR,1.61398,0.2,0.323052,0.0003,0.08,0,0.0003,0.10,-0.0003,-0.09,-0.1,0.00,15
197,Entry short,2026-02-10 04:00,MR-S | IN:MR,1.61526,0.2,0.323052,0.0003,0.08,0,0.0003,0.10,-0.0003,-0.09,-0.1,0.00,15
198,Exit short,2026-02-11 20:00,RUN EXIT | IN:MR | OUT:MR,1.6112,0.8,1.292208,0.003,0.25,0,0.005,0.38,-0.001,-0.09,-0.1,0.00,40
198,Entry short,2026-02-10 04:00,MR-S | IN:MR,1.61526,0.8,1.292208,0.003,0.25,0,0.005,0.38,-0.001,-0.09,-0.1,0.00,40
199,Exit short,2026-02-18 03:00,MR FAIL | IN:MR | OUT:MR,1.61622,1,1.61514,-0.001,-0.07,0,0.001,0.09,-0.002,-0.15,-0.1,0.00,55
199,Entry short,2026-02-13 20:00,MR-S | IN:MR,1.61514,1,1.61514,-0.001,-0.07,0,0.001,0.09,-0.002,-0.15,-0.1,0.00,55
200,Exit short,2026-02-19 01:00,MR TP1 | IN:MR | OUT:MR,1.61396,0.2,0.322888,0.0001,0.03,0,0.0001,0.03,-0.0004,-0.13,-0.1,0.00,7
200,Entry short,2026-02-18 18:00,MR-S | IN:MR,1.61444,0.2,0.322888,0.0001,0.03,0,0.0001,0.03,-0.0004,-0.13,-0.1,0.00,7
201,Exit short,2026-02-20 15:00,RUN EXIT | IN:MR | OUT:HYBRID,1.61022,0.8,1.291552,0.003,0.26,0,0.005,0.37,-0.002,-0.13,-0.1,0.00,45
201,Entry short,2026-02-18 18:00,MR-S | IN:MR,1.61444,0.8,1.291552,0.003,0.26,0,0.005,0.37,-0.002,-0.13,-0.1,0.00,45
202,Exit short,2026-02-25 17:00,MR TP1 | IN:MR | OUT:MR,1.61342,0.2,0.32276,0.0001,0.02,0,0.0002,0.07,-0.0005,-0.15,-0.1,0.00,31
202,Entry short,2026-02-24 10:00,MR-S | IN:MR,1.6138,0.2,0.32276,0.0001,0.02,0,0.0002,0.07,-0.0005,-0.15,-0.1,0.00,31
203,Exit short,2026-02-26 00:00,RUN EXIT | IN:MR | OUT:HYBRID,1.61566,0.8,1.29104,-0.001,-0.12,0,0.001,0.07,-0.002,-0.17,-0.1,0.00,38
203,Entry short,2026-02-24 10:00,MR-S | IN:MR,1.6138,0.8,1.29104,-0.001,-0.12,0,0.001,0.07,-0.002,-0.17,-0.1,0.00,38
204,Exit short,2026-02-26 21:00,MR FAIL | IN:MR | OUT:MR,1.6168,1,1.61337,-0.003,-0.21,0,0.0003,0.02,-0.004,-0.22,-0.1,0.00,5
204,Entry short,2026-02-26 16:00,MR-S | IN:MR,1.61337,1,1.61337,-0.003,-0.21,0,0.0003,0.02,-0.004,-0.22,-0.1,0.00,5
205,Exit short,2026-02-27 03:00,MR TP1 | IN:MR | OUT:MR,1.61422,0.2,0.322688,-0.0002,-0.05,0,0.0002,0.06,-0.0002,-0.06,-0.1,0.00,4
205,Entry short,2026-02-26 23:00,MR-S | IN:MR,1.61344,0.2,0.322688,-0.0002,-0.05,0,0.0002,0.06,-0.0002,-0.06,-0.1,0.00,4
206,Exit short,2026-03-03 01:00,RUN EXIT | IN:MR | OUT:HYBRID,1.60174,0.8,1.290752,0.01,0.73,0,0.01,0.90,-0.002,-0.14,-0.09,0.00,50
206,Entry short,2026-02-26 23:00,MR-S | IN:MR,1.61344,0.8,1.290752,0.01,0.73,0,0.01,0.90,-0.002,-0.14,-0.09,0.00,50
207,Exit long,2026-03-05 18:00,MR FAIL | IN:TREND | OUT:TREND,1.58272,1,1.58858,-0.01,-0.37,0,0.004,0.27,-0.01,-0.41,-0.1,0.00,37
207,Entry long,2026-03-04 05:00,MR-L | IN:TREND,1.58858,1,1.58858,-0.01,-0.37,0,0.004,0.27,-0.01,-0.41,-0.1,0.00,37
208,Exit long,2026-03-06 20:00,MR FAIL | IN:TREND | OUT:MR,1.57704,1,1.58456,-0.01,-0.47,0,0.004,0.22,-0.01,-0.51,-0.1,0.00,22
208,Entry long,2026-03-05 22:00,MR-L | IN:TREND,1.58456,1,1.58456,-0.01,-0.47,0,0.004,0.22,-0.01,-0.51,-0.1,0.00,22
209,Exit long,2026-03-10 14:00,MR TP1 | IN:TREND | OUT:TREND,1.58228,0.2,0.31429,0.002,0.69,0,0.002,0.69,-0.00002,-0.01,-0.1,0.00,17
209,Entry long,2026-03-09 21:00,MR-L | IN:TREND,1.57145,0.2,0.31429,0.002,0.69,0,0.002,0.69,-0.00002,-0.01,-0.1,0.00,17
210,Exit long,2026-03-11 11:00,RUN EXIT | IN:TREND | OUT:MR,1.57738,0.8,1.25716,0.005,0.38,0,0.01,0.77,-0.0001,-0.01,-0.1,0.00,38
210,Entry long,2026-03-09 21:00,MR-L | IN:TREND,1.57145,0.8,1.25716,0.005,0.38,0,0.01,0.77,-0.0001,-0.01,-0.1,0.00,38
211,Exit long,2026-03-13 15:00,MR FAIL | IN:MR | OUT:MR,1.56378,1,1.57016,-0.01,-0.41,0,0.0004,0.03,-0.01,-0.51,-0.1,0.00,8
211,Entry long,2026-03-13 07:00,MR-L | IN:MR,1.57016,1,1.57016,-0.01,-0.41,0,0.0004,0.03,-0.01,-0.51,-0.1,0.00,8
212,Exit long,2026-03-16 15:00,MR FAIL | IN:MR | OUT:MR,1.56773,1,1.57268,-0.005,-0.31,0,0.002,0.13,-0.01,-0.46,-0.11,0.00,20
212,Entry long,2026-03-13 19:00,MR-L | IN:MR,1.57268,1,1.57268,-0.005,-0.31,0,0.002,0.13,-0.01,-0.46,-0.11,0.00,20
213,Exit long,2026-03-17 00:00,MR TP1 | IN:MR | OUT:MR,1.57204,0.2,0.314244,0.0002,0.05,0,0.0003,0.11,-0.0005,-0.15,-0.11,0.00,7
213,Entry long,2026-03-16 17:00,MR-L | IN:MR,1.57122,0.2,0.314244,0.0002,0.05,0,0.0003,0.11,-0.0005,-0.15,-0.11,0.00,7
214,Exit long,2026-03-18 16:00,RUN EXIT | IN:MR | OUT:MR,1.57982,0.8,1.256976,0.01,0.55,0,0.01,0.73,-0.002,-0.15,-0.1,0.00,47
214,Entry long,2026-03-16 17:00,MR-L | IN:MR,1.57122,0.8,1.256976,0.01,0.55,0,0.01,0.73,-0.002,-0.15,-0.1,0.00,47
215,Exit long,2026-03-19 23:00,MR TP1 | IN:MR | OUT:MR,1.5835,0.2,0.31598,0.001,0.23,0,0.001,0.24,-0.00005,-0.01,-0.1,0.00,1
215,Entry long,2026-03-19 22:00,MR-L | IN:MR,1.5799,0.2,0.31598,0.001,0.23,0,0.001,0.24,-0.00005,-0.01,-0.1,0.00,1
216,Exit long,2026-03-20 20:00,RUN EXIT | IN:MR | OUT:MR,1.58393,0.8,1.26392,0.003,0.26,0,0.01,0.84,-0.0002,-0.01,-0.1,0.00,22
216,Entry long,2026-03-19 22:00,MR-L | IN:MR,1.5799,0.8,1.26392,0.003,0.26,0,0.01,0.84,-0.0002,-0.01,-0.1,0.00,22
217,Exit short,2026-03-30 09:00,MR FAIL | IN:MR | OUT:MR,1.5992,1,1.59644,-0.003,-0.17,0,0.003,0.16,-0.005,-0.31,-0.1,0.00,59
217,Entry short,2026-03-25 22:00,MR-S | IN:MR,1.59644,1,1.59644,-0.003,-0.17,0,0.003,0.16,-0.005,-0.31,-0.1,0.00,59
218,Exit short,2026-03-31 00:00,MR TP1 | IN:MR | OUT:MR,1.5951,0.2,0.319184,0.0002,0.05,0,0.0005,0.14,-0.0001,-0.02,-0.1,0.00,3
218,Entry short,2026-03-30 21:00,MR-S | IN:MR,1.59592,0.2,0.319184,0.0002,0.05,0,0.0005,0.14,-0.0001,-0.02,-0.1,0.00,3
219,Exit short,2026-03-31 14:00,RUN EXIT | IN:MR | OUT:MR,1.59842,0.8,1.276736,-0.002,-0.16,0,0.002,0.14,-0.003,-0.21,-0.1,0.00,17
219,Entry short,2026-03-30 21:00,MR-S | IN:MR,1.59592,0.8,1.276736,-0.002,-0.16,0,0.002,0.14,-0.003,-0.21,-0.1,0.00,17
220,Exit short,2026-04-03 00:00,MR TP1 | IN:TREND | OUT:MR,1.60529,0.2,0.32226,0.001,0.37,0,0.002,0.56,-0.001,-0.21,-0.1,0.00,31
220,Entry short,2026-04-01 17:00,MR-S | IN:TREND,1.6113,0.2,0.32226,0.001,0.37,0,0.002,0.56,-0.001,-0.21,-0.1,0.00,31
221,Exit short,2026-04-03 18:00,RUN EXIT | IN:TREND | OUT:MR,1.60756,0.8,1.28904,0.003,0.23,0,0.01,0.56,-0.003,-0.21,-0.1,0.00,49
221,Entry short,2026-04-01 17:00,MR-S | IN:TREND,1.6113,0.8,1.28904,0.003,0.23,0,0.01,0.56,-0.003,-0.21,-0.1,0.00,49
222,Exit long,2026-04-06 15:00,MR TP1 | IN:MR | OUT:MR,1.60866,0.2,0.321936,-0.0002,-0.06,0,0.0001,0.02,-0.0003,-0.08,-0.1,0.00,1
222,Entry long,2026-04-06 14:00,MR-L | IN:MR,1.60968,0.2,0.321936,-0.0002,-0.06,0,0.0001,0.02,-0.0003,-0.08,-0.1,0.00,1
223,Exit long,2026-04-07 03:00,RUN EXIT | IN:MR | OUT:MR,1.60564,0.8,1.287744,-0.003,-0.25,0,0.0003,0.02,-0.004,-0.27,-0.1,0.00,13
223,Entry long,2026-04-06 14:00,MR-L | IN:MR,1.60968,0.8,1.287744,-0.003,-0.25,0,0.0003,0.02,-0.004,-0.27,-0.1,0.00,13
224,Exit long,2026-04-07 16:00,MR TP1 | IN:HYBRID | OUT:MR,1.60932,0.2,0.321976,-0.0001,-0.03,0,0.0003,0.09,-0.0001,-0.04,-0.1,0.00,1
224,Entry long,2026-04-07 15:00,MR-L | IN:HYBRID,1.60988,0.2,0.321976,-0.0001,-0.03,0,0.0003,0.09,-0.0001,-0.04,-0.1,0.00,1
225,Exit long,2026-04-08 22:00,RUN EXIT | IN:HYBRID | OUT:TREND,1.61898,0.8,1.287904,0.01,0.57,0,0.01,0.82,-0.002,-0.16,-0.09,0.00,31
225,Entry long,2026-04-07 15:00,MR-L | IN:HYBRID,1.60988,0.8,1.287904,0.01,0.57,0,0.01,0.82,-0.002,-0.16,-0.09,0.00,31
226,Exit short,2026-04-14 03:00,MR FAIL | IN:MR | OUT:MR,1.62188,1,1.61893,-0.003,-0.18,0,0.003,0.18,-0.004,-0.22,-0.1,0.00,14
226,Entry short,2026-04-13 13:00,MR-S | IN:MR,1.61893,1,1.61893,-0.003,-0.18,0,0.003,0.18,-0.004,-0.22,-0.1,0.00,14
227,Exit short,2026-04-16 07:00,MR TP1 | IN:MR | OUT:HYBRID,1.62079,0.2,0.324528,0.0004,0.11,0,0.001,0.19,-0.0003,-0.11,-0.1,0.00,17
227,Entry short,2026-04-15 14:00,MR-S | IN:MR,1.62264,0.2,0.324528,0.0004,0.11,0,0.001,0.19,-0.0003,-0.11,-0.1,0.00,17
228,Exit short,2026-04-17 16:00,RUN EXIT | IN:MR | OUT:TREND,1.61304,0.8,1.298112,0.01,0.59,0,0.01,0.72,-0.001,-0.11,-0.09,0.00,50
228,Entry short,2026-04-15 14:00,MR-S | IN:MR,1.62264,0.8,1.298112,0.01,0.59,0,0.01,0.72,-0.001,-0.11,-0.09,0.00,50
229,Exit long,2026-04-22 22:00,MR FAIL | IN:MR | OUT:MR,1.60015,1,1.60484,-0.005,-0.29,0,0.0001,0.01,-0.005,-0.30,-0.09,0.00,8
229,Entry long,2026-04-22 14:00,MR-L | IN:MR,1.60484,1,1.60484,-0.005,-0.29,0,0.0001,0.01,-0.005,-0.30,-0.09,0.00,8
230,Exit long,2026-04-25 03:00,MR TP1 | IN:MR | OUT:MR,1.60189,0.2,0.320244,0.0001,0.04,0,0.001,0.17,-0.0004,-0.11,-0.09,0.00,29
230,Entry long,2026-04-23 22:00,MR-L | IN:MR,1.60122,0.2,0.320244,0.0001,0.04,0,0.001,0.17,-0.0004,-0.11,-0.09,0.00,29
231,Exit long,2026-04-27 17:00,RUN EXIT | IN:MR | OUT:MR,1.5984,0.8,1.280976,-0.002,-0.18,0,0.002,0.17,-0.003,-0.23,-0.1,0.00,43
231,Entry long,2026-04-23 22:00,MR-L | IN:MR,1.60122,0.8,1.280976,-0.002,-0.18,0,0.002,0.17,-0.003,-0.23,-0.1,0.00,43
232,Exit long,2026-04-29 03:00,MR TP1 | IN:MR | OUT:HYBRID,1.60268,0.2,0.3197,0.001,0.26,0,0.001,0.30,-0.0001,-0.03,-0.1,0.00,7
232,Entry long,2026-04-28 20:00,MR-L | IN:MR,1.5985,0.2,0.3197,0.001,0.26,0,0.001,0.30,-0.0001,-0.03,-0.1,0.00,7
233,Exit long,2026-04-29 21:00,RUN EXIT | IN:MR | OUT:MR,1.60013,0.8,1.2788,0.001,0.10,0,0.004,0.30,-0.0004,-0.03,-0.09,0.00,25
233,Entry long,2026-04-28 20:00,MR-L | IN:MR,1.5985,0.8,1.2788,0.001,0.10,0,0.004,0.30,-0.0004,-0.03,-0.09,0.00,25
234,Exit long,2026-05-04 18:00,MR FAIL | IN:MR | OUT:MR,1.59218,1,1.59472,-0.003,-0.16,0,0.004,0.26,-0.003,-0.20,-0.1,0.00,23
234,Entry long,2026-05-01 19:00,MR-L | IN:MR,1.59472,1,1.59472,-0.003,-0.16,0,0.004,0.26,-0.003,-0.20,-0.1,0.00,23
235,Exit long,2026-05-04 21:00,MR FAIL | IN:MR | OUT:MR,1.59308,1,1.59426,-0.001,-0.07,0,0.0001,0.01,-0.002,-0.10,-0.1,0.00,1
235,Entry long,2026-05-04 20:00,MR-L | IN:MR,1.59426,1,1.59426,-0.001,-0.07,0,0.0001,0.01,-0.002,-0.10,-0.1,0.00,1
236,Exit long,2026-05-06 11:00,MR TP1 | IN:MR | OUT:MR,1.59468,0.2,0.318552,0.0004,0.12,0,0.001,0.17,-0.0002,-0.05,-0.1,0.00,16
236,Entry long,2026-05-05 19:00,MR-L | IN:MR,1.59276,0.2,0.318552,0.0004,0.12,0,0.001,0.17,-0.0002,-0.05,-0.1,0.00,16
237,Exit long,2026-05-07 13:00,RUN EXIT | IN:MR | OUT:TREND,1.60186,0.8,1.274208,0.01,0.57,0,0.01,0.67,-0.001,-0.05,-0.09,0.00,42
237,Entry long,2026-05-05 19:00,MR-L | IN:MR,1.59276,0.8,1.274208,0.01,0.57,0,0.01,0.67,-0.001,-0.05,-0.09,0.00,42
238,Exit short,2026-05-13 07:00,MR TP1 | IN:MR | OUT:HYBRID,1.60744,0.2,0.3217,0.0002,0.07,0,0.0003,0.08,-0.001,-0.22,-0.09,0.00,39
238,Entry short,2026-05-11 16:00,MR-S | IN:MR,1.6085,0.2,0.3217,0.0002,0.07,0,0.0003,0.08,-0.001,-0.22,-0.09,0.00,39
239,Exit short,2026-05-14 10:00,RUN EXIT | IN:MR | OUT:MR,1.60544,0.8,1.2868,0.002,0.19,0,0.01,0.40,-0.003,-0.22,-0.09,0.00,66
239,Entry short,2026-05-11 16:00,MR-S | IN:MR,1.6085,0.8,1.2868,0.002,0.19,0,0.01,0.40,-0.003,-0.22,-0.09,0.00,66
240,Exit long,2026-05-19 21:00,MR FAIL | IN:MR | OUT:MR,1.59672,1,1.59915,-0.002,-0.15,0,0.003,0.20,-0.003,-0.18,-0.09,0.00,30
240,Entry long,2026-05-18 15:00,MR-L | IN:MR,1.59915,1,1.59915,-0.002,-0.15,0,0.003,0.20,-0.003,-0.18,-0.09,0.00,30
241,Exit long,2026-05-21 11:00,MR TP1 | IN:MR | OUT:HYBRID,1.59929,0.2,0.31927,0.001,0.18,0,0.001,0.20,-0.000002,0.00,-0.09,0.00,14
241,Entry long,2026-05-20 21:00,MR-L | IN:MR,1.59635,0.2,0.31927,0.001,0.18,0,0.001,0.20,-0.000002,0.00,-0.09,0.00,14
242,Exit long,2026-05-26 02:00,RUN EXIT | IN:MR | OUT:MR,1.60654,0.8,1.27708,0.01,0.64,0,0.01,0.77,-0.0004,-0.03,-0.08,0.00,77
242,Entry long,2026-05-20 21:00,MR-L | IN:MR,1.59635,0.8,1.27708,0.01,0.64,0,0.01,0.77,-0.0004,-0.03,-0.08,0.00,77
243,Exit short,2026-05-28 19:00,MR FAIL | IN:MR | OUT:MR,1.61074,1,1.60822,-0.003,-0.16,0,0.002,0.12,-0.003,-0.17,-0.08,0.00,13
243,Entry short,2026-05-28 06:00,MR-S | IN:MR,1.60822,1,1.60822,-0.003,-0.16,0,0.002,0.12,-0.003,-0.17,-0.08,0.00,13
244,Exit short,2026-05-29 04:00,MR TP1 | IN:MR | OUT:MR,1.60625,0.2,0.321494,0.0002,0.08,0,0.001,0.18,-0.00001,0.00,-0.08,0.00,5
244,Entry short,2026-05-28 23:00,MR-S | IN:MR,1.60747,0.2,0.321494,0.0002,0.08,0,0.001,0.18,-0.00001,0.00,-0.08,0.00,5
245,Exit short,2026-05-29 20:00,RUN EXIT | IN:MR | OUT:MR,1.60876,0.8,1.285976,-0.001,-0.08,0,0.003,0.19,-0.002,-0.17,-0.08,0.00,21
245,Entry short,2026-05-28 23:00,MR-S | IN:MR,1.60747,0.8,1.285976,-0.001,-0.08,0,0.003,0.19,-0.002,-0.17,-0.08,0.00,21
246,Exit short,2026-06-03 15:00,MR TP1 | IN:MR | OUT:TREND,1.60853,0.2,0.3217,-0.00001,0.00,0,0.0003,0.08,-0.0004,-0.11,-0.08,0.00,16
246,Entry short,2026-06-02 23:00,MR-S | IN:MR,1.6085,0.2,0.3217,-0.00001,0.00,0,0.0003,0.08,-0.0004,-0.11,-0.08,0.00,16
247,Exit short,2026-06-03 23:00,RUN EXIT | IN:MR | OUT:MR,1.6117,0.8,1.2868,-0.003,-0.20,0,0.001,0.08,-0.003,-0.23,-0.09,0.00,24
247,Entry short,2026-06-02 23:00,MR-S | IN:MR,1.6085,0.8,1.2868,-0.003,-0.20,0,0.001,0.08,-0.003,-0.23,-0.09,0.00,24
248,Exit short,2026-06-06 00:00,MR TP1 | IN:MR | OUT:TREND,1.6067,0.2,0.322984,0.002,0.51,0,0.002,0.55,-0.0004,-0.11,-0.09,0.00,20
248,Entry short,2026-06-05 04:00,MR-S | IN:MR,1.61492,0.2,0.322984,0.002,0.51,0,0.002,0.55,-0.0004,-0.11,-0.09,0.00,20
249,Exit short,2026-06-08 21:00,RUN EXIT | IN:MR | OUT:MR,1.60925,0.8,1.291936,0.005,0.35,0,0.01,0.65,-0.001,-0.11,-0.08,0.00,41
249,Entry short,2026-06-05 04:00,MR-S | IN:MR,1.61492,0.8,1.291936,0.005,0.35,0,0.01,0.65,-0.001,-0.11,-0.08,0.00,41
250,Exit short,2026-06-10 22:00,MR TP1 | IN:MR | OUT:MR,1.60872,0.2,0.321924,0.0002,0.06,0,0.001,0.17,-0.0002,-0.05,-0.08,0.00,6
250,Entry short,2026-06-10 16:00,MR-S | IN:MR,1.60962,0.2,0.321924,0.0002,0.06,0,0.001,0.17,-0.0002,-0.05,-0.08,0.00,6
251,Exit short,2026-06-11 13:00,RUN EXIT | IN:MR | OUT:MR,1.61051,0.8,1.287696,-0.001,-0.06,0,0.002,0.17,-0.001,-0.07,-0.08,0.00,21
251,Entry short,2026-06-10 16:00,MR-S | IN:MR,1.60962,0.8,1.287696,-0.001,-0.06,0,0.002,0.17,-0.001,-0.07,-0.08,0.00,21
252,Exit short,2026-06-15 16:00,MR FAIL | IN:HYBRID | OUT:HYBRID,1.62175,1,1.6165,-0.01,-0.32,0,0.0002,0.01,-0.01,-0.38,-0.09,0.00,19
252,Entry short,2026-06-12 21:00,MR-S | IN:HYBRID,1.6165,1,1.6165,-0.01,-0.32,0,0.0002,0.01,-0.01,-0.38,-0.09,0.00,19
253,Exit long,2026-06-16 01:00,TF EXIT | IN:HYBRID | OUT:HYBRID,1.62168,1,1.62175,-0.0001,0.00,0,0.003,0.16,-0.0003,-0.02,-0.09,0.00,9
253,Entry long,2026-06-15 16:00,TF-L | IN:HYBRID,1.62175,1,1.62175,-0.0001,0.00,0,0.003,0.16,-0.0003,-0.02,-0.09,0.00,9
254,Exit short,2026-06-16 12:00,MR FAIL | IN:HYBRID | OUT:MR,1.6222,1,1.62168,-0.001,-0.03,0,0.001,0.05,-0.001,-0.06,-0.09,0.00,11
254,Entry short,2026-06-16 01:00,MR-S | IN:HYBRID,1.62168,1,1.62168,-0.001,-0.03,0,0.001,0.05,-0.001,-0.06,-0.09,0.00,11
255,Exit short,2026-06-18 17:00,MR TP1 | IN:HYBRID | OUT:MR,1.61875,0.2,0.325076,0.001,0.41,0,0.001,0.41,-0.0003,-0.10,-0.09,0.00,31
255,Entry short,2026-06-17 10:00,MR-S | IN:HYBRID,1.62538,0.2,0.325076,0.001,0.41,0,0.001,0.41,-0.0003,-0.10,-0.09,0.00,31
256,Exit short,2026-06-19 18:00,RUN EXIT | IN:HYBRID | OUT:MR,1.6216,0.8,1.300304,0.003,0.23,0,0.01,0.56,-0.001,-0.10,-0.08,0.00,56
256,Entry short,2026-06-17 10:00,MR-S | IN:HYBRID,1.62538,0.8,1.300304,0.003,0.23,0,0.01,0.56,-0.001,-0.10,-0.08,0.00,56
257,Exit short,2026-06-23 00:00,MR TP1 | IN:MR | OUT:TREND,1.61844,0.2,0.3243,0.001,0.19,0,0.001,0.21,-0.00004,-0.01,-0.08,0.00,5
257,Entry short,2026-06-22 19:00,MR-S | IN:MR,1.6215,0.2,0.3243,0.001,0.19,0,0.001,0.21,-0.00004,-0.01,-0.08,0.00,5
258,Exit short,2026-06-24 06:00,RUN EXIT | IN:MR | OUT:MR,1.61692,0.8,1.2972,0.004,0.28,0,0.01,0.42,-0.0002,-0.01,-0.08,0.00,35
258,Entry short,2026-06-22 19:00,MR-S | IN:MR,1.6215,0.8,1.2972,0.004,0.28,0,0.01,0.42,-0.0002,-0.01,-0.08,0.00,35
259,Exit long,2026-06-25 23:00,MR FAIL | IN:MR | OUT:MR,1.61382,1,1.61517,-0.001,-0.08,0,0.003,0.19,-0.001,-0.09,-0.08,0.00,24
259,Entry long,2026-06-24 23:00,MR-L | IN:MR,1.61517,1,1.61517,-0.001,-0.08,0,0.003,0.19,-0.001,-0.09,-0.08,0.00,24
260,Exit long,2026-06-26 20:00,MR TP1 | IN:MR | OUT:MR,1.61942,0.2,0.32348,0.0004,0.12,0,0.001,0.21,-0.0002,-0.05,-0.08,0.00,5
260,Entry long,2026-06-26 15:00,MR-L | IN:MR,1.6174,0.2,0.32348,0.0004,0.12,0,0.001,0.21,-0.0002,-0.05,-0.08,0.00,5
261,Exit long,2026-06-29 12:00,RUN EXIT | IN:MR | OUT:MR,1.6162,0.8,1.29392,-0.001,-0.07,0,0.003,0.21,-0.002,-0.18,-0.08,0.00,21
261,Entry long,2026-06-26 15:00,MR-L | IN:MR,1.6174,0.8,1.29392,-0.001,-0.07,0,0.003,0.21,-0.002,-0.18,-0.08,0.00,21
262,Exit short,2026-07-01 22:00,MR TP1 | IN:HYBRID | OUT:HYBRID,1.61714,0.2,0.324394,0.001,0.30,0,0.001,0.33,-0.0002,-0.06,-0.08,0.00,32
262,Entry short,2026-06-30 14:00,MR-S | IN:HYBRID,1.62197,0.2,0.324394,0.001,0.30,0,0.001,0.33,-0.0002,-0.06,-0.08,0.00,32
263,Exit short,2026-07-02 16:00,RUN EXIT | IN:HYBRID | OUT:MR,1.61957,0.8,1.297576,0.002,0.15,0,0.004,0.33,-0.001,-0.06,-0.08,0.00,50
263,Entry short,2026-06-30 14:00,MR-S | IN:HYBRID,1.62197,0.8,1.297576,0.002,0.15,0,0.004,0.33,-0.001,-0.06,-0.08,0.00,50
264,Exit short,2026-07-07 04:00,MR FAIL | IN:MR | OUT:MR,1.62592,1,1.62339,-0.003,-0.16,0,0.001,0.06,-0.003,-0.18,-0.08,0.00,16
264,Entry short,2026-07-06 12:00,MR-S | IN:MR,1.62339,1,1.62339,-0.003,-0.16,0,0.001,0.06,-0.003,-0.18,-0.08,0.00,16
265,Exit short,2026-07-07 19:00,MR FAIL | IN:MR | OUT:MR,1.62616,1,1.62399,-0.002,-0.13,0,0.0001,0.01,-0.003,-0.16,-0.08,0.00,3
265,Entry short,2026-07-07 16:00,MR-S | IN:MR,1.62399,1,1.62399,-0.002,-0.13,0,0.0001,0.01,-0.003,-0.16,-0.08,0.00,3
266,Exit short,2026-07-08 02:00,MR TP1 | IN:MR | OUT:HYBRID,1.62067,0.2,0.32489,0.001,0.23,0,0.001,0.25,-0.00001,0.00,-0.08,0.00,6
266,Entry short,2026-07-07 20:00,MR-S | IN:MR,1.62445,0.2,0.32489,0.001,0.23,0,0.001,0.25,-0.00001,0.00,-0.08,0.00,6
267,Exit short,2026-07-09 03:00,RUN EXIT | IN:MR | OUT:MR,1.61805,0.8,1.29956,0.01,0.39,0,0.01,0.61,-0.0001,0.00,-0.08,0.00,31
267,Entry short,2026-07-07 20:00,MR-S | IN:MR,1.62445,0.8,1.29956,0.01,0.39,0,0.01,0.61,-0.0001,0.00,-0.08,0.00,31
268,Exit long,2026-07-15 05:00,MR FAIL | IN:MR | OUT:HYBRID,1.60563,1,1.61116,-0.01,-0.34,0,0.0001,0.01,-0.01,-0.36,-0.08,0.00,9
268,Entry long,2026-07-14 20:00,MR-L | IN:MR,1.61116,1,1.61116,-0.01,-0.34,0,0.0001,0.01,-0.01,-0.36,-0.08,0.00,9
269,Exit long,2026-07-15 14:00,MR FAIL | IN:MR | OUT:MR,1.60522,1,1.60674,-0.002,-0.09,0,0.001,0.08,-0.002,-0.12,-0.08,0.00,3
269,Entry long,2026-07-15 11:00,MR-L | IN:MR,1.60674,1,1.60674,-0.002,-0.09,0,0.001,0.08,-0.002,-0.12,-0.08,0.00,3
270,Exit long,2026-07-16 13:00,MR TP1 | IN:MR | OUT:TREND,1.61017,0.2,0.321408,0.001,0.19,0,0.001,0.25,-0.0003,-0.08,-0.08,0.00,16
270,Entry long,2026-07-15 21:00,MR-L | IN:MR,1.60704,0.2,0.321408,0.001,0.19,0,0.001,0.25,-0.0003,-0.08,-0.08,0.00,16
271,Exit long,2026-07-17 01:00,RUN EXIT | IN:MR | OUT:HYBRID,1.60672,0.8,1.285632,-0.0003,-0.02,0,0.004,0.28,-0.002,-0.17,-0.08,0.00,28
271,Entry long,2026-07-15 21:00,MR-L | IN:MR,1.60704,0.8,1.285632,-0.0003,-0.02,0,0.004,0.28,-0.002,-0.17,-0.08,0.00,28
272,Exit long,2026-07-21 08:00,MR TP1 | IN:MR | OUT:HYBRID,1.60652,0.2,0.32066,0.001,0.20,0,0.001,0.29,-0.0002,-0.07,-0.08,0.00,15
272,Entry long,2026-07-20 17:00,MR-L | IN:MR,1.6033,0.2,0.32066,0.001,0.20,0,0.001,0.29,-0.0002,-0.07,-0.08,0.00,15
273,Exit long,2026-07-22 16:00,RUN EXIT | IN:MR | OUT:MR,1.60758,0.8,1.28264,0.003,0.27,0,0.005,0.37,-0.001,-0.07,-0.08,0.00,47
273,Entry long,2026-07-20 17:00,MR-L | IN:MR,1.6033,0.8,1.28264,0.003,0.27,0,0.005,0.37,-0.001,-0.07,-0.08,0.00,47
274,Exit long,2026-07-27 13:00,MR TP1 | IN:HYBRID | OUT:HYBRID,1.60816,0.2,0.32052,0.001,0.35,0,0.001,0.41,-0.0001,-0.03,-0.08,0.00,22
274,Entry long,2026-07-24 15:00,MR-L | IN:HYBRID,1.6026,0.2,0.32052,0.001,0.35,0,0.001,0.41,-0.0001,-0.03,-0.08,0.00,22
275,Exit long,2026-07-28 11:00,RUN EXIT | IN:HYBRID | OUT:MR,1.60508,0.8,1.28208,0.002,0.15,0,0.01,0.41,-0.0004,-0.03,-0.08,0.00,44
275,Entry long,2026-07-24 15:00,MR-L | IN:HYBRID,1.6026,0.8,1.28208,0.002,0.15,0,0.01,0.41,-0.0004,-0.03,-0.08,0.00,44
276,Exit short,2026-07-29 22:00,MR TP1 | IN:MR | OUT:HYBRID,1.60352,0.2,0.320696,-0.00001,0.00,0,0.0001,0.02,-0.0003,-0.10,-0.08,0.00,3
276,Entry short,2026-07-29 19:00,MR-S | IN:MR,1.60348,0.2,0.320696,-0.00001,0.00,0,0.0001,0.02,-0.0003,-0.10,-0.08,0.00,3
277,Exit short,2026-07-30 02:00,RUN EXIT | IN:MR | OUT:MR,1.60924,0.8,1.282784,-0.005,-0.36,0,0.0003,0.03,-0.005,-0.39,-0.08,0.00,7
277,Entry short,2026-07-29 19:00,MR-S | IN:MR,1.60348,0.8,1.282784,-0.005,-0.36,0,0.0003,0.03,-0.005,-0.39,-0.08,0.00,7
278,Exit short,2026-08-03 05:00,MR FAIL | IN:HYBRID | OUT:MR,1.61798,1,1.61342,-0.005,-0.28,0,0.01,0.39,-0.01,-0.35,-0.08,0.00,18
278,Entry short,2026-07-31 11:00,MR-S | IN:HYBRID,1.61342,1,1.61342,-0.005,-0.28,0,0.01,0.39,-0.01,-0.35,-0.08,0.00,18
279,Exit short,2026-08-04 22:00,MR FAIL | IN:MR | OUT:HYBRID,1.62197,1,1.61596,-0.01,-0.37,0,0.001,0.05,-0.01,-0.37,-0.09,0.00,24
279,Entry short,2026-08-03 22:00,MR-S | IN:MR,1.61596,1,1.61596,-0.01,-0.37,0,0.001,0.05,-0.01,-0.37,-0.09,0.00,24
280,Exit long,2026-08-05 21:00,TF EXIT | IN:HYBRID | OUT:MR,1.61964,1,1.62197,-0.002,-0.14,0,0.003,0.18,-0.003,-0.17,-0.09,0.00,23
280,Entry long,2026-08-04 22:00,TF-L | IN:HYBRID,1.62197,1,1.62197,-0.002,-0.14,0,0.003,0.18,-0.003,-0.17,-0.09,0.00,23
281,Exit short,2026-08-06 12:00,MR TP1 | IN:MR | OUT:TREND,1.61818,0.2,0.323928,0.0003,0.09,0,0.0003,0.10,-0.00004,-0.01,-0.09,0.00,15
281,Entry short,2026-08-05 21:00,MR-S | IN:MR,1.61964,0.2,0.323928,0.0003,0.09,0,0.0003,0.10,-0.00004,-0.01,-0.09,0.00,15
282,Exit short,2026-08-07 14:00,RUN EXIT | IN:MR | OUT:MR,1.61583,0.8,1.295712,0.003,0.24,0,0.004,0.34,-0.0002,-0.01,-0.09,0.00,41
282,Entry short,2026-08-05 21:00,MR-S | IN:MR,1.61964,0.8,1.295712,0.003,0.24,0,0.004,0.34,-0.0002,-0.01,-0.09,0.00,41
283,Exit long,2026-08-14 09:00,MR FAIL | IN:MR | OUT:MR,1.6061,1,1.60688,-0.001,-0.05,0,0.003,0.17,-0.001,-0.09,-0.09,0.00,51
283,Entry long,2026-08-12 06:00,MR-L | IN:MR,1.60688,1,1.60688,-0.001,-0.05,0,0.003,0.17,-0.001,-0.09,-0.09,0.00,51
284,Exit long,2026-08-17 21:00,MR TP1 | IN:MR | OUT:MR,1.6068,0.2,0.321198,0.0002,0.05,0,0.001,0.18,-0.0002,-0.05,-0.09,0.00,11
284,Entry long,2026-08-17 10:00,MR-L | IN:MR,1.60599,0.2,0.321198,0.0002,0.05,0,0.001,0.18,-0.0002,-0.05,-0.09,0.00,11
285,Exit long,2026-08-18 10:00,RUN EXIT | IN:MR | OUT:MR,1.60543,0.8,1.284792,-0.0004,-0.03,0,0.002,0.18,-0.001,-0.05,-0.09,0.00,24
285,Entry long,2026-08-17 10:00,MR-L | IN:MR,1.60599,0.8,1.284792,-0.0004,-0.03,0,0.002,0.18,-0.001,-0.05,-0.09,0.00,24
286,Exit long,2026-08-18 22:00,MR TP1 | IN:MR | OUT:MR,1.60836,0.2,0.32162,0.0001,0.02,0,0.0001,0.04,-0.0001,-0.02,-0.09,0.00,1
286,Entry long,2026-08-18 21:00,MR-L | IN:MR,1.6081,0.2,0.32162,0.0001,0.02,0,0.0001,0.04,-0.0001,-0.02,-0.09,0.00,1
287,Exit long,2026-08-20 12:00,RUN EXIT | IN:MR | OUT:MR,1.61075,0.8,1.28648,0.002,0.16,0,0.004,0.34,-0.001,-0.07,-0.09,0.00,39
287,Entry long,2026-08-18 21:00,MR-L | IN:MR,1.6081,0.8,1.28648,0.002,0.16,0,0.004,0.34,-0.001,-0.07,-0.09,0.00,39
288,Exit long,2026-08-24 13:00,MR TP1 | IN:MR | OUT:MR,1.61383,0.2,0.322204,0.001,0.17,0,0.001,0.19,-0.0001,-0.02,-0.09,0.00,6
288,Entry long,2026-08-24 07:00,MR-L | IN:MR,1.61102,0.2,0.322204,0.001,0.17,0,0.001,0.19,-0.0001,-0.02,-0.09,0.00,6
289,Exit long,2026-08-25 20:00,RUN EXIT | IN:MR | OUT:MR,1.6149,0.8,1.288816,0.003,0.24,0,0.01,0.40,-0.0003,-0.02,-0.09,0.00,37
289,Entry long,2026-08-24 07:00,MR-L | IN:MR,1.61102,0.8,1.288816,0.003,0.24,0,0.01,0.40,-0.0003,-0.02,-0.09,0.00,37
290,Exit short,2026-08-28 01:00,MR TP1 | IN:MR | OUT:HYBRID,1.61414,0.2,0.323228,0.0004,0.12,0,0.001,0.17,-0.000004,0.00,-0.08,0.00,8
290,Entry short,2026-08-27 17:00,MR-S | IN:MR,1.61614,0.2,0.323228,0.0004,0.12,0,0.001,0.17,-0.000004,0.00,-0.08,0.00,8
291,Exit short,Open,Open,—,0.8,1.292912,0.005,0.37,0,0.005,0.37,-0.00002,0.00,-0.08,0.00,34
291,Entry short,2026-08-27 17:00,MR-S | IN:MR,1.61614,0.8,1.292912,0.005,0.37,0,0.005,0.37,-0.00002,0.00,-0.08,0.00,34