Trade number,Type,Date and time,Signal,Price USD,Size (qty),Size (value),Net PnL USD,Return %,Commission USD,Favorable excursion USD,Favorable excursion %,Adverse excursion USD,Adverse excursion %,Cumulative PnL USD,Cumulative PnL %,Duration (bars)
1,Exit short,2024-01-16 10:00,MR TP1 | IN:MR | OUT:MR,4767.8,0.2,955.12,1.56,0.16,0,2.22,0.23,0,0.00,1.56,0.00,4
1,Entry short,2024-01-16 06:00,MR-S | IN:MR,4775.6,0.2,955.12,1.56,0.16,0,2.22,0.23,0,0.00,1.56,0.00,4
2,Exit short,2024-01-18 10:00,RUN EXIT | IN:MR | OUT:MR,4734.7,0.8,3820.48,32.72,0.86,0,49.04,1.28,-5.6,-0.15,34.28,0.03,50
2,Entry short,2024-01-16 06:00,MR-S | IN:MR,4775.6,0.8,3820.48,32.72,0.86,0,49.04,1.28,-5.6,-0.15,34.28,0.03,50
3,Exit short,2024-01-24 06:00,MR FAIL | IN:TREND | OUT:MR,4877.2,1,4855.3,-21.9,-0.45,0,10.5,0.22,-22.6,-0.47,12.38,0.01,34
3,Entry short,2024-01-22 18:00,MR-S | IN:TREND,4855.3,1,4855.3,-21.9,-0.45,0,10.5,0.22,-22.6,-0.47,12.38,0.01,34
4,Exit short,2024-01-26 04:00,MR FAIL | IN:TREND | OUT:MR,4894.4,1,4871.9,-22.5,-0.46,0,10,0.21,-27.6,-0.57,-10.12,-0.01,24
4,Entry short,2024-01-25 03:00,MR-S | IN:TREND,4871.9,1,4871.9,-22.5,-0.46,0,10,0.21,-27.6,-0.57,-10.12,-0.01,24
5,Exit short,2024-01-26 20:00,MR FAIL | IN:MR | OUT:MR,4900.5,1,4876.5,-24,-0.49,0,4.2,0.09,-26,-0.53,-34.12,-0.03,9
5,Entry short,2024-01-26 11:00,MR-S | IN:MR,4876.5,1,4876.5,-24,-0.49,0,4.2,0.09,-26,-0.53,-34.12,-0.03,9
6,Exit short,2024-01-29 21:00,MR FAIL | IN:MR | OUT:MR,4897.8,1,4880.2,-17.6,-0.36,0,0.5,0.01,-18.8,-0.39,-51.72,-0.05,15
6,Entry short,2024-01-29 06:00,MR-S | IN:MR,4880.2,1,4880.2,-17.6,-0.36,0,0.5,0.01,-18.8,-0.39,-51.72,-0.05,15
7,Exit short,2024-01-31 21:00,MR TP1 | IN:HYBRID | OUT:HYBRID,4894,0.2,984.74,5.94,0.60,0,6.38,0.65,-2,-0.20,-45.78,-0.05,22
7,Entry short,2024-01-30 22:00,MR-S | IN:HYBRID,4923.7,0.2,984.74,5.94,0.60,0,6.38,0.65,-2,-0.20,-45.78,-0.05,22
8,Exit short,2024-02-01 22:00,RUN EXIT | IN:HYBRID | OUT:HYBRID,4855.3,0.8,3938.96,54.72,1.39,0,64.4,1.63,-8,-0.20,8.94,0.01,46
8,Entry short,2024-01-30 22:00,MR-S | IN:HYBRID,4923.7,0.8,3938.96,54.72,1.39,0,64.4,1.63,-8,-0.20,8.94,0.01,46
9,Exit short,2024-02-07 06:00,MR FAIL | IN:MR | OUT:MR,4955,1,4946.4,-8.6,-0.17,0,28,0.57,-12.9,-0.26,0.34,0.00,36
9,Entry short,2024-02-05 16:00,MR-S | IN:MR,4946.4,1,4946.4,-8.6,-0.17,0,28,0.57,-12.9,-0.26,0.34,0.00,36
10,Exit short,2024-02-09 22:00,MR FAIL | IN:MR | OUT:TREND,5013.8,1,4990.2,-23.6,-0.47,0,0.5,0.01,-35,-0.70,-23.26,-0.02,21
10,Entry short,2024-02-09 00:00,MR-S | IN:MR,4990.2,1,4990.2,-23.6,-0.47,0,0.5,0.01,-35,-0.70,-23.26,-0.02,21
11,Exit short,2024-02-13 21:00,MR TP1 | IN:MR | OUT:MR,4952.7,0.2,1004.04,13.5,1.34,0,13.84,1.38,-0.9,-0.09,-9.76,-0.01,15
11,Entry short,2024-02-13 06:00,MR-S | IN:MR,5020.2,0.2,1004.04,13.5,1.34,0,13.84,1.38,-0.9,-0.09,-9.76,-0.01,15
12,Exit short,2024-02-14 18:00,RUN EXIT | IN:MR | OUT:MR,4979.1,0.8,4016.16,32.88,0.82,0,78.96,1.97,-3.6,-0.09,23.12,0.02,35
12,Entry short,2024-02-13 06:00,MR-S | IN:MR,5020.2,0.8,4016.16,32.88,0.82,0,78.96,1.97,-3.6,-0.09,23.12,0.02,35
13,Exit short,2024-02-19 20:00,MR TP1 | IN:TREND | OUT:MR,5011.3,0.2,1001.4,-0.86,-0.09,0,1.92,0.19,-6.34,-0.63,22.26,0.02,22
13,Entry short,2024-02-16 21:00,MR-S | IN:TREND,5007,0.2,1001.4,-0.86,-0.09,0,1.92,0.19,-6.34,-0.63,22.26,0.02,22
14,Exit short,2024-02-22 04:00,RUN EXIT | IN:TREND | OUT:MR,5006,0.8,4005.6,0.8,0.02,0,47.76,1.19,-25.36,-0.63,23.06,0.02,72
14,Entry short,2024-02-16 21:00,MR-S | IN:TREND,5007,0.8,4005.6,0.8,0.02,0,47.76,1.19,-25.36,-0.63,23.06,0.02,72
15,Exit short,2024-02-27 15:00,MR TP1 | IN:TREND | OUT:HYBRID,5069.1,0.2,1017,3.18,0.31,0,3.98,0.39,-5.4,-0.53,26.24,0.03,46
15,Entry short,2024-02-23 15:00,MR-S | IN:TREND,5085,0.2,1017,3.18,0.31,0,3.98,0.39,-5.4,-0.53,26.24,0.03,46
16,Exit short,2024-02-28 09:00,RUN EXIT | IN:TREND | OUT:MR,5081.9,0.8,4068,2.48,0.06,0,20.72,0.51,-21.6,-0.53,28.72,0.03,63
16,Entry short,2024-02-23 15:00,MR-S | IN:TREND,5085,0.8,4068,2.48,0.06,0,20.72,0.51,-21.6,-0.53,28.72,0.03,63
17,Exit long,2024-02-29 14:00,MR FAIL | IN:MR | OUT:MR,5066.6,1,5074.6,-8,-0.16,0,0,0.00,-9.1,-0.18,20.72,0.02,2
17,Entry long,2024-02-29 12:00,MR-L | IN:MR,5074.6,1,5074.6,-8,-0.16,0,0,0.00,-9.1,-0.18,20.72,0.02,2
18,Exit long,2024-03-01 01:00,MR TP1 | IN:MR | OUT:MR,5087.1,0.2,1018.78,-1.36,-0.13,0,0.5,0.05,-6.36,-0.62,19.36,0.02,4
18,Entry long,2024-02-29 21:00,MR-L | IN:MR,5093.9,0.2,1018.78,-1.36,-0.13,0,0.5,0.05,-6.36,-0.62,19.36,0.02,4
19,Exit long,2024-03-04 16:00,RUN EXIT | IN:MR | OUT:TREND,5134.5,0.8,4075.12,32.48,0.80,0,38.4,0.94,-25.44,-0.62,51.84,0.05,41
19,Entry long,2024-02-29 21:00,MR-L | IN:MR,5093.9,0.8,4075.12,32.48,0.80,0,38.4,0.94,-25.44,-0.62,51.84,0.05,41
20,Exit long,2024-03-07 21:00,MR TP1 | IN:MR | OUT:MR,5141.5,0.2,1020.78,7.52,0.74,0,7.96,0.78,-4.28,-0.42,59.36,0.06,25
20,Entry long,2024-03-06 19:00,MR-L | IN:MR,5103.9,0.2,1020.78,7.52,0.74,0,7.96,0.78,-4.28,-0.42,59.36,0.06,25
21,Exit long,2024-03-08 23:00,RUN EXIT | IN:MR | OUT:MR,5146.9,0.8,4083.12,34.4,0.84,0,68.16,1.67,-17.12,-0.42,93.76,0.09,50
21,Entry long,2024-03-06 19:00,MR-L | IN:MR,5103.9,0.8,4083.12,34.4,0.84,0,68.16,1.67,-17.12,-0.42,93.76,0.09,50
22,Exit long,2024-03-12 18:00,MR TP1 | IN:MR | OUT:HYBRID,5133.2,0.2,1027.22,-0.58,-0.06,0,1.86,0.18,-1.14,-0.11,93.18,0.09,9
22,Entry long,2024-03-12 09:00,MR-L | IN:MR,5136.1,0.2,1027.22,-0.58,-0.06,0,1.86,0.18,-1.14,-0.11,93.18,0.09,9
23,Exit long,2024-03-14 02:00,RUN EXIT | IN:MR | OUT:MR,5169.5,0.8,4108.88,26.72,0.65,0,38.32,0.93,-18.48,-0.45,119.9,0.12,40
23,Entry long,2024-03-12 09:00,MR-L | IN:MR,5136.1,0.8,4108.88,26.72,0.65,0,38.32,0.93,-18.48,-0.45,119.9,0.12,40
24,Exit long,2024-03-19 02:00,MR TP1 | IN:MR | OUT:TREND,5153.9,0.2,1028.2,2.58,0.25,0,7.64,0.74,-0.9,-0.09,122.48,0.12,11
24,Entry long,2024-03-18 15:00,MR-L | IN:MR,5141,0.2,1028.2,2.58,0.25,0,7.64,0.74,-0.9,-0.09,122.48,0.12,11
25,Exit long,2024-03-19 18:00,RUN EXIT | IN:MR | OUT:MR,5133.3,0.8,4112.8,-6.16,-0.15,0,30.56,0.74,-9.52,-0.23,116.32,0.12,26
25,Entry long,2024-03-18 15:00,MR-L | IN:MR,5141,0.8,4112.8,-6.16,-0.15,0,30.56,0.74,-9.52,-0.23,116.32,0.12,26
26,Exit short,2024-03-25 18:00,MR TP1 | IN:TREND | OUT:MR,5219.3,0.2,1049.04,5.18,0.49,0,5.68,0.54,-1.6,-0.15,121.5,0.12,39
26,Entry short,2024-03-22 01:00,MR-S | IN:TREND,5245.2,0.2,1049.04,5.18,0.49,0,5.68,0.54,-1.6,-0.15,121.5,0.12,39
27,Exit short,2024-03-26 15:00,RUN EXIT | IN:TREND | OUT:MR,5238.1,0.8,4196.16,5.68,0.14,0,22.72,0.54,-6.4,-0.15,127.18,0.13,59
27,Entry short,2024-03-22 01:00,MR-S | IN:TREND,5245.2,0.8,4196.16,5.68,0.14,0,22.72,0.54,-6.4,-0.15,127.18,0.13,59
28,Exit long,2024-03-27 21:00,MR FAIL | IN:MR | OUT:MR,5219.1,1,5234.1,-15,-0.29,0,5.2,0.10,-17.3,-0.33,112.18,0.11,2
28,Entry long,2024-03-27 19:00,MR-L | IN:MR,5234.1,1,5234.1,-15,-0.29,0,5.2,0.10,-17.3,-0.33,112.18,0.11,2
29,Exit long,2024-03-28 03:00,MR TP1 | IN:MR | OUT:MR,5254.8,0.2,1051.02,-0.06,-0.01,0,0.7,0.07,-0.36,-0.03,112.12,0.11,1
29,Entry long,2024-03-28 02:00,MR-L | IN:MR,5255.1,0.2,1051.02,-0.06,-0.01,0,0.7,0.07,-0.36,-0.03,112.12,0.11,1
30,Exit long,2024-04-01 19:00,RUN EXIT | IN:MR | OUT:HYBRID,5264.1,0.8,4204.08,7.2,0.17,0,21.6,0.51,-6.88,-0.16,119.32,0.12,39
30,Entry long,2024-03-28 02:00,MR-L | IN:MR,5255.1,0.8,4204.08,7.2,0.17,0,21.6,0.51,-6.88,-0.16,119.32,0.12,39
31,Exit long,2024-04-04 15:00,MR TP1 | IN:HYBRID | OUT:HYBRID,5231.3,0.2,1039.72,6.54,0.63,0,7.28,0.70,-0.74,-0.07,125.86,0.13,22
31,Entry long,2024-04-03 16:00,MR-L | IN:HYBRID,5198.6,0.2,1039.72,6.54,0.63,0,7.28,0.70,-0.74,-0.07,125.86,0.13,22
32,Exit long,2024-04-05 02:00,RUN EXIT | IN:HYBRID | OUT:TREND,5148.3,0.8,4158.88,-40.24,-0.97,0,48.16,1.16,-42.88,-1.03,85.62,0.09,33
32,Entry long,2024-04-03 16:00,MR-L | IN:HYBRID,5198.6,0.8,4158.88,-40.24,-0.97,0,48.16,1.16,-42.88,-1.03,85.62,0.09,33
33,Exit long,2024-04-08 15:00,MR TP1 | IN:TREND | OUT:HYBRID,5198.1,0.2,1044.52,-4.9,-0.47,0,0.2,0.02,-6.8,-0.65,80.72,0.08,15
33,Entry long,2024-04-05 23:00,MR-L | IN:TREND,5222.6,0.2,1044.52,-4.9,-0.47,0,0.2,0.02,-6.8,-0.65,80.72,0.08,15
34,Exit long,2024-04-09 17:00,RUN EXIT | IN:TREND | OUT:MR,5203.7,0.8,4178.08,-15.12,-0.36,0,0.8,0.02,-27.2,-0.65,65.6,0.07,40
34,Entry long,2024-04-05 23:00,MR-L | IN:TREND,5222.6,0.8,4178.08,-15.12,-0.36,0,0.8,0.02,-27.2,-0.65,65.6,0.07,40
35,Exit short,2024-04-10 01:00,MR TP1 | IN:MR | OUT:MR,5185.2,0.2,1034.88,-2.16,-0.21,0,0.64,0.06,-4.66,-0.45,63.44,0.06,4
35,Entry short,2024-04-09 21:00,MR-S | IN:MR,5174.4,0.2,1034.88,-2.16,-0.21,0,0.64,0.06,-4.66,-0.45,63.44,0.06,4
36,Exit short,2024-04-10 07:00,RUN EXIT | IN:MR | OUT:MR,5219,0.8,4139.52,-35.68,-0.86,0,2.56,0.06,-40.96,-0.99,27.76,0.03,9
36,Entry short,2024-04-09 21:00,MR-S | IN:MR,5174.4,0.8,4139.52,-35.68,-0.86,0,2.56,0.06,-40.96,-0.99,27.76,0.03,9
37,Exit short,2024-04-10 20:00,MR TP1 | IN:MR | OUT:MR,5158.9,0.2,1029.38,-2.4,-0.23,0,2.44,0.24,-3.4,-0.33,25.36,0.03,1
37,Entry short,2024-04-10 19:00,MR-S | IN:MR,5146.9,0.2,1029.38,-2.4,-0.23,0,2.44,0.24,-3.4,-0.33,25.36,0.03,1
38,Exit short,2024-04-11 20:00,RUN EXIT | IN:MR | OUT:MR,5162.9,0.8,4117.52,-12.8,-0.31,0,14.24,0.35,-27.2,-0.66,12.56,0.01,24
38,Entry short,2024-04-10 19:00,MR-S | IN:MR,5146.9,0.8,4117.52,-12.8,-0.31,0,14.24,0.35,-27.2,-0.66,12.56,0.01,24
39,Exit long,2024-04-16 00:00,MR FAIL | IN:MR | OUT:MR,5080.3,1,5165.1,-84.8,-1.64,0,6,0.12,-98.8,-1.91,-72.24,-0.07,5
39,Entry long,2024-04-15 19:00,MR-L | IN:MR,5165.1,1,5165.1,-84.8,-1.64,0,6,0.12,-98.8,-1.91,-72.24,-0.07,5
40,Exit long,2024-04-18 01:00,MR FAIL | IN:TREND | OUT:MR,5031.8,1,5047.2,-15.4,-0.31,0,34.2,0.68,-40.4,-0.80,-87.64,-0.09,27
40,Entry long,2024-04-16 21:00,MR-L | IN:TREND,5047.2,1,5047.2,-15.4,-0.31,0,34.2,0.68,-40.4,-0.80,-87.64,-0.09,27
41,Exit long,2024-04-19 03:00,MR FAIL | IN:MR | OUT:MR,5007.5,1,5042,-34.5,-0.68,0,13.3,0.26,-43.1,-0.85,-122.14,-0.12,14
41,Entry long,2024-04-18 13:00,MR-L | IN:MR,5042,1,5042,-34.5,-0.68,0,13.3,0.26,-43.1,-0.85,-122.14,-0.12,14
42,Exit long,2024-04-23 08:00,MR TP1 | IN:MR | OUT:MR,5005.9,0.2,996.02,5.16,0.52,0,11.96,1.20,-2.14,-0.21,-116.98,-0.12,23
42,Entry long,2024-04-22 08:00,MR-L | IN:MR,4980.1,0.2,996.02,5.16,0.52,0,11.96,1.20,-2.14,-0.21,-116.98,-0.12,23
43,Exit long,2024-04-24 20:00,RUN EXIT | IN:MR | OUT:MR,5078.5,0.8,3984.08,78.72,1.98,0,90.64,2.28,-8.56,-0.21,-38.26,-0.04,58
43,Entry long,2024-04-22 08:00,MR-L | IN:MR,4980.1,0.8,3984.08,78.72,1.98,0,90.64,2.28,-8.56,-0.21,-38.26,-0.04,58
44,Exit long,2024-04-26 08:00,MR TP1 | IN:MR | OUT:MR,5089.7,0.2,1017.14,0.8,0.08,0,1.08,0.11,-0.5,-0.05,-37.46,-0.04,2
44,Entry long,2024-04-26 06:00,MR-L | IN:MR,5085.7,0.2,1017.14,0.8,0.08,0,1.08,0.11,-0.5,-0.05,-37.46,-0.04,2
45,Exit long,2024-04-30 03:00,RUN EXIT | IN:MR | OUT:MR,5115.5,0.8,4068.56,23.84,0.59,0,29.68,0.73,-11.76,-0.29,-13.62,-0.01,44
45,Entry long,2024-04-26 06:00,MR-L | IN:MR,5085.7,0.8,4068.56,23.84,0.59,0,29.68,0.73,-11.76,-0.29,-13.62,-0.01,44
46,Exit long,2024-05-03 07:00,MR TP1 | IN:TREND | OUT:HYBRID,5080.6,0.2,1004.7,11.42,1.14,0,14.56,1.45,-3.24,-0.32,-2.2,0.00,29
46,Entry long,2024-05-02 00:00,MR-L | IN:TREND,5023.5,0.2,1004.7,11.42,1.14,0,14.56,1.45,-3.24,-0.32,-2.2,0.00,29
47,Exit long,2024-05-08 15:00,RUN EXIT | IN:TREND | OUT:MR,5187.2,0.8,4018.8,130.96,3.26,0,142.08,3.54,-12.96,-0.32,128.76,0.13,106
47,Entry long,2024-05-02 00:00,MR-L | IN:TREND,5023.5,0.8,4018.8,130.96,3.26,0,142.08,3.54,-12.96,-0.32,128.76,0.13,106
48,Exit short,2024-05-15 02:00,MR FAIL | IN:MR | OUT:MR,5246.5,1,5224,-22.5,-0.43,0,29.2,0.56,-27.8,-0.53,106.26,0.11,26
48,Entry short,2024-05-13 23:00,MR-S | IN:MR,5224,1,5224,-22.5,-0.43,0,29.2,0.56,-27.8,-0.53,106.26,0.11,26
49,Exit short,2024-05-20 21:00,MR FAIL | IN:TREND | OUT:TREND,5325.2,1,5313.7,-11.5,-0.22,0,30.1,0.57,-14,-0.26,94.76,0.09,52
49,Entry short,2024-05-16 15:00,MR-S | IN:TREND,5313.7,1,5313.7,-11.5,-0.22,0,30.1,0.57,-14,-0.26,94.76,0.09,52
50,Exit short,2024-05-22 01:00,MR FAIL | IN:TREND | OUT:MR,5316.9,1,5311.2,-5.7,-0.11,0,7.8,0.15,-9.2,-0.17,89.06,0.09,23
50,Entry short,2024-05-21 01:00,MR-S | IN:TREND,5311.2,1,5311.2,-5.7,-0.11,0,7.8,0.15,-9.2,-0.17,89.06,0.09,23
51,Exit short,2024-05-23 10:00,MR FAIL | IN:MR | OUT:MR,5343.3,1,5319.4,-23.9,-0.45,0,31,0.58,-24.4,-0.46,65.16,0.07,11
51,Entry short,2024-05-22 22:00,MR-S | IN:MR,5319.4,1,5319.4,-23.9,-0.45,0,31,0.58,-24.4,-0.46,65.16,0.07,11
52,Exit short,2024-05-24 02:00,MR TP1 | IN:MR | OUT:MR,5268,0.2,1064.06,10.46,0.98,0,12.84,1.21,-0.7,-0.07,75.62,0.08,4
52,Entry short,2024-05-23 22:00,MR-S | IN:MR,5320.3,0.2,1064.06,10.46,0.98,0,12.84,1.21,-0.7,-0.07,75.62,0.08,4
53,Exit short,2024-05-24 22:00,RUN EXIT | IN:MR | OUT:HYBRID,5303.8,0.8,4256.24,13.2,0.31,0,51.36,1.21,-2.8,-0.07,88.82,0.09,23
53,Entry short,2024-05-23 22:00,MR-S | IN:MR,5320.3,0.8,4256.24,13.2,0.31,0,51.36,1.21,-2.8,-0.07,88.82,0.09,23
54,Exit short,2024-05-29 12:00,MR TP1 | IN:MR | OUT:MR,5287.9,0.2,1060.04,2.46,0.23,0,3.4,0.32,-3.34,-0.32,91.28,0.09,11
54,Entry short,2024-05-29 00:00,MR-S | IN:MR,5300.2,0.2,1060.04,2.46,0.23,0,3.4,0.32,-3.34,-0.32,91.28,0.09,11
55,Exit short,2024-05-30 20:00,RUN EXIT | IN:MR | OUT:HYBRID,5257.5,0.8,4240.16,34.16,0.81,0,49.76,1.17,-13.36,-0.32,125.44,0.13,42
55,Entry short,2024-05-29 00:00,MR-S | IN:MR,5300.2,0.8,4240.16,34.16,0.81,0,49.76,1.17,-13.36,-0.32,125.44,0.13,42
56,Exit long,2024-05-31 22:00,MR FAIL | IN:MR | OUT:MR,5206.6,1,5235.3,-28.7,-0.55,0,24.5,0.47,-29.7,-0.57,96.74,0.10,4
56,Entry long,2024-05-31 18:00,MR-L | IN:MR,5235.3,1,5235.3,-28.7,-0.55,0,24.5,0.47,-29.7,-0.57,96.74,0.10,4
57,Exit long,2024-06-03 10:00,MR TP1 | IN:HYBRID | OUT:HYBRID,5297.2,0.2,1056.86,2.58,0.24,0,3.24,0.31,-1.1,-0.10,99.32,0.10,7
57,Entry long,2024-06-01 02:00,MR-L | IN:HYBRID,5284.3,0.2,1056.86,2.58,0.24,0,3.24,0.31,-1.1,-0.10,99.32,0.10,7
58,Exit long,2024-06-04 06:00,RUN EXIT | IN:HYBRID | OUT:MR,5287,0.8,4227.44,2.16,0.05,0,14.8,0.35,-38.24,-0.90,101.48,0.10,26
58,Entry long,2024-06-01 02:00,MR-L | IN:HYBRID,5284.3,0.8,4227.44,2.16,0.05,0,14.8,0.35,-38.24,-0.90,101.48,0.10,26
59,Exit short,2024-06-10 19:00,MR TP1 | IN:TREND | OUT:MR,5340.1,0.2,1071.08,3.06,0.29,0,6.94,0.65,-4.36,-0.41,104.54,0.10,44
59,Entry short,2024-06-06 21:00,MR-S | IN:TREND,5355.4,0.2,1071.08,3.06,0.29,0,6.94,0.65,-4.36,-0.41,104.54,0.10,44
60,Exit short,2024-06-11 05:00,RUN EXIT | IN:TREND | OUT:MR,5363.6,0.8,4284.32,-6.56,-0.15,0,27.76,0.65,-17.44,-0.41,97.98,0.10,53
60,Entry short,2024-06-06 21:00,MR-S | IN:TREND,5355.4,0.8,4284.32,-6.56,-0.15,0,27.76,0.65,-17.44,-0.41,97.98,0.10,53
61,Exit short,2024-06-12 02:00,MR FAIL | IN:MR | OUT:MR,5378.4,1,5350.7,-27.7,-0.52,0,21.5,0.40,-28.9,-0.54,70.28,0.07,7
61,Entry short,2024-06-11 19:00,MR-S | IN:MR,5350.7,1,5350.7,-27.7,-0.52,0,21.5,0.40,-28.9,-0.54,70.28,0.07,7
62,Exit short,2024-06-17 23:00,MR FAIL | IN:TREND | OUT:MR,5460.5,1,5432.6,-27.9,-0.51,0,39.3,0.72,-32.9,-0.61,42.38,0.04,57
62,Entry short,2024-06-13 12:00,MR-S | IN:TREND,5432.6,1,5432.6,-27.9,-0.51,0,39.3,0.72,-32.9,-0.61,42.38,0.04,57
63,Exit short,2024-06-20 14:00,MR FAIL | IN:HYBRID | OUT:TREND,5512.8,1,5495.2,-17.6,-0.32,0,3.8,0.07,-24.9,-0.45,24.78,0.02,20
63,Entry short,2024-06-19 13:00,MR-S | IN:HYBRID,5495.2,1,5495.2,-17.6,-0.32,0,3.8,0.07,-24.9,-0.45,24.78,0.02,20
64,Exit short,2024-06-21 10:00,MR TP1 | IN:MR | OUT:TREND,5478.2,0.2,1098.06,2.42,0.22,0,6.5,0.59,-0.56,-0.05,27.2,0.03,11
64,Entry short,2024-06-20 22:00,MR-S | IN:MR,5490.3,0.2,1098.06,2.42,0.22,0,6.5,0.59,-0.56,-0.05,27.2,0.03,11
65,Exit short,2024-06-24 14:00,RUN EXIT | IN:MR | OUT:MR,5477.8,0.8,4392.24,10,0.23,0,30.48,0.69,-2.24,-0.05,37.2,0.04,38
65,Entry short,2024-06-20 22:00,MR-S | IN:MR,5490.3,0.8,4392.24,10,0.23,0,30.48,0.69,-2.24,-0.05,37.2,0.04,38
66,Exit long,2024-06-26 10:00,MR TP1 | IN:MR | OUT:MR,5476.8,0.2,1094.32,1.04,0.10,0,1.44,0.13,-0.7,-0.06,38.24,0.04,7
66,Entry long,2024-06-26 02:00,MR-L | IN:MR,5471.6,0.2,1094.32,1.04,0.10,0,1.44,0.13,-0.7,-0.06,38.24,0.04,7
67,Exit long,2024-06-27 05:00,RUN EXIT | IN:MR | OUT:MR,5467.4,0.8,4377.28,-3.36,-0.08,0,13.92,0.32,-14.4,-0.33,34.88,0.03,25
67,Entry long,2024-06-26 02:00,MR-L | IN:MR,5471.6,0.8,4377.28,-3.36,-0.08,0,13.92,0.32,-14.4,-0.33,34.88,0.03,25
68,Exit short,2024-07-01 13:00,MR TP1 | IN:MR | OUT:MR,5479.8,0.2,1094.16,-1.8,-0.16,0,4.32,0.39,-2.2,-0.20,33.08,0.03,11
68,Entry short,2024-06-29 01:00,MR-S | IN:MR,5470.8,0.2,1094.16,-1.8,-0.16,0,4.32,0.39,-2.2,-0.20,33.08,0.03,11
69,Exit short,2024-07-02 22:00,RUN EXIT | IN:MR | OUT:MR,5477.5,0.8,4376.64,-5.36,-0.12,0,20.88,0.48,-12.16,-0.28,27.72,0.03,43
69,Entry short,2024-06-29 01:00,MR-S | IN:MR,5470.8,0.8,4376.64,-5.36,-0.12,0,20.88,0.48,-12.16,-0.28,27.72,0.03,43
70,Exit short,2024-07-05 23:00,MR FAIL | IN:TREND | OUT:MR,5554,1,5539.7,-14.3,-0.26,0,10.8,0.19,-16.5,-0.30,13.42,0.01,23
70,Entry short,2024-07-04 19:00,MR-S | IN:TREND,5539.7,1,5539.7,-14.3,-0.26,0,10.8,0.19,-16.5,-0.30,13.42,0.01,23
71,Exit short,2024-07-11 01:00,MR FAIL | IN:MR | OUT:TREND,5621.5,1,5578.9,-42.6,-0.76,0,1.2,0.02,-44.1,-0.79,-29.18,-0.03,22
71,Entry short,2024-07-10 02:00,MR-S | IN:MR,5578.9,1,5578.9,-42.6,-0.76,0,1.2,0.02,-44.1,-0.79,-29.18,-0.03,22
72,Exit short,2024-07-12 11:00,MR TP1 | IN:TREND | OUT:HYBRID,5586.3,0.2,1127.98,10.72,0.95,0,12.34,1.09,-0.76,-0.07,-18.46,-0.02,14
72,Entry short,2024-07-11 20:00,MR-S | IN:TREND,5639.9,0.2,1127.98,10.72,0.95,0,12.34,1.09,-0.76,-0.07,-18.46,-0.02,14
73,Exit short,2024-07-12 23:00,RUN EXIT | IN:TREND | OUT:TREND,5636.1,0.8,4511.92,3.04,0.07,0,55.04,1.22,-3.04,-0.07,-15.42,-0.02,26
73,Entry short,2024-07-11 20:00,MR-S | IN:TREND,5639.9,0.8,4511.92,3.04,0.07,0,55.04,1.22,-3.04,-0.07,-15.42,-0.02,26
74,Exit short,2024-07-16 22:00,MR FAIL | IN:MR | OUT:MR,5652.5,1,5632.9,-19.6,-0.35,0,7.6,0.13,-33.6,-0.60,-35.02,-0.04,8
74,Entry short,2024-07-16 14:00,MR-S | IN:MR,5632.9,1,5632.9,-19.6,-0.35,0,7.6,0.13,-33.6,-0.60,-35.02,-0.04,8
75,Exit short,2024-07-17 21:00,MR TP1 | IN:HYBRID | OUT:TREND,5603.2,0.2,1126.44,5.8,0.51,0,6.56,0.58,-0.3,-0.03,-29.22,-0.03,7
75,Entry short,2024-07-17 14:00,MR-S | IN:HYBRID,5632.2,0.2,1126.44,5.8,0.51,0,6.56,0.58,-0.3,-0.03,-29.22,-0.03,7
76,Exit short,2024-07-18 19:00,RUN EXIT | IN:HYBRID | OUT:MR,5608.6,0.8,4505.76,18.88,0.42,0,37.84,0.84,-1.2,-0.03,-10.34,-0.01,28
76,Entry short,2024-07-17 14:00,MR-S | IN:HYBRID,5632.2,0.8,4505.76,18.88,0.42,0,37.84,0.84,-1.2,-0.03,-10.34,-0.01,28
77,Exit long,2024-07-19 23:00,MR FAIL | IN:TREND | OUT:MR,5511.4,1,5557.4,-46,-0.83,0,1.3,0.02,-50.5,-0.91,-56.34,-0.06,4
77,Entry long,2024-07-19 19:00,MR-L | IN:TREND,5557.4,1,5557.4,-46,-0.83,0,1.3,0.02,-50.5,-0.91,-56.34,-0.06,4
78,Exit long,2024-07-23 11:00,MR TP1 | IN:MR | OUT:HYBRID,5559.7,0.2,1108.46,3.48,0.31,0,6.14,0.55,-2.46,-0.22,-52.86,-0.05,16
78,Entry long,2024-07-22 18:00,MR-L | IN:MR,5542.3,0.2,1108.46,3.48,0.31,0,6.14,0.55,-2.46,-0.22,-52.86,-0.05,16
79,Exit long,2024-07-24 07:00,RUN EXIT | IN:MR | OUT:MR,5540.5,0.8,4433.84,-1.44,-0.03,0,36.32,0.82,-9.84,-0.22,-54.3,-0.05,35
79,Entry long,2024-07-22 18:00,MR-L | IN:MR,5542.3,0.8,4433.84,-1.44,-0.03,0,36.32,0.82,-9.84,-0.22,-54.3,-0.05,35
80,Exit long,2024-07-29 08:00,MR TP1 | IN:TREND | OUT:HYBRID,5485.5,0.2,1089.2,7.9,0.73,0,9.4,0.86,-10.62,-0.98,-46.4,-0.05,33
80,Entry long,2024-07-25 21:00,MR-L | IN:TREND,5446,0.2,1089.2,7.9,0.73,0,9.4,0.86,-10.62,-0.98,-46.4,-0.05,33
81,Exit long,2024-07-30 05:00,RUN EXIT | IN:TREND | OUT:MR,5468.4,0.8,4356.8,17.92,0.41,0,41.2,0.95,-42.48,-0.98,-28.48,-0.03,53
81,Entry long,2024-07-25 21:00,MR-L | IN:TREND,5446,0.8,4356.8,17.92,0.41,0,41.2,0.95,-42.48,-0.98,-28.48,-0.03,53
82,Exit short,2024-07-30 23:00,MR TP1 | IN:MR | OUT:MR,5405.4,0.2,1091.24,10.16,0.93,0,10.2,0.93,-0.3,-0.03,-18.32,-0.02,2
82,Entry short,2024-07-30 21:00,MR-S | IN:MR,5456.2,0.2,1091.24,10.16,0.93,0,10.2,0.93,-0.3,-0.03,-18.32,-0.02,2
83,Exit short,2024-07-31 13:00,RUN EXIT | IN:MR | OUT:MR,5481.9,0.8,4364.96,-20.56,-0.47,0,47.28,1.08,-22.4,-0.51,-38.88,-0.04,15
83,Entry short,2024-07-30 21:00,MR-S | IN:MR,5456.2,0.8,4364.96,-20.56,-0.47,0,47.28,1.08,-22.4,-0.51,-38.88,-0.04,15
84,Exit short,2024-08-02 06:00,MR TP1 | IN:MR | OUT:TREND,5427.2,0.2,1111.54,26.1,2.35,0,29.5,2.65,-0.64,-0.06,-12.78,-0.01,9
84,Entry short,2024-08-01 20:00,MR-S | IN:MR,5557.7,0.2,1111.54,26.1,2.35,0,29.5,2.65,-0.64,-0.06,-12.78,-0.01,9
85,Exit short,2024-08-05 23:00,RUN EXIT | IN:MR | OUT:HYBRID,5201.4,0.8,4446.16,285.04,6.41,0,375.04,8.44,-2.56,-0.06,272.26,0.27,49
85,Entry short,2024-08-01 20:00,MR-S | IN:MR,5557.7,0.8,4446.16,285.04,6.41,0,375.04,8.44,-2.56,-0.06,272.26,0.27,49
86,Exit long,2024-08-09 01:00,MR TP1 | IN:MR | OUT:MR,5314.7,0.2,1059.08,3.86,0.36,0,6.26,0.59,-3.6,-0.34,276.12,0.28,4
86,Entry long,2024-08-08 21:00,MR-L | IN:MR,5295.4,0.2,1059.08,3.86,0.36,0,6.26,0.59,-3.6,-0.34,276.12,0.28,4
87,Exit long,2024-08-12 19:00,RUN EXIT | IN:MR | OUT:HYBRID,5355.8,0.8,4236.32,48.32,1.14,0,54.16,1.28,-14.4,-0.34,324.44,0.32,44
87,Entry long,2024-08-08 21:00,MR-L | IN:MR,5295.4,0.8,4236.32,48.32,1.14,0,54.16,1.28,-14.4,-0.34,324.44,0.32,44
88,Exit short,2024-08-15 21:00,MR FAIL | IN:MR | OUT:MR,5521.8,1,5444.2,-77.6,-1.43,0,6,0.11,-80.9,-1.49,246.84,0.25,21
88,Entry short,2024-08-14 23:00,MR-S | IN:MR,5444.2,1,5444.2,-77.6,-1.43,0,6,0.11,-80.9,-1.49,246.84,0.25,21
89,Exit short,2024-08-20 08:00,MR FAIL | IN:TREND | OUT:TREND,5609.7,1,5539.2,-70.5,-1.27,0,27.7,0.50,-70.8,-1.28,176.34,0.18,37
89,Entry short,2024-08-16 17:00,MR-S | IN:TREND,5539.2,1,5539.2,-70.5,-1.27,0,27.7,0.50,-70.8,-1.28,176.34,0.18,37
90,Exit short,2024-08-22 08:00,MR FAIL | IN:TREND | OUT:HYBRID,5623.2,1,5608.2,-15,-0.27,0,22.5,0.40,-25.5,-0.45,161.34,0.16,35
90,Entry short,2024-08-20 19:00,MR-S | IN:TREND,5608.2,1,5608.2,-15,-0.27,0,22.5,0.40,-25.5,-0.45,161.34,0.16,35
91,Exit short,2024-08-22 18:00,MR FAIL | IN:HYBRID | OUT:MR,5633,1,5614.5,-18.5,-0.33,0,3.5,0.06,-19.8,-0.35,142.84,0.14,9
91,Entry short,2024-08-22 09:00,MR-S | IN:HYBRID,5614.5,1,5614.5,-18.5,-0.33,0,3.5,0.06,-19.8,-0.35,142.84,0.14,9
92,Exit short,2024-08-23 05:00,MR TP1 | IN:TREND | OUT:HYBRID,5583.6,0.2,1117.9,1.18,0.11,0,5.44,0.49,-4.66,-0.42,144.02,0.14,6
92,Entry short,2024-08-22 22:00,MR-S | IN:TREND,5589.5,0.2,1117.9,1.18,0.11,0,5.44,0.49,-4.66,-0.42,144.02,0.14,6
93,Exit short,2024-08-23 21:00,RUN EXIT | IN:TREND | OUT:HYBRID,5616.1,0.8,4471.6,-21.28,-0.48,0,21.76,0.49,-41.92,-0.94,122.74,0.12,22
93,Entry short,2024-08-22 22:00,MR-S | IN:TREND,5589.5,0.8,4471.6,-21.28,-0.48,0,21.76,0.49,-41.92,-0.94,122.74,0.12,22
94,Exit short,2024-08-28 10:00,MR FAIL | IN:MR | OUT:MR,5626.7,1,5607.6,-19.1,-0.34,0,12.5,0.22,-25.2,-0.45,103.64,0.10,32
94,Entry short,2024-08-27 00:00,MR-S | IN:MR,5607.6,1,5607.6,-19.1,-0.34,0,12.5,0.22,-25.2,-0.45,103.64,0.10,32
95,Exit short,2024-08-28 23:00,MR TP1 | IN:MR | OUT:MR,5597.5,0.2,1121.7,2.2,0.20,0,5.56,0.50,-0.04,0.00,105.84,0.11,2
95,Entry short,2024-08-28 21:00,MR-S | IN:MR,5608.5,0.2,1121.7,2.2,0.20,0,5.56,0.50,-0.04,0.00,105.84,0.11,2
96,Exit short,2024-08-29 18:00,RUN EXIT | IN:MR | OUT:MR,5609.4,0.8,4486.8,-0.72,-0.02,0,49.84,1.11,-4.88,-0.11,105.12,0.11,20
96,Entry short,2024-08-28 21:00,MR-S | IN:MR,5608.5,0.8,4486.8,-0.72,-0.02,0,49.84,1.11,-4.88,-0.11,105.12,0.11,20
97,Exit short,2024-09-03 22:00,MR TP1 | IN:MR | OUT:TREND,5566.3,0.2,1127.94,14.68,1.30,0,15.68,1.39,-2.96,-0.26,119.8,0.12,13
97,Entry short,2024-09-03 09:00,MR-S | IN:MR,5639.7,0.2,1127.94,14.68,1.30,0,15.68,1.39,-2.96,-0.26,119.8,0.12,13
98,Exit short,2024-09-04 20:00,RUN EXIT | IN:MR | OUT:TREND,5534.5,0.8,4511.76,84.16,1.87,0,114.96,2.55,-11.84,-0.26,203.96,0.20,34
98,Entry short,2024-09-03 09:00,MR-S | IN:MR,5639.7,0.8,4511.76,84.16,1.87,0,114.96,2.55,-11.84,-0.26,203.96,0.20,34
99,Exit long,2024-09-10 15:00,MR TP1 | IN:MR | OUT:MR,5468.8,0.2,1090.22,3.54,0.32,0,6.86,0.63,-3.2,-0.29,207.5,0.21,22
99,Entry long,2024-09-09 16:00,MR-L | IN:MR,5451.1,0.2,1090.22,3.54,0.32,0,6.86,0.63,-3.2,-0.29,207.5,0.21,22
100,Exit long,2024-09-11 20:00,RUN EXIT | IN:MR | OUT:MR,5454.3,0.8,4360.88,2.56,0.06,0,40.4,0.93,-12.8,-0.29,210.06,0.21,50
100,Entry long,2024-09-09 16:00,MR-L | IN:MR,5451.1,0.8,4360.88,2.56,0.06,0,40.4,0.93,-12.8,-0.29,210.06,0.21,50
101,Exit short,2024-09-13 22:00,MR FAIL | IN:TREND | OUT:TREND,5632.7,1,5607.7,-25,-0.45,0,7.5,0.13,-26.3,-0.47,185.06,0.19,3
101,Entry short,2024-09-13 19:00,MR-S | IN:TREND,5607.7,1,5607.7,-25,-0.45,0,7.5,0.13,-26.3,-0.47,185.06,0.19,3
102,Exit short,2024-09-19 10:00,MR FAIL | IN:HYBRID | OUT:MR,5674.8,1,5621.9,-52.9,-0.94,0,15.8,0.28,-70.8,-1.26,132.16,0.13,75
102,Entry short,2024-09-14 03:00,MR-S | IN:HYBRID,5621.9,1,5621.9,-52.9,-0.94,0,15.8,0.28,-70.8,-1.26,132.16,0.13,75
103,Exit short,2024-09-24 15:00,MR FAIL | IN:HYBRID | OUT:MR,5734.4,1,5710.5,-23.9,-0.42,0,38.3,0.67,-25.4,-0.44,108.26,0.11,50
103,Entry short,2024-09-20 11:00,MR-S | IN:HYBRID,5710.5,1,5710.5,-23.9,-0.42,0,38.3,0.67,-25.4,-0.44,108.26,0.11,50
104,Exit short,2024-09-25 00:00,MR FAIL | IN:MR | OUT:MR,5726.4,1,5714.6,-11.8,-0.21,0,17.2,0.30,-19,-0.33,96.46,0.10,4
104,Entry short,2024-09-24 20:00,MR-S | IN:MR,5714.6,1,5714.6,-11.8,-0.21,0,17.2,0.30,-19,-0.33,96.46,0.10,4
105,Exit short,2024-09-26 08:00,MR FAIL | IN:MR | OUT:MR,5741.5,1,5723,-18.5,-0.32,0,1.8,0.03,-19.7,-0.34,77.96,0.08,5
105,Entry short,2024-09-26 02:00,MR-S | IN:MR,5723,1,5723,-18.5,-0.32,0,1.8,0.03,-19.7,-0.34,77.96,0.08,5
106,Exit short,2024-09-30 12:00,MR TP1 | IN:MR | OUT:MR,5734.6,0.2,1149.16,2.24,0.19,0,4.04,0.35,-3.98,-0.35,80.2,0.08,33
106,Entry short,2024-09-27 01:00,MR-S | IN:MR,5745.8,0.2,1149.16,2.24,0.19,0,4.04,0.35,-3.98,-0.35,80.2,0.08,33
107,Exit short,2024-10-01 03:00,RUN EXIT | IN:MR | OUT:MR,5754.3,0.8,4596.64,-6.8,-0.15,0,34.4,0.75,-16.4,-0.36,73.4,0.07,48
107,Entry short,2024-09-27 01:00,MR-S | IN:MR,5745.8,0.8,4596.64,-6.8,-0.15,0,34.4,0.75,-16.4,-0.36,73.4,0.07,48
108,Exit short,2024-10-01 23:00,MR TP1 | IN:MR | OUT:MR,5704.8,0.2,1140.22,-0.74,-0.06,0,4.16,0.36,-3.14,-0.28,72.66,0.07,2
108,Entry short,2024-10-01 21:00,MR-S | IN:MR,5701.1,0.2,1140.22,-0.74,-0.06,0,4.16,0.36,-3.14,-0.28,72.66,0.07,2
109,Exit short,2024-10-03 00:00,RUN EXIT | IN:MR | OUT:MR,5711.1,0.8,4560.88,-8,-0.18,0,22.8,0.50,-23.68,-0.52,64.66,0.06,26
109,Entry short,2024-10-01 21:00,MR-S | IN:MR,5701.1,0.8,4560.88,-8,-0.18,0,22.8,0.50,-23.68,-0.52,64.66,0.06,26
110,Exit short,2024-10-08 08:00,MR TP1 | IN:MR | OUT:TREND,5697,0.2,1145.24,5.84,0.51,0,9.68,0.85,-2.6,-0.23,70.5,0.07,13
110,Entry short,2024-10-07 18:00,MR-S | IN:MR,5726.2,0.2,1145.24,5.84,0.51,0,9.68,0.85,-2.6,-0.23,70.5,0.07,13
111,Exit short,2024-10-08 21:00,RUN EXIT | IN:MR | OUT:MR,5739.1,0.8,4580.96,-10.32,-0.23,0,38.72,0.85,-16.32,-0.36,60.18,0.06,26
111,Entry short,2024-10-07 18:00,MR-S | IN:MR,5726.2,0.8,4580.96,-10.32,-0.23,0,38.72,0.85,-16.32,-0.36,60.18,0.06,26
112,Exit short,2024-10-11 22:00,MR FAIL | IN:HYBRID | OUT:MR,5814.6,1,5787,-27.6,-0.48,0,22.5,0.39,-32.3,-0.56,32.58,0.03,27
112,Entry short,2024-10-10 18:00,MR-S | IN:HYBRID,5787,1,5787,-27.6,-0.48,0,22.5,0.39,-32.3,-0.56,32.58,0.03,27
113,Exit short,2024-10-16 14:00,MR TP1 | IN:TREND | OUT:TREND,5822.7,0.2,1172.08,7.54,0.64,0,10.76,0.92,-1.94,-0.17,40.12,0.04,21
113,Entry short,2024-10-15 16:00,MR-S | IN:TREND,5860.4,0.2,1172.08,7.54,0.64,0,10.76,0.92,-1.94,-0.17,40.12,0.04,21
114,Exit short,2024-10-17 08:00,RUN EXIT | IN:TREND | OUT:MR,5836.2,0.8,4688.32,19.36,0.41,0,43.04,0.92,-7.76,-0.17,59.48,0.06,38
114,Entry short,2024-10-15 16:00,MR-S | IN:TREND,5860.4,0.8,4688.32,19.36,0.41,0,43.04,0.92,-7.76,-0.17,59.48,0.06,38
115,Exit short,2024-10-18 18:00,MR FAIL | IN:MR | OUT:MR,5857.5,1,5842.7,-14.8,-0.25,0,1,0.02,-16.6,-0.28,44.68,0.04,8
115,Entry short,2024-10-18 10:00,MR-S | IN:MR,5842.7,1,5842.7,-14.8,-0.25,0,1,0.02,-16.6,-0.28,44.68,0.04,8
116,Exit short,2024-10-22 08:00,MR TP1 | IN:MR | OUT:MR,5849,0.2,1169.64,-0.16,-0.01,0,4.42,0.38,-4.2,-0.36,44.52,0.04,14
116,Entry short,2024-10-21 17:00,MR-S | IN:MR,5848.2,0.2,1169.64,-0.16,-0.01,0,4.42,0.38,-4.2,-0.36,44.52,0.04,14
117,Exit short,2024-10-23 05:00,RUN EXIT | IN:MR | OUT:MR,5846.8,0.8,4678.56,1.12,0.02,0,20.08,0.43,-16.8,-0.36,45.64,0.05,34
117,Entry short,2024-10-21 17:00,MR-S | IN:MR,5848.2,0.8,4678.56,1.12,0.02,0,20.08,0.43,-16.8,-0.36,45.64,0.05,34
118,Exit long,2024-10-25 22:00,MR TP1 | IN:MR | OUT:TREND,5840.6,0.2,1165.1,3.02,0.26,0,7.86,0.67,-7.9,-0.68,48.66,0.05,29
118,Entry long,2024-10-24 16:00,MR-L | IN:MR,5825.5,0.2,1165.1,3.02,0.26,0,7.86,0.67,-7.9,-0.68,48.66,0.05,29
119,Exit long,2024-10-29 02:00,RUN EXIT | IN:MR | OUT:MR,5829.1,0.8,4660.4,2.88,0.06,0,31.44,0.67,-31.6,-0.68,51.54,0.05,56
119,Entry long,2024-10-24 16:00,MR-L | IN:MR,5825.5,0.8,4660.4,2.88,0.06,0,31.44,0.67,-31.6,-0.68,51.54,0.05,56
120,Exit short,2024-10-31 05:00,MR TP1 | IN:MR | OUT:MR,5804,0.2,1165.48,4.68,0.40,0,5.18,0.44,-2.34,-0.20,56.22,0.06,4
120,Entry short,2024-10-31 00:00,MR-S | IN:MR,5827.4,0.2,1165.48,4.68,0.40,0,5.18,0.44,-2.34,-0.20,56.22,0.06,4
121,Exit short,2024-11-01 12:00,RUN EXIT | IN:MR | OUT:TREND,5722.9,0.8,4661.92,83.6,1.79,0,100.4,2.15,-9.36,-0.20,139.82,0.14,34
121,Entry short,2024-10-31 00:00,MR-S | IN:MR,5827.4,0.8,4661.92,83.6,1.79,0,100.4,2.15,-9.36,-0.20,139.82,0.14,34
122,Exit long,2024-11-06 01:00,MR TP1 | IN:MR | OUT:TREND,5771.6,0.2,1144.56,9.76,0.85,0,12.16,1.06,-1.24,-0.11,149.58,0.15,12
122,Entry long,2024-11-05 13:00,MR-L | IN:MR,5722.8,0.2,1144.56,9.76,0.85,0,12.16,1.06,-1.24,-0.11,149.58,0.15,12
123,Exit long,2024-11-07 09:00,RUN EXIT | IN:MR | OUT:HYBRID,5932.9,0.8,4578.24,168.08,3.67,0,174.16,3.80,-4.96,-0.11,317.66,0.32,42
123,Entry long,2024-11-05 13:00,MR-L | IN:MR,5722.8,0.8,4578.24,168.08,3.67,0,174.16,3.80,-4.96,-0.11,317.66,0.32,42
124,Exit short,2024-11-13 06:00,MR TP1 | IN:TREND | OUT:MR,5985.6,0.2,1203.24,6.12,0.51,0,10.44,0.87,-2.7,-0.22,323.78,0.32,35
124,Entry short,2024-11-11 17:00,MR-S | IN:TREND,6016.2,0.2,1203.24,6.12,0.51,0,10.44,0.87,-2.7,-0.22,323.78,0.32,35
125,Exit short,2024-11-14 00:00,RUN EXIT | IN:TREND | OUT:MR,6011.9,0.8,4812.96,3.44,0.07,0,41.76,0.87,-10.8,-0.22,327.22,0.33,53
125,Entry short,2024-11-11 17:00,MR-S | IN:TREND,6016.2,0.8,4812.96,3.44,0.07,0,41.76,0.87,-10.8,-0.22,327.22,0.33,53
126,Exit long,2024-11-20 08:00,MR TP1 | IN:HYBRID | OUT:MR,5926.7,0.2,1178.3,7.04,0.60,0,8.7,0.74,-11.18,-0.95,334.26,0.33,45
126,Entry long,2024-11-18 09:00,MR-L | IN:HYBRID,5891.5,0.2,1178.3,7.04,0.60,0,8.7,0.74,-11.18,-0.95,334.26,0.33,45
127,Exit long,2024-11-21 00:00,RUN EXIT | IN:HYBRID | OUT:MR,5886.5,0.8,4713.2,-4,-0.08,0,37.6,0.80,-44.72,-0.95,330.26,0.33,61
127,Entry long,2024-11-18 09:00,MR-L | IN:HYBRID,5891.5,0.8,4713.2,-4,-0.08,0,37.6,0.80,-44.72,-0.95,330.26,0.33,61
128,Exit short,2024-11-26 22:00,MR FAIL | IN:TREND | OUT:MR,6006,1,5987.5,-18.5,-0.31,0,26.3,0.44,-24.3,-0.41,311.76,0.31,22
128,Entry short,2024-11-25 23:00,MR-S | IN:TREND,5987.5,1,5987.5,-18.5,-0.31,0,26.3,0.44,-24.3,-0.41,311.76,0.31,22
129,Exit short,2024-11-29 10:00,MR FAIL | IN:MR | OUT:TREND,6019.7,1,6016,-3.7,-0.06,0,29.7,0.49,-7.5,-0.12,308.06,0.31,35
129,Entry short,2024-11-27 17:00,MR-S | IN:MR,6016,1,6016,-3.7,-0.06,0,29.7,0.49,-7.5,-0.12,308.06,0.31,35
130,Exit short,2024-12-04 12:00,MR FAIL | IN:TREND | OUT:MR,6062.4,1,6052.2,-10.2,-0.17,0,14.7,0.24,-11.5,-0.19,297.86,0.30,16
130,Entry short,2024-12-03 19:00,MR-S | IN:TREND,6052.2,1,6052.2,-10.2,-0.17,0,14.7,0.24,-11.5,-0.19,297.86,0.30,16
131,Exit short,2024-12-09 15:00,MR FAIL | IN:MR | OUT:MR,6096.3,1,6086.7,-9.6,-0.16,0,19.2,0.32,-14.7,-0.24,288.26,0.29,36
131,Entry short,2024-12-06 01:00,MR-S | IN:MR,6086.7,1,6086.7,-9.6,-0.16,0,19.2,0.32,-14.7,-0.24,288.26,0.29,36
132,Exit short,2024-12-10 02:00,MR TP1 | IN:MR | OUT:HYBRID,6061.5,0.2,1217.76,5.46,0.45,0,6.4,0.53,-0.5,-0.04,293.72,0.29,10
132,Entry short,2024-12-09 16:00,MR-S | IN:MR,6088.8,0.2,1217.76,5.46,0.45,0,6.4,0.53,-0.5,-0.04,293.72,0.29,10
133,Exit short,2024-12-11 19:00,RUN EXIT | IN:MR | OUT:HYBRID,6045.3,0.8,4871.04,34.8,0.71,0,44.4,0.91,-2,-0.04,328.52,0.33,49
133,Entry short,2024-12-09 16:00,MR-S | IN:MR,6088.8,0.8,4871.04,34.8,0.71,0,44.4,0.91,-2,-0.04,328.52,0.33,49
134,Exit short,2024-12-13 12:00,MR TP1 | IN:TREND | OUT:MR,6060.5,0.2,1215.78,3.68,0.30,0,5.66,0.47,-0.3,-0.02,332.2,0.33,11
134,Entry short,2024-12-13 00:00,MR-S | IN:TREND,6078.9,0.2,1215.78,3.68,0.30,0,5.66,0.47,-0.3,-0.02,332.2,0.33,11
135,Exit short,2024-12-13 21:00,RUN EXIT | IN:TREND | OUT:MR,6070.3,0.8,4863.12,6.88,0.14,0,22.64,0.47,-1.2,-0.02,339.08,0.34,20
135,Entry short,2024-12-13 00:00,MR-S | IN:TREND,6078.9,0.8,4863.12,6.88,0.14,0,22.64,0.47,-1.2,-0.02,339.08,0.34,20
136,Exit long,2024-12-17 00:00,MR TP1 | IN:MR | OUT:TREND,6082.4,0.2,1213.2,3.28,0.27,0,3.46,0.29,-0.84,-0.07,342.36,0.34,5
136,Entry long,2024-12-16 19:00,MR-L | IN:MR,6066,0.2,1213.2,3.28,0.27,0,3.46,0.29,-0.84,-0.07,342.36,0.34,5
137,Exit long,2024-12-17 16:00,RUN EXIT | IN:MR | OUT:MR,6062.6,0.8,4852.8,-2.72,-0.06,0,17.2,0.35,-7.44,-0.15,339.64,0.34,20
137,Entry long,2024-12-16 19:00,MR-L | IN:MR,6066,0.8,4852.8,-2.72,-0.06,0,17.2,0.35,-7.44,-0.15,339.64,0.34,20
138,Exit long,2024-12-19 02:00,MR FAIL | IN:MR | OUT:MR,5967.4,1,6064.6,-97.2,-1.60,0,8.5,0.14,-100,-1.65,242.44,0.24,10
138,Entry long,2024-12-18 16:00,MR-L | IN:MR,6064.6,1,6064.6,-97.2,-1.60,0,8.5,0.14,-100,-1.65,242.44,0.24,10
139,Exit long,2024-12-23 12:00,MR TP1 | IN:TREND | OUT:HYBRID,5961,0.2,1179.4,12.8,1.09,0,16.08,1.36,-20.82,-1.77,255.24,0.26,36
139,Entry long,2024-12-19 22:00,MR-L | IN:TREND,5897,0.2,1179.4,12.8,1.09,0,16.08,1.36,-20.82,-1.77,255.24,0.26,36
140,Exit long,2024-12-27 15:00,RUN EXIT | IN:TREND | OUT:MR,6004.5,0.8,4717.6,86,1.82,0,114.08,2.42,-83.28,-1.77,341.24,0.34,105
140,Entry long,2024-12-19 22:00,MR-L | IN:TREND,5897,0.8,4717.6,86,1.82,0,114.08,2.42,-83.28,-1.77,341.24,0.34,105
141,Exit long,2025-01-01 02:00,MR FAIL | IN:HYBRID | OUT:MR,5865.5,1,5911.3,-45.8,-0.77,0,8.1,0.14,-57.5,-0.97,295.44,0.30,10
141,Entry long,2024-12-31 16:00,MR-L | IN:HYBRID,5911.3,1,5911.3,-45.8,-0.77,0,8.1,0.14,-57.5,-0.97,295.44,0.30,10
142,Exit long,2025-01-03 01:00,MR FAIL | IN:MR | OUT:MR,5827.1,1,5892.8,-65.7,-1.11,0,40.3,0.68,-79.7,-1.35,229.74,0.23,14
142,Entry long,2025-01-02 11:00,MR-L | IN:MR,5892.8,1,5892.8,-65.7,-1.11,0,40.3,0.68,-79.7,-1.35,229.74,0.23,14
143,Exit long,2025-01-04 04:00,MR TP1 | IN:MR | OUT:TREND,5922.9,0.2,1173.58,11,0.94,0,13.46,1.15,-1.1,-0.09,240.74,0.24,11
143,Entry long,2025-01-03 17:00,MR-L | IN:MR,5867.9,0.2,1173.58,11,0.94,0,13.46,1.15,-1.1,-0.09,240.74,0.24,11
144,Exit long,2025-01-07 10:00,RUN EXIT | IN:MR | OUT:MR,5963,0.8,4694.32,76.08,1.62,0,112.96,2.41,-4.4,-0.09,316.82,0.32,39
144,Entry long,2025-01-03 17:00,MR-L | IN:MR,5867.9,0.8,4694.32,76.08,1.62,0,112.96,2.41,-4.4,-0.09,316.82,0.32,39
145,Exit long,2025-01-10 20:00,MR FAIL | IN:MR | OUT:MR,5847.1,1,5894,-46.9,-0.80,0,9.1,0.15,-62,-1.05,269.92,0.27,21
145,Entry long,2025-01-09 15:00,MR-L | IN:MR,5894,1,5894,-46.9,-0.80,0,9.1,0.15,-62,-1.05,269.92,0.27,21
146,Exit long,2025-01-14 20:00,MR TP1 | IN:MR | OUT:TREND,5845.4,0.2,1160.48,8.6,0.74,0,12.8,1.10,-1.2,-0.10,278.52,0.28,19
146,Entry long,2025-01-14 00:00,MR-L | IN:MR,5802.4,0.2,1160.48,8.6,0.74,0,12.8,1.10,-1.2,-0.10,278.52,0.28,19
147,Exit long,2025-01-17 01:00,RUN EXIT | IN:MR | OUT:MR,5923,0.8,4641.92,96.48,2.08,0,131.52,2.83,-9.2,-0.20,375,0.38,70
147,Entry long,2025-01-14 00:00,MR-L | IN:MR,5802.4,0.8,4641.92,96.48,2.08,0,131.52,2.83,-9.2,-0.20,375,0.38,70
148,Exit short,2025-01-21 20:00,MR FAIL | IN:MR | OUT:MR,6016.9,1,5995.9,-21,-0.35,0,5.5,0.09,-26,-0.43,354,0.35,9
148,Entry short,2025-01-21 11:00,MR-S | IN:MR,5995.9,1,5995.9,-21,-0.35,0,5.5,0.09,-26,-0.43,354,0.35,9
149,Exit short,2025-01-24 09:00,MR FAIL | IN:TREND | OUT:TREND,6111.1,1,6072,-39.1,-0.64,0,14.3,0.24,-40.1,-0.66,314.9,0.31,25
149,Entry short,2025-01-23 07:00,MR-S | IN:TREND,6072,1,6072,-39.1,-0.64,0,14.3,0.24,-40.1,-0.66,314.9,0.31,25
150,Exit short,2025-01-27 12:00,MR TP1 | IN:TREND | OUT:TREND,6019.4,0.2,1219.98,16.1,1.32,0,16.64,1.36,-3.7,-0.30,331,0.33,18
150,Entry short,2025-01-24 17:00,MR-S | IN:TREND,6099.9,0.2,1219.98,16.1,1.32,0,16.64,1.36,-3.7,-0.30,331,0.33,18
151,Exit short,2025-01-28 09:00,RUN EXIT | IN:TREND | OUT:MR,6004.7,0.8,4879.92,76.16,1.56,0,153.68,3.15,-14.8,-0.30,407.16,0.41,38
151,Entry short,2025-01-24 17:00,MR-S | IN:TREND,6099.9,0.8,4879.92,76.16,1.56,0,153.68,3.15,-14.8,-0.30,407.16,0.41,38
152,Exit short,2025-01-30 20:00,MR FAIL | IN:HYBRID | OUT:MR,6052.9,1,6035.2,-17.7,-0.29,0,29.4,0.49,-28.7,-0.48,389.46,0.39,17
152,Entry short,2025-01-30 02:00,MR-S | IN:HYBRID,6035.2,1,6035.2,-17.7,-0.29,0,29.4,0.49,-28.7,-0.48,389.46,0.39,17
153,Exit short,2025-01-31 01:00,MR FAIL | IN:MR | OUT:MR,6062.1,1,6026.9,-35.2,-0.58,0,7.8,0.13,-36.5,-0.61,354.26,0.35,3
153,Entry short,2025-01-30 22:00,MR-S | IN:MR,6026.9,1,6026.9,-35.2,-0.58,0,7.8,0.13,-36.5,-0.61,354.26,0.35,3
154,Exit short,2025-02-03 08:00,MR TP1 | IN:TREND | OUT:TREND,5927.5,0.2,1205.14,19.64,1.63,0,23.1,1.92,0,0.00,373.9,0.37,3
154,Entry short,2025-02-01 04:00,MR-S | IN:TREND,6025.7,0.2,1205.14,19.64,1.63,0,23.1,1.92,0,0.00,373.9,0.37,3
155,Exit short,2025-02-04 02:00,RUN EXIT | IN:TREND | OUT:MR,6009,0.8,4820.56,13.36,0.28,0,98.96,2.05,0,0.00,387.26,0.39,21
155,Entry short,2025-02-01 04:00,MR-S | IN:TREND,6025.7,0.8,4820.56,13.36,0.28,0,98.96,2.05,0,0.00,387.26,0.39,21
156,Exit short,2025-02-10 07:00,MR TP1 | IN:MR | OUT:HYBRID,6040.9,0.2,1205.22,-2.96,-0.25,0,5.94,0.49,-4.4,-0.37,384.3,0.38,7
156,Entry short,2025-02-07 23:00,MR-S | IN:MR,6026.1,0.2,1205.22,-2.96,-0.25,0,5.94,0.49,-4.4,-0.37,384.3,0.38,7
157,Exit short,2025-02-10 23:00,RUN EXIT | IN:MR | OUT:MR,6056.6,0.8,4820.88,-24.4,-0.51,0,23.76,0.49,-32,-0.66,359.9,0.36,23
157,Entry short,2025-02-07 23:00,MR-S | IN:MR,6026.1,0.8,4820.88,-24.4,-0.51,0,23.76,0.49,-32,-0.66,359.9,0.36,23
158,Exit long,2025-02-12 03:00,MR TP1 | IN:MR | OUT:MR,6065.2,0.2,1211.7,1.34,0.11,0,2.54,0.21,-0.4,-0.03,361.24,0.36,2
158,Entry long,2025-02-12 01:00,MR-L | IN:MR,6058.5,0.2,1211.7,1.34,0.11,0,2.54,0.21,-0.4,-0.03,361.24,0.36,2
159,Exit long,2025-02-12 20:00,RUN EXIT | IN:MR | OUT:MR,6004.1,0.8,4846.8,-43.52,-0.90,0,10.16,0.21,-48.72,-1.01,317.72,0.32,18
159,Entry long,2025-02-12 01:00,MR-L | IN:MR,6058.5,0.8,4846.8,-43.52,-0.90,0,10.16,0.21,-48.72,-1.01,317.72,0.32,18
160,Exit short,2025-02-13 16:00,MR TP1 | IN:MR | OUT:MR,6044.8,0.2,1206.46,-2.5,-0.21,0,0.96,0.08,-2.7,-0.22,315.22,0.32,1
160,Entry short,2025-02-13 15:00,MR-S | IN:MR,6032.3,0.2,1206.46,-2.5,-0.21,0,0.96,0.08,-2.7,-0.22,315.22,0.32,1
161,Exit short,2025-02-13 22:00,RUN EXIT | IN:MR | OUT:MR,6083.3,0.8,4825.84,-40.8,-0.85,0,3.84,0.08,-44,-0.91,274.42,0.27,7
161,Entry short,2025-02-13 15:00,MR-S | IN:MR,6032.3,0.8,4825.84,-40.8,-0.85,0,3.84,0.08,-44,-0.91,274.42,0.27,7
162,Exit short,2025-02-18 20:00,MR FAIL | IN:TREND | OUT:MR,6133.4,1,6111.2,-22.2,-0.36,0,11.8,0.19,-23.2,-0.38,252.22,0.25,39
162,Entry short,2025-02-14 23:00,MR-S | IN:TREND,6111.2,1,6111.2,-22.2,-0.36,0,11.8,0.19,-23.2,-0.38,252.22,0.25,39
163,Exit short,2025-02-20 06:00,MR FAIL | IN:MR | OUT:MR,6132.9,1,6112.4,-20.5,-0.34,0,17.3,0.28,-31.6,-0.52,231.72,0.23,31
163,Entry short,2025-02-18 21:00,MR-S | IN:MR,6112.4,1,6112.4,-20.5,-0.34,0,17.3,0.28,-31.6,-0.52,231.72,0.23,31
164,Exit short,2025-02-20 22:00,MR TP1 | IN:MR | OUT:MR,6084,0.2,1224.98,8.18,0.67,0,8.84,0.72,-1.56,-0.13,239.9,0.24,12
164,Entry short,2025-02-20 10:00,MR-S | IN:MR,6124.9,0.2,1224.98,8.18,0.67,0,8.84,0.72,-1.56,-0.13,239.9,0.24,12
165,Exit short,2025-02-21 17:00,RUN EXIT | IN:MR | OUT:MR,6116.8,0.8,4899.92,6.48,0.13,0,35.36,0.72,-6.24,-0.13,246.38,0.25,30
165,Entry short,2025-02-20 10:00,MR-S | IN:MR,6124.9,0.8,4899.92,6.48,0.13,0,35.36,0.72,-6.24,-0.13,246.38,0.25,30
166,Exit long,2025-02-25 06:00,MR FAIL | IN:TREND | OUT:HYBRID,5981.6,1,6043.2,-61.6,-1.02,0,0.8,0.01,-67.2,-1.11,184.78,0.18,11
166,Entry long,2025-02-24 18:00,MR-L | IN:TREND,6043.2,1,6043.2,-61.6,-1.02,0,0.8,0.01,-67.2,-1.11,184.78,0.18,11
167,Exit short,2025-02-26 06:00,TF EXIT | IN:HYBRID | OUT:MR,5969,1,5981.6,12.6,0.21,0,75,1.25,-16.7,-0.28,197.38,0.20,23
167,Entry short,2025-02-25 06:00,TF-S | IN:HYBRID,5981.6,1,5981.6,12.6,0.21,0,75,1.25,-16.7,-0.28,197.38,0.20,23
168,Exit long,2025-02-28 02:00,MR FAIL | IN:MR | OUT:MR,5903.3,1,5969,-65.7,-1.10,0,38,0.64,-75.2,-1.26,131.68,0.13,43
168,Entry long,2025-02-26 06:00,MR-L | IN:MR,5969,1,5969,-65.7,-1.10,0,38,0.64,-75.2,-1.26,131.68,0.13,43
169,Exit long,2025-03-03 15:00,MR TP1 | IN:MR | OUT:HYBRID,5953.9,0.2,1177.86,12.92,1.10,0,16.44,1.40,-0.86,-0.07,144.6,0.14,12
169,Entry long,2025-03-01 02:00,MR-L | IN:MR,5889.3,0.2,1177.86,12.92,1.10,0,16.44,1.40,-0.86,-0.07,144.6,0.14,12
170,Exit long,2025-03-04 04:00,RUN EXIT | IN:MR | OUT:TREND,5862.3,0.8,4711.44,-21.6,-0.46,0,78.64,1.67,-64.16,-1.36,123,0.12,25
170,Entry long,2025-03-01 02:00,MR-L | IN:MR,5889.3,0.8,4711.44,-21.6,-0.46,0,78.64,1.67,-64.16,-1.36,123,0.12,25
171,Exit long,2025-03-06 20:00,MR FAIL | IN:MR | OUT:MR,5769.5,1,5811.1,-41.6,-0.72,0,47.3,0.81,-71,-1.22,81.4,0.08,29
171,Entry long,2025-03-05 14:00,MR-L | IN:MR,5811.1,1,5811.1,-41.6,-0.72,0,47.3,0.81,-71,-1.22,81.4,0.08,29
172,Exit long,2025-03-07 22:00,MR FAIL | IN:MR | OUT:MR,5716.1,1,5746.6,-30.5,-0.53,0,10.8,0.19,-55.2,-0.96,50.9,0.05,1
172,Entry long,2025-03-07 21:00,MR-L | IN:MR,5746.6,1,5746.6,-30.5,-0.53,0,10.8,0.19,-55.2,-0.96,50.9,0.05,1
173,Exit long,2025-03-10 17:00,MR FAIL | IN:MR | OUT:MR,5701.4,1,5765.6,-64.2,-1.11,0,1.3,0.02,-69.9,-1.21,-13.3,-0.01,14
173,Entry long,2025-03-08 03:00,MR-L | IN:MR,5765.6,1,5765.6,-64.2,-1.11,0,1.3,0.02,-69.9,-1.21,-13.3,-0.01,14
174,Exit long,2025-03-13 23:00,MR FAIL | IN:HYBRID | OUT:MR,5533.7,1,5637.4,-103.7,-1.84,0,29.6,0.53,-116.3,-2.06,-117,-0.12,54
174,Entry long,2025-03-11 15:00,MR-L | IN:HYBRID,5637.4,1,5637.4,-103.7,-1.84,0,29.6,0.53,-116.3,-2.06,-117,-0.12,54
175,Exit long,2025-03-15 01:00,MR TP1 | IN:MR | OUT:TREND,5623.6,0.2,1112.48,12.24,1.10,0,14.24,1.28,-1.7,-0.15,-104.76,-0.10,10
175,Entry long,2025-03-14 15:00,MR-L | IN:MR,5562.4,0.2,1112.48,12.24,1.10,0,14.24,1.28,-1.7,-0.15,-104.76,-0.10,10
176,Exit long,2025-03-18 16:00,RUN EXIT | IN:MR | OUT:HYBRID,5670.3,0.8,4449.92,86.32,1.94,0,114.48,2.57,-6.8,-0.15,-18.44,-0.02,47
176,Entry long,2025-03-14 15:00,MR-L | IN:MR,5562.4,0.8,4449.92,86.32,1.94,0,114.48,2.57,-6.8,-0.15,-18.44,-0.02,47
177,Exit short,2025-03-21 17:00,MR TP1 | IN:MR | OUT:MR,5644.7,0.2,1132.96,4.02,0.35,0,6.5,0.57,-2.7,-0.24,-14.42,-0.01,17
177,Entry short,2025-03-20 23:00,MR-S | IN:MR,5664.8,0.2,1132.96,4.02,0.35,0,6.5,0.57,-2.7,-0.24,-14.42,-0.01,17
178,Exit short,2025-03-24 06:00,RUN EXIT | IN:MR | OUT:MR,5702.7,0.8,4531.84,-30.32,-0.67,0,52.16,1.15,-31.84,-0.70,-44.74,-0.04,29
178,Entry short,2025-03-20 23:00,MR-S | IN:MR,5664.8,0.8,4531.84,-30.32,-0.67,0,52.16,1.15,-31.84,-0.70,-44.74,-0.04,29
179,Exit short,2025-03-27 03:00,MR TP1 | IN:TREND | OUT:TREND,5705,0.2,1151.46,10.46,0.91,0,12.5,1.09,-6.16,-0.53,-34.28,-0.03,36
179,Entry short,2025-03-25 14:00,MR-S | IN:TREND,5757.3,0.2,1151.46,10.46,0.91,0,12.5,1.09,-6.16,-0.53,-34.28,-0.03,36
180,Exit short,2025-04-01 00:00,RUN EXIT | IN:TREND | OUT:MR,5551.4,0.8,4605.84,164.72,3.58,0,214.96,4.67,-24.64,-0.53,130.44,0.13,102
180,Entry short,2025-03-25 14:00,MR-S | IN:TREND,5757.3,0.8,4605.84,164.72,3.58,0,214.96,4.67,-24.64,-0.53,130.44,0.13,102
181,Exit short,2025-04-03 07:00,MR TP1 | IN:MR | OUT:HYBRID,5488.2,0.2,1096.94,-0.7,-0.06,0,5.28,0.48,-5.36,-0.49,129.74,0.13,2
181,Entry short,2025-04-03 05:00,MR-S | IN:MR,5484.7,0.2,1096.94,-0.7,-0.06,0,5.28,0.48,-5.36,-0.49,129.74,0.13,2
182,Exit short,2025-04-07 17:00,RUN EXIT | IN:MR | OUT:TREND,4956.6,0.8,4387.76,422.48,9.63,0,548.64,12.50,-28.64,-0.65,552.22,0.55,58
182,Entry short,2025-04-03 05:00,MR-S | IN:MR,5484.7,0.8,4387.76,422.48,9.63,0,548.64,12.50,-28.64,-0.65,552.22,0.55,58
183,Exit long,2025-04-10 03:00,MR TP1 | IN:MR | OUT:MR,5477.9,0.2,1004.58,91,9.06,0,91.42,9.10,-7.16,-0.71,643.22,0.64,4
183,Entry long,2025-04-09 23:00,MR-L | IN:MR,5022.9,0.2,1004.58,91,9.06,0,91.42,9.10,-7.16,-0.71,643.22,0.64,4
184,Exit long,2025-04-11 00:00,RUN EXIT | IN:MR | OUT:TREND,5255.6,0.8,4018.32,186.16,4.63,0,372.72,9.28,-28.64,-0.71,829.38,0.83,24
184,Entry long,2025-04-09 23:00,MR-L | IN:MR,5022.9,0.8,4018.32,186.16,4.63,0,372.72,9.28,-28.64,-0.71,829.38,0.83,24
185,Exit short,2025-04-15 14:00,MR FAIL | IN:MR | OUT:MR,5422.4,1,5384.7,-37.7,-0.70,0,0,0.00,-42.1,-0.78,791.68,0.79,8
185,Entry short,2025-04-15 06:00,MR-S | IN:MR,5384.7,1,5384.7,-37.7,-0.70,0,0,0.00,-42.1,-0.78,791.68,0.79,8
186,Exit short,2025-04-16 12:00,MR TP1 | IN:MR | OUT:MR,5311.1,0.2,1070.78,8.56,0.80,0,9.96,0.93,-0.4,-0.04,800.24,0.80,7
186,Entry short,2025-04-16 05:00,MR-S | IN:MR,5353.9,0.2,1070.78,8.56,0.80,0,9.96,0.93,-0.4,-0.04,800.24,0.80,7
187,Exit short,2025-04-17 15:00,RUN EXIT | IN:MR | OUT:MR,5310.5,0.8,4283.12,34.72,0.81,0,110.96,2.59,-28,-0.65,834.96,0.83,33
187,Entry short,2025-04-16 05:00,MR-S | IN:MR,5353.9,0.8,4283.12,34.72,0.81,0,110.96,2.59,-28,-0.65,834.96,0.83,33
188,Exit long,2025-04-23 05:00,MR TP1 | IN:MR | OUT:HYBRID,5385.3,0.2,1039.78,37.28,3.59,0,37.28,3.59,-2.7,-0.26,872.24,0.87,14
188,Entry long,2025-04-22 14:00,MR-L | IN:MR,5198.9,0.2,1039.78,37.28,3.59,0,37.28,3.59,-2.7,-0.26,872.24,0.87,14
189,Exit long,2025-04-24 05:00,RUN EXIT | IN:MR | OUT:MR,5375.9,0.8,4159.12,141.6,3.40,0,215.12,5.17,-10.8,-0.26,1013.84,1.01,37
189,Entry long,2025-04-22 14:00,MR-L | IN:MR,5198.9,0.8,4159.12,141.6,3.40,0,215.12,5.17,-10.8,-0.26,1013.84,1.01,37
190,Exit short,2025-05-01 05:00,MR FAIL | IN:MR | OUT:MR,5604.6,1,5510.7,-93.9,-1.70,0,81.5,1.48,-102.5,-1.86,919.94,0.92,61
190,Entry short,2025-04-28 13:00,MR-S | IN:MR,5510.7,1,5510.7,-93.9,-1.70,0,81.5,1.48,-102.5,-1.86,919.94,0.92,61
191,Exit short,2025-05-02 22:00,MR FAIL | IN:MR | OUT:MR,5677.7,1,5586.7,-91,-1.63,0,10.8,0.19,-92.8,-1.66,828.94,0.83,18
191,Entry short,2025-05-02 03:00,MR-S | IN:MR,5586.7,1,5586.7,-91,-1.63,0,10.8,0.19,-92.8,-1.66,828.94,0.83,18
192,Exit short,2025-05-06 17:00,MR TP1 | IN:MR | OUT:MR,5617.3,0.2,1127.76,4.3,0.38,0,7.36,0.65,-8.8,-0.78,833.24,0.83,32
192,Entry short,2025-05-05 08:00,MR-S | IN:MR,5638.8,0.2,1127.76,4.3,0.38,0,7.36,0.65,-8.8,-0.78,833.24,0.83,32
193,Exit short,2025-05-07 10:00,RUN EXIT | IN:MR | OUT:MR,5637.1,0.8,4511.04,1.36,0.03,0,44.88,0.99,-35.2,-0.78,834.6,0.83,48
193,Entry short,2025-05-05 08:00,MR-S | IN:MR,5638.8,0.8,4511.04,1.36,0.03,0,44.88,0.99,-35.2,-0.78,834.6,0.83,48
194,Exit long,2025-05-08 10:00,MR TP1 | IN:MR | OUT:MR,5675.7,0.2,1128.72,6.42,0.57,0,6.62,0.59,-0.68,-0.06,841.02,0.84,3
194,Entry long,2025-05-08 07:00,MR-L | IN:MR,5643.6,0.2,1128.72,6.42,0.57,0,6.62,0.59,-0.68,-0.06,841.02,0.84,3
195,Exit long,2025-05-09 08:00,RUN EXIT | IN:MR | OUT:MR,5663.8,0.8,4514.88,16.16,0.36,0,61.12,1.35,-9.04,-0.20,857.18,0.86,24
195,Entry long,2025-05-08 07:00,MR-L | IN:MR,5643.6,0.8,4514.88,16.16,0.36,0,61.12,1.35,-9.04,-0.20,857.18,0.86,24
196,Exit short,2025-05-16 08:00,MR FAIL | IN:TREND | OUT:HYBRID,5907.6,1,5829.8,-77.8,-1.33,0,12.7,0.22,-95.6,-1.64,779.38,0.78,68
196,Entry short,2025-05-13 09:00,MR-S | IN:TREND,5829.8,1,5829.8,-77.8,-1.33,0,12.7,0.22,-95.6,-1.64,779.38,0.78,68
197,Exit short,2025-05-19 23:00,MR FAIL | IN:MR | OUT:MR,5959.6,1,5908.1,-51.5,-0.87,0,32.7,0.55,-53.3,-0.90,727.88,0.73,14
197,Entry short,2025-05-19 09:00,MR-S | IN:MR,5908.1,1,5908.1,-51.5,-0.87,0,32.7,0.55,-53.3,-0.90,727.88,0.73,14
198,Exit short,2025-05-21 15:00,MR TP1 | IN:MR | OUT:HYBRID,5910.6,0.2,1188.6,6.48,0.55,0,7.76,0.65,-1.8,-0.15,734.36,0.73,17
198,Entry short,2025-05-20 21:00,MR-S | IN:MR,5943,0.2,1188.6,6.48,0.55,0,7.76,0.65,-1.8,-0.15,734.36,0.73,17
199,Exit short,2025-05-22 22:00,RUN EXIT | IN:MR | OUT:TREND,5855.5,0.8,4754.4,70,1.47,0,103.68,2.18,-7.2,-0.15,804.36,0.80,47
199,Entry short,2025-05-20 21:00,MR-S | IN:MR,5943,0.8,4754.4,70,1.47,0,103.68,2.18,-7.2,-0.15,804.36,0.80,47
200,Exit long,2025-05-26 18:00,MR TP1 | IN:MR | OUT:TREND,5876.6,0.2,1170.52,4.8,0.41,0,5.88,0.50,-0.74,-0.06,809.16,0.81,11
200,Entry long,2025-05-26 07:00,MR-L | IN:MR,5852.6,0.2,1170.52,4.8,0.41,0,5.88,0.50,-0.74,-0.06,809.16,0.81,11
201,Exit long,2025-05-28 20:00,RUN EXIT | IN:MR | OUT:HYBRID,5920.5,0.8,4682.08,54.32,1.16,0,70.16,1.50,-2.96,-0.06,863.48,0.86,55
201,Entry long,2025-05-26 07:00,MR-L | IN:MR,5852.6,0.8,4682.08,54.32,1.16,0,70.16,1.50,-2.96,-0.06,863.48,0.86,55
202,Exit short,2025-05-30 09:00,MR TP1 | IN:MR | OUT:TREND,5900.9,0.2,1176.8,-3.38,-0.29,0,2.2,0.19,-7.04,-0.60,860.1,0.86,10
202,Entry short,2025-05-29 22:00,MR-S | IN:MR,5884,0.2,1176.8,-3.38,-0.29,0,2.2,0.19,-7.04,-0.60,860.1,0.86,10
203,Exit short,2025-06-02 19:00,RUN EXIT | IN:MR | OUT:MR,5889.5,0.8,4707.2,-4.4,-0.09,0,33.28,0.71,-30.16,-0.64,855.7,0.86,43
203,Entry short,2025-05-29 22:00,MR-S | IN:MR,5884,0.8,4707.2,-4.4,-0.09,0,33.28,0.71,-30.16,-0.64,855.7,0.86,43
204,Exit short,2025-06-06 08:00,MR TP1 | IN:TREND | OUT:MR,5948.1,0.2,1197.4,7.78,0.65,0,13.18,1.10,-3.98,-0.33,863.48,0.86,34
204,Entry short,2025-06-04 20:00,MR-S | IN:TREND,5987,0.2,1197.4,7.78,0.65,0,13.18,1.10,-3.98,-0.33,863.48,0.86,34
205,Exit short,2025-06-06 20:00,RUN EXIT | IN:TREND | OUT:MR,6011.9,0.8,4789.6,-19.92,-0.42,0,52.72,1.10,-24.08,-0.50,843.56,0.84,46
205,Entry short,2025-06-04 20:00,MR-S | IN:TREND,5987,0.8,4789.6,-19.92,-0.42,0,52.72,1.10,-24.08,-0.50,843.56,0.84,46
206,Exit short,2025-06-11 02:00,MR FAIL | IN:MR | OUT:MR,6039.9,1,6003.2,-36.7,-0.61,0,3.2,0.05,-40.8,-0.68,806.86,0.81,11
206,Entry short,2025-06-10 15:00,MR-S | IN:MR,6003.2,1,6003.2,-36.7,-0.61,0,3.2,0.05,-40.8,-0.68,806.86,0.81,11
207,Exit short,2025-06-12 15:00,MR TP1 | IN:MR | OUT:MR,6000.7,0.2,1203.02,2.88,0.24,0,6.14,0.51,-1.18,-0.10,809.74,0.81,10
207,Entry short,2025-06-12 05:00,MR-S | IN:MR,6015.1,0.2,1203.02,2.88,0.24,0,6.14,0.51,-1.18,-0.10,809.74,0.81,10
208,Exit short,2025-06-13 02:00,RUN EXIT | IN:MR | OUT:MR,6047.2,0.8,4812.08,-25.68,-0.53,0,24.56,0.51,-25.68,-0.53,784.06,0.78,21
208,Entry short,2025-06-12 05:00,MR-S | IN:MR,6015.1,0.8,4812.08,-25.68,-0.53,0,24.56,0.51,-25.68,-0.53,784.06,0.78,21
209,Exit long,2025-06-16 21:00,MR TP1 | IN:MR | OUT:MR,6047.6,0.2,1201,8.52,0.71,0,9.44,0.79,-11.16,-0.93,792.58,0.79,20
209,Entry long,2025-06-14 00:00,MR-L | IN:MR,6005,0.2,1201,8.52,0.71,0,9.44,0.79,-11.16,-0.93,792.58,0.79,20
210,Exit long,2025-06-17 14:00,RUN EXIT | IN:MR | OUT:MR,5998.3,0.8,4804,-5.36,-0.11,0,37.76,0.79,-44.64,-0.93,787.22,0.79,36
210,Entry long,2025-06-14 00:00,MR-L | IN:MR,6005,0.8,4804,-5.36,-0.11,0,37.76,0.79,-44.64,-0.93,787.22,0.79,36
211,Exit long,2025-06-19 02:00,MR FAIL | IN:MR | OUT:MR,5980.9,1,6004.3,-23.4,-0.39,0,12.8,0.21,-32.3,-0.54,763.82,0.76,4
211,Entry long,2025-06-18 22:00,MR-L | IN:MR,6004.3,1,6004.3,-23.4,-0.39,0,12.8,0.21,-32.3,-0.54,763.82,0.76,4
212,Exit long,2025-06-23 08:00,MR FAIL | IN:MR | OUT:MR,5945.4,1,5967.6,-22.2,-0.37,0,50,0.84,-54.4,-0.91,741.62,0.74,21
212,Entry long,2025-06-20 10:00,MR-L | IN:MR,5967.6,1,5967.6,-22.2,-0.37,0,50,0.84,-54.4,-0.91,741.62,0.74,21
213,Exit long,2025-06-23 22:00,MR TP1 | IN:MR | OUT:MR,5982.7,0.2,1196.44,0.1,0.01,0,5,0.42,-6.1,-0.51,741.72,0.74,7
213,Entry long,2025-06-23 15:00,MR-L | IN:MR,5982.2,0.2,1196.44,0.1,0.01,0,5,0.42,-6.1,-0.51,741.72,0.74,7
214,Exit long,2025-06-25 05:00,RUN EXIT | IN:MR | OUT:TREND,6091.3,0.8,4785.76,87.28,1.82,0,98.08,2.05,-31.84,-0.67,829,0.83,36
214,Entry long,2025-06-23 15:00,MR-L | IN:MR,5982.2,0.8,4785.76,87.28,1.82,0,98.08,2.05,-31.84,-0.67,829,0.83,36
215,Exit short,2025-07-03 05:00,MR FAIL | IN:MR | OUT:MR,6231.3,1,6199.4,-31.9,-0.51,0,18.3,0.30,-34.6,-0.56,797.1,0.80,47
215,Entry short,2025-07-01 03:00,MR-S | IN:MR,6199.4,1,6199.4,-31.9,-0.51,0,18.3,0.30,-34.6,-0.56,797.1,0.80,47
216,Exit short,2025-07-08 05:00,MR TP1 | IN:MR | OUT:HYBRID,6220.4,0.2,1248.34,4.26,0.34,0,7.56,0.61,-6.14,-0.49,801.36,0.80,32
216,Entry short,2025-07-04 15:00,MR-S | IN:MR,6241.7,0.2,1248.34,4.26,0.34,0,7.56,0.61,-6.14,-0.49,801.36,0.80,32
217,Exit short,2025-07-09 17:00,RUN EXIT | IN:MR | OUT:MR,6239.4,0.8,4993.36,1.84,0.04,0,30.24,0.61,-24.56,-0.49,803.2,0.80,67
217,Entry short,2025-07-04 15:00,MR-S | IN:MR,6241.7,0.8,4993.36,1.84,0.04,0,30.24,0.61,-24.56,-0.49,803.2,0.80,67
218,Exit short,2025-07-14 06:00,MR TP1 | IN:MR | OUT:MR,6237.4,0.2,1253.82,6.34,0.51,0,8.28,0.66,-0.64,-0.05,809.54,0.81,18
218,Entry short,2025-07-11 11:00,MR-S | IN:MR,6269.1,0.2,1253.82,6.34,0.51,0,8.28,0.66,-0.64,-0.05,809.54,0.81,18
219,Exit short,2025-07-14 23:00,RUN EXIT | IN:MR | OUT:MR,6267.7,0.8,5015.28,1.12,0.02,0,37.76,0.75,-2.56,-0.05,810.66,0.81,35
219,Entry short,2025-07-11 11:00,MR-S | IN:MR,6269.1,0.8,5015.28,1.12,0.02,0,37.76,0.75,-2.56,-0.05,810.66,0.81,35
220,Exit short,2025-07-16 08:00,MR TP1 | IN:MR | OUT:HYBRID,6240.2,0.2,1251.44,3.4,0.27,0,5.9,0.47,-1.04,-0.08,814.06,0.81,6
220,Entry short,2025-07-16 01:00,MR-S | IN:MR,6257.2,0.2,1251.44,3.4,0.27,0,5.9,0.47,-1.04,-0.08,814.06,0.81,6
221,Exit short,2025-07-17 01:00,RUN EXIT | IN:MR | OUT:MR,6268.2,0.8,5005.76,-8.8,-0.18,0,42.4,0.85,-8.8,-0.18,805.26,0.81,23
221,Entry short,2025-07-16 01:00,MR-S | IN:MR,6257.2,0.8,5005.76,-8.8,-0.18,0,42.4,0.85,-8.8,-0.18,805.26,0.81,23
222,Exit short,2025-07-21 20:00,MR FAIL | IN:HYBRID | OUT:MR,6330.9,1,6294.1,-36.8,-0.58,0,6.5,0.10,-37.8,-0.60,768.46,0.77,22
222,Entry short,2025-07-18 21:00,MR-S | IN:HYBRID,6294.1,1,6294.1,-36.8,-0.58,0,6.5,0.10,-37.8,-0.60,768.46,0.77,22
223,Exit short,2025-07-23 09:00,MR FAIL | IN:MR | OUT:MR,6328.2,1,6318.7,-9.5,-0.15,0,32.7,0.52,-12.6,-0.20,758.96,0.76,24
223,Entry short,2025-07-22 08:00,MR-S | IN:MR,6318.7,1,6318.7,-9.5,-0.15,0,32.7,0.52,-12.6,-0.20,758.96,0.76,24
224,Exit short,2025-07-26 02:00,MR FAIL | IN:HYBRID | OUT:HYBRID,6394.7,1,6380.2,-14.5,-0.23,0,12.5,0.20,-19.8,-0.31,744.46,0.74,28
224,Entry short,2025-07-24 21:00,MR-S | IN:HYBRID,6380.2,1,6380.2,-14.5,-0.23,0,12.5,0.20,-19.8,-0.31,744.46,0.74,28
225,Exit short,2025-07-30 03:00,MR TP1 | IN:MR | OUT:HYBRID,6375.3,0.2,1279.76,4.7,0.37,0,6.04,0.47,-3.16,-0.25,749.16,0.75,28
225,Entry short,2025-07-28 22:00,MR-S | IN:MR,6398.8,0.2,1279.76,4.7,0.37,0,6.04,0.47,-3.16,-0.25,749.16,0.75,28
226,Exit short,2025-07-31 05:00,RUN EXIT | IN:MR | OUT:MR,6416.1,0.8,5119.04,-13.84,-0.27,0,46.96,0.92,-14.56,-0.28,735.32,0.74,52
226,Entry short,2025-07-28 22:00,MR-S | IN:MR,6398.8,0.8,5119.04,-13.84,-0.27,0,46.96,0.92,-14.56,-0.28,735.32,0.74,52
227,Exit short,2025-08-01 05:00,MR TP1 | IN:MR | OUT:TREND,6332.8,0.2,1271.94,5.38,0.42,0,7.06,0.56,-3.3,-0.26,740.7,0.74,4
227,Entry short,2025-08-01 00:00,MR-S | IN:MR,6359.7,0.2,1271.94,5.38,0.42,0,7.06,0.56,-3.3,-0.26,740.7,0.74,4
228,Exit short,2025-08-04 09:00,RUN EXIT | IN:MR | OUT:HYBRID,6263.5,0.8,5087.76,76.96,1.51,0,116.72,2.29,-13.2,-0.26,817.66,0.82,31
228,Entry short,2025-08-01 00:00,MR-S | IN:MR,6359.7,0.8,5087.76,76.96,1.51,0,116.72,2.29,-13.2,-0.26,817.66,0.82,31
229,Exit short,2025-08-06 22:00,MR FAIL | IN:HYBRID | OUT:MR,6349.3,1,6299.7,-49.6,-0.79,0,8.9,0.14,-51.9,-0.82,768.06,0.77,18
229,Entry short,2025-08-06 03:00,MR-S | IN:HYBRID,6299.7,1,6299.7,-49.6,-0.79,0,8.9,0.14,-51.9,-0.82,768.06,0.77,18
230,Exit short,2025-08-08 21:00,MR FAIL | IN:MR | OUT:MR,6378.7,1,6327,-51.7,-0.82,0,5.2,0.08,-64.2,-1.01,716.36,0.72,19
230,Entry short,2025-08-08 01:00,MR-S | IN:MR,6327,1,6327,-51.7,-0.82,0,5.2,0.08,-64.2,-1.01,716.36,0.72,19
231,Exit short,2025-08-12 22:00,MR FAIL | IN:MR | OUT:MR,6434.1,1,6394.8,-39.3,-0.61,0,27,0.42,-39.6,-0.62,677.06,0.68,22
231,Entry short,2025-08-11 23:00,MR-S | IN:MR,6394.8,1,6394.8,-39.3,-0.61,0,27,0.42,-39.6,-0.62,677.06,0.68,22
232,Exit short,2025-08-15 14:00,MR FAIL | IN:MR | OUT:MR,6486.6,1,6457,-29.6,-0.46,0,21.7,0.34,-32.8,-0.51,647.46,0.65,36
232,Entry short,2025-08-14 00:00,MR-S | IN:MR,6457,1,6457,-29.6,-0.46,0,21.7,0.34,-32.8,-0.51,647.46,0.65,36
233,Exit short,2025-08-18 12:00,MR TP1 | IN:MR | OUT:MR,6461.5,0.2,1294.62,2.32,0.18,0,6.04,0.47,-2.04,-0.16,649.78,0.65,19
233,Entry short,2025-08-15 16:00,MR-S | IN:MR,6473.1,0.2,1294.62,2.32,0.18,0,6.04,0.47,-2.04,-0.16,649.78,0.65,19
234,Exit short,2025-08-21 08:00,RUN EXIT | IN:MR | OUT:MR,6400.1,0.8,5178.48,58.4,1.13,0,100.96,1.95,-8.16,-0.16,708.18,0.71,84
234,Entry short,2025-08-15 16:00,MR-S | IN:MR,6473.1,0.8,5178.48,58.4,1.13,0,100.96,1.95,-8.16,-0.16,708.18,0.71,84
235,Exit long,2025-08-23 00:00,MR TP1 | IN:MR | OUT:TREND,6473.5,0.2,1277.34,17.36,1.36,0,18.8,1.47,-0.8,-0.06,725.54,0.73,9
235,Entry long,2025-08-22 15:00,MR-L | IN:MR,6386.7,0.2,1277.34,17.36,1.36,0,18.8,1.47,-0.8,-0.06,725.54,0.73,9
236,Exit long,2025-08-25 21:00,RUN EXIT | IN:MR | OUT:MR,6460.8,0.8,5109.36,59.28,1.16,0,75.2,1.47,-3.2,-0.06,784.82,0.78,29
236,Entry long,2025-08-22 15:00,MR-L | IN:MR,6386.7,0.8,5109.36,59.28,1.16,0,75.2,1.47,-3.2,-0.06,784.82,0.78,29
237,Exit short,2025-08-30 02:00,MR TP1 | IN:MR | OUT:TREND,6464.3,0.2,1296.98,4.12,0.32,0,8.04,0.62,-1.92,-0.15,788.94,0.79,10
237,Entry short,2025-08-29 16:00,MR-S | IN:MR,6484.9,0.2,1296.98,4.12,0.32,0,8.04,0.62,-1.92,-0.15,788.94,0.79,10
238,Exit short,2025-09-03 09:00,RUN EXIT | IN:MR | OUT:MR,6422.3,0.8,5187.92,50.08,0.97,0,97.6,1.88,-7.68,-0.15,839.02,0.84,58
238,Entry short,2025-08-29 16:00,MR-S | IN:MR,6484.9,0.8,5187.92,50.08,0.97,0,97.6,1.88,-7.68,-0.15,839.02,0.84,58
239,Exit short,2025-09-08 22:00,MR FAIL | IN:TREND | OUT:HYBRID,6505.8,1,6452.2,-53.6,-0.83,0,8,0.12,-58.1,-0.90,785.42,0.79,24
239,Entry short,2025-09-05 21:00,MR-S | IN:TREND,6452.2,1,6452.2,-53.6,-0.83,0,8,0.12,-58.1,-0.90,785.42,0.79,24
240,Exit long,2025-09-08 23:00,TF EXIT | IN:HYBRID | OUT:HYBRID,6497.5,1,6505.8,-8.3,-0.13,0,0.2,0.00,-16,-0.25,777.12,0.78,1
240,Entry long,2025-09-08 22:00,TF-L | IN:HYBRID,6505.8,1,6505.8,-8.3,-0.13,0,0.2,0.00,-16,-0.25,777.12,0.78,1
241,Exit short,2025-09-09 09:00,MR FAIL | IN:HYBRID | OUT:MR,6506.9,1,6497.5,-9.4,-0.14,0,13.2,0.20,-12.1,-0.19,767.72,0.77,9
241,Entry short,2025-09-08 23:00,MR-S | IN:HYBRID,6497.5,1,6497.5,-9.4,-0.14,0,13.2,0.20,-12.1,-0.19,767.72,0.77,9
242,Exit short,2025-09-10 05:00,MR FAIL | IN:MR | OUT:MR,6528.7,1,6506.1,-22.6,-0.35,0,22.2,0.34,-26.1,-0.40,745.12,0.75,9
242,Entry short,2025-09-09 19:00,MR-S | IN:MR,6506.1,1,6506.1,-22.6,-0.35,0,22.2,0.34,-26.1,-0.40,745.12,0.75,9
243,Exit short,2025-09-15 21:00,MR FAIL | IN:TREND | OUT:HYBRID,6619.8,1,6581.3,-38.5,-0.58,0,8.8,0.13,-38.7,-0.59,706.62,0.71,30
243,Entry short,2025-09-12 14:00,MR-S | IN:TREND,6581.3,1,6581.3,-38.5,-0.58,0,8.8,0.13,-38.7,-0.59,706.62,0.71,30
244,Exit long,2025-09-16 21:00,TF EXIT | IN:HYBRID | OUT:MR,6608.5,1,6619.8,-11.3,-0.17,0,16.9,0.26,-15.9,-0.24,695.32,0.70,23
244,Entry long,2025-09-15 21:00,TF-L | IN:HYBRID,6619.8,1,6619.8,-11.3,-0.17,0,16.9,0.26,-15.9,-0.24,695.32,0.70,23
245,Exit short,2025-09-17 23:00,MR TP1 | IN:MR | OUT:MR,6593.3,0.2,1321.7,3.04,0.23,0,3.4,0.26,-1.82,-0.14,698.36,0.70,25
245,Entry short,2025-09-16 21:00,MR-S | IN:MR,6608.5,0.2,1321.7,3.04,0.23,0,3.4,0.26,-1.82,-0.14,698.36,0.70,25
246,Exit short,2025-09-18 09:00,RUN EXIT | IN:MR | OUT:MR,6629.5,0.8,5286.8,-16.8,-0.32,0,44.96,0.85,-16.96,-0.32,681.56,0.68,34
246,Entry short,2025-09-16 21:00,MR-S | IN:MR,6608.5,0.8,5286.8,-16.8,-0.32,0,44.96,0.85,-16.96,-0.32,681.56,0.68,34
247,Exit short,2025-09-19 23:00,MR FAIL | IN:MR | OUT:MR,6653.1,1,6635.8,-17.3,-0.26,0,13.2,0.20,-19.5,-0.29,664.26,0.66,11
247,Entry short,2025-09-19 12:00,MR-S | IN:MR,6635.8,1,6635.8,-17.3,-0.26,0,13.2,0.20,-19.5,-0.29,664.26,0.66,11
248,Exit short,2025-09-22 22:00,MR FAIL | IN:TREND | OUT:MR,6674.7,1,6649.4,-25.3,-0.38,0,5.7,0.09,-33.1,-0.50,638.96,0.64,7
248,Entry short,2025-09-22 15:00,MR-S | IN:TREND,6649.4,1,6649.4,-25.3,-0.38,0,5.7,0.09,-33.1,-0.50,638.96,0.64,7
249,Exit short,2025-09-24 16:00,MR TP1 | IN:TREND | OUT:HYBRID,6672.6,0.2,1338.36,3.84,0.29,0,8.8,0.66,-0.3,-0.02,642.8,0.64,18
249,Entry short,2025-09-23 21:00,MR-S | IN:TREND,6691.8,0.2,1338.36,3.84,0.29,0,8.8,0.66,-0.3,-0.02,642.8,0.64,18
250,Exit short,2025-09-26 14:00,RUN EXIT | IN:TREND | OUT:MR,6618.5,0.8,5353.44,58.64,1.10,0,95.92,1.79,-1.2,-0.02,701.44,0.70,62
250,Entry short,2025-09-23 21:00,MR-S | IN:TREND,6691.8,0.8,5353.44,58.64,1.10,0,95.92,1.79,-1.2,-0.02,701.44,0.70,62
251,Exit short,2025-10-01 06:00,MR FAIL | IN:MR | OUT:MR,6674.6,1,6662.1,-12.5,-0.19,0,18.2,0.27,-32,-0.48,688.94,0.69,23
251,Entry short,2025-09-30 06:00,MR-S | IN:MR,6662.1,1,6662.1,-12.5,-0.19,0,18.2,0.27,-32,-0.48,688.94,0.69,23
252,Exit short,2025-10-01 22:00,MR FAIL | IN:MR | OUT:MR,6696.1,1,6662.1,-34,-0.51,0,30.7,0.46,-36.3,-0.54,654.94,0.65,13
252,Entry short,2025-10-01 09:00,MR-S | IN:MR,6662.1,1,6662.1,-34,-0.51,0,30.7,0.46,-36.3,-0.54,654.94,0.65,13
253,Exit short,2025-10-07 00:00,MR FAIL | IN:MR | OUT:MR,6749.3,1,6710.4,-38.9,-0.58,0,4.8,0.07,-41.6,-0.62,616.04,0.62,47
253,Entry short,2025-10-02 23:00,MR-S | IN:MR,6710.4,1,6710.4,-38.9,-0.58,0,4.8,0.07,-41.6,-0.62,616.04,0.62,47
254,Exit short,2025-10-08 02:00,MR TP1 | IN:MR | OUT:HYBRID,6717.6,0.2,1346.72,3.2,0.24,0,6.24,0.46,-4.8,-0.36,619.24,0.62,21
254,Entry short,2025-10-07 05:00,MR-S | IN:MR,6733.6,0.2,1346.72,3.2,0.24,0,6.24,0.46,-4.8,-0.36,619.24,0.62,21
255,Exit short,2025-10-08 21:00,RUN EXIT | IN:MR | OUT:HYBRID,6744.7,0.8,5386.88,-8.88,-0.16,0,24.96,0.46,-19.2,-0.36,610.36,0.61,39
255,Entry short,2025-10-07 05:00,MR-S | IN:MR,6733.6,0.8,5386.88,-8.88,-0.16,0,24.96,0.46,-19.2,-0.36,610.36,0.61,39
256,Exit short,2025-10-10 17:00,MR TP1 | IN:MR | OUT:MR,6739.1,0.2,1347.76,-0.06,0.00,0,4.3,0.32,-2.1,-0.16,610.3,0.61,18
256,Entry short,2025-10-09 22:00,MR-S | IN:MR,6738.8,0.2,1347.76,-0.06,0.00,0,4.3,0.32,-2.1,-0.16,610.3,0.61,18
257,Exit short,2025-10-13 17:00,RUN EXIT | IN:MR | OUT:MR,6640.1,0.8,5391.04,78.96,1.46,0,188.64,3.50,-19.2,-0.36,689.26,0.69,41
257,Entry short,2025-10-09 22:00,MR-S | IN:MR,6738.8,0.8,5391.04,78.96,1.46,0,188.64,3.50,-19.2,-0.36,689.26,0.69,41
258,Exit long,2025-10-15 14:00,MR TP1 | IN:MR | OUT:HYBRID,6674.9,0.2,1333.46,1.52,0.11,0,2.96,0.22,-8.3,-0.62,690.78,0.69,14
258,Entry long,2025-10-14 23:00,MR-L | IN:MR,6667.3,0.2,1333.46,1.52,0.11,0,2.96,0.22,-8.3,-0.62,690.78,0.69,14
259,Exit long,2025-10-16 23:00,RUN EXIT | IN:MR | OUT:HYBRID,6656.5,0.8,5333.84,-8.64,-0.16,0,47.52,0.89,-44.32,-0.83,682.14,0.68,46
259,Entry long,2025-10-14 23:00,MR-L | IN:MR,6667.3,0.8,5333.84,-8.64,-0.16,0,47.52,0.89,-44.32,-0.83,682.14,0.68,46
260,Exit long,2025-10-20 10:00,MR TP1 | IN:MR | OUT:HYBRID,6687.1,0.2,1333.14,4.28,0.32,0,4.58,0.34,-1.52,-0.11,686.42,0.69,8
260,Entry long,2025-10-18 01:00,MR-L | IN:MR,6665.7,0.2,1333.14,4.28,0.32,0,4.58,0.34,-1.52,-0.11,686.42,0.69,8
261,Exit long,2025-10-21 17:00,RUN EXIT | IN:MR | OUT:HYBRID,6736,0.8,5332.56,56.24,1.05,0,67.2,1.26,-6.08,-0.11,742.66,0.74,38
261,Entry long,2025-10-18 01:00,MR-L | IN:MR,6665.7,0.8,5332.56,56.24,1.05,0,67.2,1.26,-6.08,-0.11,742.66,0.74,38
262,Exit long,2025-10-24 05:00,MR TP1 | IN:MR | OUT:HYBRID,6746.7,0.2,1347.84,1.5,0.11,0,2.54,0.19,-2.1,-0.16,744.16,0.74,5
262,Entry long,2025-10-23 23:00,MR-L | IN:MR,6739.2,0.2,1347.84,1.5,0.11,0,2.54,0.19,-2.1,-0.16,744.16,0.74,5
263,Exit long,2025-10-27 22:00,RUN EXIT | IN:MR | OUT:TREND,6859.5,0.8,5391.36,96.24,1.79,0,97.84,1.81,-8.4,-0.16,840.4,0.84,45
263,Entry long,2025-10-23 23:00,MR-L | IN:MR,6739.2,0.8,5391.36,96.24,1.79,0,97.84,1.81,-8.4,-0.16,840.4,0.84,45
264,Exit short,2025-10-30 23:00,MR TP1 | IN:MR | OUT:MR,6870.1,0.2,1381.26,7.24,0.52,0,13.34,0.97,-3.76,-0.27,847.64,0.85,22
264,Entry short,2025-10-30 00:00,MR-S | IN:MR,6906.3,0.2,1381.26,7.24,0.52,0,13.34,0.97,-3.76,-0.27,847.64,0.85,22
265,Exit short,2025-11-03 16:00,RUN EXIT | IN:MR | OUT:MR,6869.2,0.8,5525.04,29.68,0.54,0,72.08,1.30,-15.04,-0.27,877.32,0.88,60
265,Entry short,2025-10-30 00:00,MR-S | IN:MR,6906.3,0.8,5525.04,29.68,0.54,0,72.08,1.30,-15.04,-0.27,877.32,0.88,60
266,Exit long,2025-11-06 23:00,MR FAIL | IN:MR | OUT:MR,6715.6,1,6773.5,-57.9,-0.85,0,60,0.89,-59.9,-0.88,819.42,0.82,33
266,Entry long,2025-11-05 13:00,MR-L | IN:MR,6773.5,1,6773.5,-57.9,-0.85,0,60,0.89,-59.9,-0.88,819.42,0.82,33
267,Exit long,2025-11-10 17:00,MR TP1 | IN:MR | OUT:MR,6795.7,0.2,1352.74,6.4,0.47,0,7.4,0.55,-2.6,-0.19,825.82,0.83,11
267,Entry long,2025-11-10 06:00,MR-L | IN:MR,6763.7,0.2,1352.74,6.4,0.47,0,7.4,0.55,-2.6,-0.19,825.82,0.83,11
268,Exit long,2025-11-11 19:00,RUN EXIT | IN:MR | OUT:MR,6819.1,0.8,5410.96,44.32,0.82,0,66.08,1.22,-10.4,-0.19,870.14,0.87,36
268,Entry long,2025-11-10 06:00,MR-L | IN:MR,6763.7,0.8,5410.96,44.32,0.82,0,66.08,1.22,-10.4,-0.19,870.14,0.87,36
269,Exit short,2025-11-13 09:00,MR FAIL | IN:TREND | OUT:MR,6859.5,1,6846.4,-13.1,-0.19,0,14.2,0.21,-23.5,-0.34,857.04,0.86,10
269,Entry short,2025-11-12 22:00,MR-S | IN:TREND,6846.4,1,6846.4,-13.1,-0.19,0,14.2,0.21,-23.5,-0.34,857.04,0.86,10
270,Exit short,2025-11-14 00:00,MR TP1 | IN:MR | OUT:TREND,6763.3,0.2,1370.2,17.54,1.28,0,17.9,1.31,-0.96,-0.07,874.58,0.87,7
270,Entry short,2025-11-13 17:00,MR-S | IN:MR,6851,0.2,1370.2,17.54,1.28,0,17.9,1.31,-0.96,-0.07,874.58,0.87,7
271,Exit short,2025-11-15 00:00,RUN EXIT | IN:MR | OUT:MR,6759.2,0.8,5480.8,73.44,1.34,0,160.16,2.92,-3.84,-0.07,948.02,0.95,30
271,Entry short,2025-11-13 17:00,MR-S | IN:MR,6851,0.8,5480.8,73.44,1.34,0,160.16,2.92,-3.84,-0.07,948.02,0.95,30
272,Exit long,2025-11-20 11:00,MR TP1 | IN:MR | OUT:TREND,6732.2,0.2,1324.46,21.98,1.66,0,22.02,1.66,-3.4,-0.26,970,0.97,19
272,Entry long,2025-11-19 15:00,MR-L | IN:MR,6622.3,0.2,1324.46,21.98,1.66,0,22.02,1.66,-3.4,-0.26,970,0.97,19
273,Exit long,2025-11-21 02:00,RUN EXIT | IN:MR | OUT:TREND,6598,0.8,5297.84,-19.44,-0.37,0,121.12,2.29,-53.44,-1.01,950.56,0.95,34
273,Entry long,2025-11-19 15:00,MR-L | IN:MR,6622.3,0.8,5297.84,-19.44,-0.37,0,121.12,2.29,-53.44,-1.01,950.56,0.95,34
274,Exit long,2025-11-24 19:00,MR TP1 | IN:MR | OUT:MR,6643,0.2,1327.54,1.06,0.08,0,4.58,0.34,-8.12,-0.61,951.62,0.95,17
274,Entry long,2025-11-22 01:00,MR-L | IN:MR,6637.7,0.2,1327.54,1.06,0.08,0,4.58,0.34,-8.12,-0.61,951.62,0.95,17
275,Exit long,2025-11-28 10:00,RUN EXIT | IN:MR | OUT:MR,6823.1,0.8,5310.16,148.32,2.79,0,156.4,2.95,-32.48,-0.61,1099.94,1.10,96
275,Entry long,2025-11-22 01:00,MR-L | IN:MR,6637.7,0.8,5310.16,148.32,2.79,0,156.4,2.95,-32.48,-0.61,1099.94,1.10,96
276,Exit short,2025-12-05 09:00,MR FAIL | IN:MR | OUT:MR,6867.5,1,6856,-11.5,-0.17,0,27.5,0.40,-16.2,-0.24,1088.44,1.09,7
276,Entry short,2025-12-05 01:00,MR-S | IN:MR,6856,1,6856,-11.5,-0.17,0,27.5,0.40,-16.2,-0.24,1088.44,1.09,7
277,Exit short,2025-12-09 08:00,MR TP1 | IN:MR | OUT:MR,6855.8,0.2,1373.46,2.3,0.17,0,7.7,0.56,-0.64,-0.05,1090.74,1.09,10
277,Entry short,2025-12-08 21:00,MR-S | IN:MR,6867.3,0.2,1373.46,2.3,0.17,0,7.7,0.56,-0.64,-0.05,1090.74,1.09,10
278,Exit short,2025-12-11 00:00,RUN EXIT | IN:MR | OUT:MR,6851.2,0.8,5493.84,12.88,0.23,0,33.28,0.61,-2.56,-0.05,1103.62,1.10,49
278,Entry short,2025-12-08 21:00,MR-S | IN:MR,6867.3,0.8,5493.84,12.88,0.23,0,33.28,0.61,-2.56,-0.05,1103.62,1.10,49
279,Exit long,2025-12-12 00:00,MR TP1 | IN:MR | OUT:MR,6885.4,0.2,1371.64,5.44,0.40,0,6.9,0.50,-4.9,-0.36,1109.06,1.11,6
279,Entry long,2025-12-11 18:00,MR-L | IN:MR,6858.2,0.2,1371.64,5.44,0.40,0,6.9,0.50,-4.9,-0.36,1109.06,1.11,6
280,Exit long,2025-12-12 21:00,RUN EXIT | IN:MR | OUT:MR,6885.2,0.8,5486.56,21.6,0.39,0,52.96,0.97,-19.6,-0.36,1130.66,1.13,26
280,Entry long,2025-12-11 18:00,MR-L | IN:MR,6858.2,0.8,5486.56,21.6,0.39,0,52.96,0.97,-19.6,-0.36,1130.66,1.13,26
281,Exit long,2025-12-17 23:00,MR FAIL | IN:MR | OUT:MR,6749.8,1,6818.7,-68.9,-1.01,0,7.3,0.11,-80.1,-1.17,1061.76,1.06,25
281,Entry long,2025-12-16 21:00,MR-L | IN:MR,6818.7,1,6818.7,-68.9,-1.01,0,7.3,0.11,-80.1,-1.17,1061.76,1.06,25
282,Exit long,2025-12-19 16:00,MR TP1 | IN:HYBRID | OUT:MR,6798,0.2,1354.76,4.84,0.36,0,8.46,0.62,-3.5,-0.26,1066.6,1.07,19
282,Entry long,2025-12-18 20:00,MR-L | IN:HYBRID,6773.8,0.2,1354.76,4.84,0.36,0,8.46,0.62,-3.5,-0.26,1066.6,1.07,19
283,Exit long,2025-12-23 06:00,RUN EXIT | IN:HYBRID | OUT:HYBRID,6878.9,0.8,5419.04,84.08,1.55,0,87.68,1.62,-14,-0.26,1150.68,1.15,55
283,Entry long,2025-12-18 20:00,MR-L | IN:HYBRID,6773.8,0.8,5419.04,84.08,1.55,0,87.68,1.62,-14,-0.26,1150.68,1.15,55
284,Exit short,2025-12-30 01:00,MR TP1 | IN:TREND | OUT:HYBRID,6900.1,0.2,1386.04,6.02,0.43,0,8.32,0.60,-2.68,-0.19,1156.7,1.16,29
284,Entry short,2025-12-26 19:00,MR-S | IN:TREND,6930.2,0.2,1386.04,6.02,0.43,0,8.32,0.60,-2.68,-0.19,1156.7,1.16,29
285,Exit short,2026-01-02 17:00,RUN EXIT | IN:TREND | OUT:MR,6889.3,0.8,5544.16,32.72,0.59,0,63.68,1.15,-10.72,-0.19,1189.42,1.19,88
285,Entry short,2025-12-26 19:00,MR-S | IN:TREND,6930.2,0.8,5544.16,32.72,0.59,0,63.68,1.15,-10.72,-0.19,1189.42,1.19,88
286,Exit long,2026-01-06 00:00,MR TP1 | IN:MR | OUT:TREND,6910.5,0.2,1373.6,8.5,0.62,0,10.26,0.75,-1.2,-0.09,1197.92,1.20,12
286,Entry long,2026-01-05 12:00,MR-L | IN:MR,6868,0.2,1373.6,8.5,0.62,0,10.26,0.75,-1.2,-0.09,1197.92,1.20,12
287,Exit long,2026-01-07 19:00,RUN EXIT | IN:MR | OUT:TREND,6940.7,0.8,5494.4,58.16,1.06,0,64.48,1.17,-4.8,-0.09,1256.08,1.26,53
287,Entry long,2026-01-05 12:00,MR-L | IN:MR,6868,0.8,5494.4,58.16,1.06,0,64.48,1.17,-4.8,-0.09,1256.08,1.26,53
288,Exit long,2026-01-09 21:00,MR TP1 | IN:MR | OUT:MR,6937.7,0.2,1384.36,3.18,0.23,0,5.26,0.38,-1.4,-0.10,1259.26,1.26,8
288,Entry long,2026-01-09 13:00,MR-L | IN:MR,6921.8,0.2,1384.36,3.18,0.23,0,5.26,0.38,-1.4,-0.10,1259.26,1.26,8
289,Exit long,2026-01-12 14:00,RUN EXIT | IN:MR | OUT:MR,6927.8,0.8,5537.44,4.8,0.09,0,43.2,0.78,-5.76,-0.10,1264.06,1.26,24
289,Entry long,2026-01-09 13:00,MR-L | IN:MR,6921.8,0.8,5537.44,4.8,0.09,0,43.2,0.78,-5.76,-0.10,1264.06,1.26,24
290,Exit short,2026-01-14 19:00,MR TP1 | IN:MR | OUT:MR,6937.9,0.2,1392.3,4.72,0.34,0,7.16,0.51,-2.94,-0.21,1268.78,1.27,20
290,Entry short,2026-01-13 22:00,MR-S | IN:MR,6961.5,0.2,1392.3,4.72,0.34,0,7.16,0.51,-2.94,-0.21,1268.78,1.27,20
291,Exit short,2026-01-15 15:00,RUN EXIT | IN:MR | OUT:MR,6940.6,0.8,5569.2,16.72,0.30,0,61.04,1.10,-11.76,-0.21,1285.5,1.29,39
291,Entry short,2026-01-13 22:00,MR-S | IN:MR,6961.5,0.8,5569.2,16.72,0.30,0,61.04,1.10,-11.76,-0.21,1285.5,1.29,39
292,Exit short,2026-01-19 07:00,MR TP1 | IN:MR | OUT:MR,6888.4,0.2,1388.18,10.5,0.76,0,12.44,0.90,-3.86,-0.28,1296,1.30,8
292,Entry short,2026-01-16 22:00,MR-S | IN:MR,6940.9,0.2,1388.18,10.5,0.76,0,12.44,0.90,-3.86,-0.28,1296,1.30,8
293,Exit short,2026-01-20 12:00,RUN EXIT | IN:MR | OUT:MR,6870.8,0.8,5552.72,56.08,1.01,0,70.32,1.27,-15.44,-0.28,1352.08,1.35,32
293,Entry short,2026-01-16 22:00,MR-S | IN:MR,6940.9,0.8,5552.72,56.08,1.01,0,70.32,1.27,-15.44,-0.28,1352.08,1.35,32
294,Exit long,2026-01-21 02:00,MR FAIL | IN:MR | OUT:MR,6800.6,1,6861.1,-60.5,-0.88,0,7.5,0.11,-65.8,-0.96,1291.58,1.29,4
294,Entry long,2026-01-20 22:00,MR-L | IN:MR,6861.1,1,6861.1,-60.5,-0.88,0,7.5,0.11,-65.8,-0.96,1291.58,1.29,4
295,Exit long,2026-01-21 19:00,MR FAIL | IN:MR | OUT:HYBRID,6792.3,1,6819.5,-27.2,-0.40,0,4.8,0.07,-38,-0.56,1264.38,1.26,7
295,Entry long,2026-01-21 12:00,MR-L | IN:MR,6819.5,1,6819.5,-27.2,-0.40,0,4.8,0.07,-38,-0.56,1264.38,1.26,7
296,Exit short,2026-01-21 21:00,TF EXIT | IN:HYBRID | OUT:HYBRID,6848.2,1,6792.3,-55.9,-0.82,0,9.8,0.14,-57.5,-0.85,1208.48,1.21,2
296,Entry short,2026-01-21 19:00,TF-S | IN:HYBRID,6792.3,1,6792.3,-55.9,-0.82,0,9.8,0.14,-57.5,-0.85,1208.48,1.21,2
297,Exit long,2026-01-22 09:00,MR TP1 | IN:HYBRID | OUT:MR,6896.7,0.2,1369.64,9.7,0.71,0,12.72,0.93,-8.74,-0.64,1218.18,1.22,11
297,Entry long,2026-01-21 21:00,MR-L | IN:HYBRID,6848.2,0.2,1369.64,9.7,0.71,0,12.72,0.93,-8.74,-0.64,1218.18,1.22,11
298,Exit long,2026-01-23 12:00,RUN EXIT | IN:HYBRID | OUT:MR,6928.2,0.8,5478.56,64,1.17,0,70.08,1.28,-34.96,-0.64,1282.18,1.28,37
298,Entry long,2026-01-21 21:00,MR-L | IN:HYBRID,6848.2,0.8,5478.56,64,1.17,0,70.08,1.28,-34.96,-0.64,1282.18,1.28,37
299,Exit short,2026-01-29 23:00,MR TP1 | IN:TREND | OUT:MR,6909.9,0.2,1398.82,16.84,1.20,0,24.64,1.76,-1.66,-0.12,1299.02,1.30,26
299,Entry short,2026-01-28 20:00,MR-S | IN:TREND,6994.1,0.2,1398.82,16.84,1.20,0,24.64,1.76,-1.66,-0.12,1299.02,1.30,26
300,Exit short,2026-01-31 03:00,RUN EXIT | IN:TREND | OUT:MR,6939.7,0.8,5595.28,43.52,0.78,0,98.56,1.76,-6.64,-0.12,1342.54,1.34,53
300,Entry short,2026-01-28 20:00,MR-S | IN:TREND,6994.1,0.8,5595.28,43.52,0.78,0,98.56,1.76,-6.64,-0.12,1342.54,1.34,53
301,Exit long,2026-02-03 04:00,MR TP1 | IN:MR | OUT:MR,6978.2,0.2,1389.88,5.76,0.41,0,8.58,0.62,-0.62,-0.04,1348.3,1.35,7
301,Entry long,2026-02-02 21:00,MR-L | IN:MR,6949.4,0.2,1389.88,5.76,0.41,0,8.58,0.62,-0.62,-0.04,1348.3,1.35,7
302,Exit long,2026-02-03 23:00,RUN EXIT | IN:MR | OUT:HYBRID,6928.8,0.8,5559.52,-16.48,-0.30,0,43.12,0.78,-19.52,-0.35,1331.82,1.33,25
302,Entry long,2026-02-02 21:00,MR-L | IN:MR,6949.4,0.8,5559.52,-16.48,-0.30,0,43.12,0.78,-19.52,-0.35,1331.82,1.33,25
303,Exit long,2026-02-09 06:00,MR TP1 | IN:MR | OUT:TREND,6952.8,0.2,1368.76,21.8,1.59,0,22.82,1.67,-3.98,-0.29,1353.62,1.35,11
303,Entry long,2026-02-06 18:00,MR-L | IN:MR,6843.8,0.2,1368.76,21.8,1.59,0,22.82,1.67,-3.98,-0.29,1353.62,1.35,11
304,Exit long,2026-02-10 12:00,RUN EXIT | IN:MR | OUT:MR,6965.2,0.8,5475.04,97.12,1.77,0,109.2,1.99,-15.92,-0.29,1450.74,1.45,40
304,Entry long,2026-02-06 18:00,MR-L | IN:MR,6843.8,0.8,5475.04,97.12,1.77,0,109.2,1.99,-15.92,-0.29,1450.74,1.45,40
305,Exit short,2026-02-12 23:00,MR TP1 | IN:MR | OUT:MR,6865.7,0.2,1389.66,16.52,1.19,0,18.72,1.35,-1.78,-0.13,1467.26,1.47,2
305,Entry short,2026-02-12 21:00,MR-S | IN:MR,6948.3,0.2,1389.66,16.52,1.19,0,18.72,1.35,-1.78,-0.13,1467.26,1.47,2
306,Exit short,2026-02-14 00:00,RUN EXIT | IN:MR | OUT:MR,6867.3,0.8,5558.64,64.8,1.17,0,126.08,2.27,-7.12,-0.13,1532.06,1.53,26
306,Entry short,2026-02-12 21:00,MR-S | IN:MR,6948.3,0.8,5558.64,64.8,1.17,0,126.08,2.27,-7.12,-0.13,1532.06,1.53,26
307,Exit long,2026-02-18 14:00,MR TP1 | IN:MR | OUT:MR,6861.6,0.2,1371.76,0.56,0.04,0,1.7,0.12,-5.12,-0.37,1532.62,1.53,12
307,Entry long,2026-02-18 01:00,MR-L | IN:MR,6858.8,0.2,1371.76,0.56,0.04,0,1.7,0.12,-5.12,-0.37,1532.62,1.53,12
308,Exit long,2026-02-19 17:00,RUN EXIT | IN:MR | OUT:MR,6857,0.8,5487.04,-1.44,-0.03,0,40.8,0.74,-20.48,-0.37,1531.18,1.53,38
308,Entry long,2026-02-18 01:00,MR-L | IN:MR,6858.8,0.8,5487.04,-1.44,-0.03,0,40.8,0.74,-20.48,-0.37,1531.18,1.53,38
309,Exit short,2026-02-20 22:00,MR FAIL | IN:MR | OUT:MR,6903.6,1,6853.6,-50,-0.73,0,21.2,0.31,-55.5,-0.81,1481.18,1.48,4
309,Entry short,2026-02-20 18:00,MR-S | IN:MR,6853.6,1,6853.6,-50,-0.73,0,21.2,0.31,-55.5,-0.81,1481.18,1.48,4
310,Exit short,2026-02-24 00:00,MR TP1 | IN:MR | OUT:MR,6837,0.2,1372,4.6,0.34,0,7.94,0.58,-11.4,-0.83,1485.78,1.49,14
310,Entry short,2026-02-23 10:00,MR-S | IN:MR,6860,0.2,1372,4.6,0.34,0,7.94,0.58,-11.4,-0.83,1485.78,1.49,14
311,Exit short,2026-02-24 22:00,RUN EXIT | IN:MR | OUT:MR,6870.5,0.8,5488,-8.4,-0.15,0,35.04,0.64,-45.6,-0.83,1477.38,1.48,35
311,Entry short,2026-02-23 10:00,MR-S | IN:MR,6860,0.8,5488,-8.4,-0.15,0,35.04,0.64,-45.6,-0.83,1477.38,1.48,35
312,Exit short,2026-02-27 10:00,MR TP1 | IN:HYBRID | OUT:HYBRID,6887.3,0.2,1388.32,10.86,0.78,0,16.34,1.18,-3.5,-0.25,1488.24,1.49,18
312,Entry short,2026-02-26 15:00,MR-S | IN:HYBRID,6941.6,0.2,1388.32,10.86,0.78,0,16.34,1.18,-3.5,-0.25,1488.24,1.49,18
313,Exit short,2026-03-02 22:00,RUN EXIT | IN:HYBRID | OUT:MR,6857.4,0.8,5553.28,67.36,1.21,0,144.96,2.61,-14,-0.25,1555.6,1.56,53
313,Entry short,2026-02-26 15:00,MR-S | IN:HYBRID,6941.6,0.8,5553.28,67.36,1.21,0,144.96,2.61,-14,-0.25,1555.6,1.56,53
314,Exit long,2026-03-05 01:00,MR TP1 | IN:MR | OUT:MR,6881,0.2,1359.86,16.34,1.20,0,16.98,1.25,-6.62,-0.49,1571.94,1.57,17
314,Entry long,2026-03-04 08:00,MR-L | IN:MR,6799.3,0.2,1359.86,16.34,1.20,0,16.98,1.25,-6.62,-0.49,1571.94,1.57,17
315,Exit long,2026-03-05 22:00,RUN EXIT | IN:MR | OUT:MR,6835.8,0.8,5439.44,29.2,0.54,0,75.6,1.39,-26.48,-0.49,1601.14,1.60,37
315,Entry long,2026-03-04 08:00,MR-L | IN:MR,6799.3,0.8,5439.44,29.2,0.54,0,75.6,1.39,-26.48,-0.49,1601.14,1.60,37
316,Exit long,2026-03-10 14:00,MR TP1 | IN:HYBRID | OUT:HYBRID,6814.3,0.2,1330.64,32.22,2.42,0,32.36,2.43,-3.36,-0.25,1633.36,1.63,17
316,Entry long,2026-03-09 20:00,MR-L | IN:HYBRID,6653.2,0.2,1330.64,32.22,2.42,0,32.36,2.43,-3.36,-0.25,1633.36,1.63,17
317,Exit long,2026-03-11 15:00,RUN EXIT | IN:HYBRID | OUT:MR,6777.7,0.8,5322.56,99.6,1.87,0,155.04,2.91,-13.44,-0.25,1732.96,1.73,41
317,Entry long,2026-03-09 20:00,MR-L | IN:HYBRID,6653.2,0.8,5322.56,99.6,1.87,0,155.04,2.91,-13.44,-0.25,1732.96,1.73,41
318,Exit long,2026-03-13 23:00,MR FAIL | IN:MR | OUT:MR,6643.6,1,6706.6,-63,-0.94,0,26.8,0.40,-65,-0.97,1669.96,1.67,4
318,Entry long,2026-03-13 19:00,MR-L | IN:MR,6706.6,1,6706.6,-63,-0.94,0,26.8,0.40,-65,-0.97,1669.96,1.67,4
319,Exit long,2026-03-17 09:00,MR TP1 | IN:MR | OUT:MR,6680.9,0.2,1332.76,3.42,0.26,0,13.54,1.02,-2.66,-0.20,1673.38,1.67,21
319,Entry long,2026-03-16 11:00,MR-L | IN:MR,6663.8,0.2,1332.76,3.42,0.26,0,13.54,1.02,-2.66,-0.20,1673.38,1.67,21
320,Exit long,2026-03-18 20:00,RUN EXIT | IN:MR | OUT:MR,6703.9,0.8,5331.04,32.08,0.60,0,78.56,1.47,-10.64,-0.20,1705.46,1.71,55
320,Entry long,2026-03-16 11:00,MR-L | IN:MR,6663.8,0.8,5331.04,32.08,0.60,0,78.56,1.47,-10.64,-0.20,1705.46,1.71,55
321,Exit long,2026-03-20 23:00,MR FAIL | IN:MR | OUT:MR,6552.8,1,6622.4,-69.6,-1.05,0,12.3,0.19,-85.6,-1.29,1635.86,1.64,17
321,Entry long,2026-03-20 06:00,MR-L | IN:MR,6622.4,1,6622.4,-69.6,-1.05,0,12.3,0.19,-85.6,-1.29,1635.86,1.64,17
322,Exit long,2026-03-24 13:00,MR TP1 | IN:TREND | OUT:MR,6576.7,0.2,1328.38,-13.04,-0.98,0,2.82,0.21,-21.46,-1.62,1622.82,1.62,17
322,Entry long,2026-03-23 19:00,MR-L | IN:TREND,6641.9,0.2,1328.38,-13.04,-0.98,0,2.82,0.21,-21.46,-1.62,1622.82,1.62,17
323,Exit long,2026-03-26 02:00,RUN EXIT | IN:TREND | OUT:MR,6594.5,0.8,5313.52,-37.92,-0.71,0,11.28,0.21,-93.12,-1.75,1584.9,1.58,53
323,Entry long,2026-03-23 19:00,MR-L | IN:TREND,6641.9,0.8,5313.52,-37.92,-0.71,0,11.28,0.21,-93.12,-1.75,1584.9,1.58,53
324,Exit long,2026-04-01 01:00,MR TP1 | IN:TREND | OUT:TREND,6510.6,0.2,1278.24,23.88,1.87,0,25.44,1.99,-15.92,-1.25,1608.78,1.61,34
324,Entry long,2026-03-30 14:00,MR-L | IN:TREND,6391.2,0.2,1278.24,23.88,1.87,0,25.44,1.99,-15.92,-1.25,1608.78,1.61,34
325,Exit long,2026-04-02 05:00,RUN EXIT | IN:TREND | OUT:MR,6569.6,0.8,5112.96,142.72,2.79,0,175.12,3.43,-63.68,-1.25,1751.5,1.75,60
325,Entry long,2026-03-30 14:00,MR-L | IN:TREND,6391.2,0.8,5112.96,142.72,2.79,0,175.12,3.43,-63.68,-1.25,1751.5,1.75,60
326,Exit short,2026-04-06 14:00,MR FAIL | IN:MR | OUT:MR,6594.4,1,6561.4,-33,-0.50,0,34.5,0.53,-37.6,-0.57,1718.5,1.72,10
326,Entry short,2026-04-03 20:00,MR-S | IN:MR,6561.4,1,6561.4,-33,-0.50,0,34.5,0.53,-37.6,-0.57,1718.5,1.72,10
327,Exit short,2026-04-07 15:00,MR FAIL | IN:MR | OUT:MR,6615.3,1,6583,-32.3,-0.49,0,4,0.06,-36.5,-0.55,1686.2,1.69,3
327,Entry short,2026-04-07 12:00,MR-S | IN:MR,6583,1,6583,-32.3,-0.49,0,4,0.06,-36.5,-0.55,1686.2,1.69,3
328,Exit short,2026-04-08 05:00,MR FAIL | IN:MR | OUT:MR,6752.8,1,6563.3,-189.5,-2.89,0,30,0.46,-191.1,-2.91,1496.7,1.50,8
328,Entry short,2026-04-07 20:00,MR-S | IN:MR,6563.3,1,6563.3,-189.5,-2.89,0,30,0.46,-191.1,-2.91,1496.7,1.50,8
329,Exit short,2026-04-13 15:00,MR TP1 | IN:TREND | OUT:HYBRID,6777.4,0.2,1356.82,1.34,0.10,0,10.58,0.78,-12.56,-0.93,1498.04,1.50,60
329,Entry short,2026-04-09 00:00,MR-S | IN:TREND,6784.1,0.2,1356.82,1.34,0.10,0,10.58,0.78,-12.56,-0.93,1498.04,1.50,60
330,Exit short,2026-04-14 00:00,RUN EXIT | IN:TREND | OUT:MR,6847.1,0.8,5427.28,-50.4,-0.93,0,42.32,0.78,-55.84,-1.03,1447.64,1.45,69
330,Entry short,2026-04-09 00:00,MR-S | IN:TREND,6784.1,0.8,5427.28,-50.4,-0.93,0,42.32,0.78,-55.84,-1.03,1447.64,1.45,69
331,Exit short,2026-04-16 08:00,MR FAIL | IN:TREND | OUT:TREND,7038.1,1,6965.2,-72.9,-1.05,0,8.2,0.12,-77.7,-1.12,1374.74,1.37,15
331,Entry short,2026-04-15 16:00,MR-S | IN:TREND,6965.2,1,6965.2,-72.9,-1.05,0,8.2,0.12,-77.7,-1.12,1374.74,1.37,15
332,Exit short,2026-04-17 21:00,MR FAIL | IN:MR | OUT:TREND,7132.2,1,7046.2,-86,-1.22,0,0,0.00,-94.7,-1.34,1288.74,1.29,8
332,Entry short,2026-04-17 13:00,MR-S | IN:MR,7046.2,1,7046.2,-86,-1.22,0,0,0.00,-94.7,-1.34,1288.74,1.29,8
333,Exit short,2026-04-21 12:00,MR FAIL | IN:MR | OUT:HYBRID,7129.9,1,7092.8,-37.1,-0.52,0,14.7,0.21,-41.6,-0.59,1251.64,1.25,27
333,Entry short,2026-04-20 08:00,MR-S | IN:MR,7092.8,1,7092.8,-37.1,-0.52,0,14.7,0.21,-41.6,-0.59,1251.64,1.25,27
334,Exit long,2026-04-21 22:00,TF EXIT | IN:HYBRID | OUT:HYBRID,7095.7,1,7129.9,-34.2,-0.48,0,22.2,0.31,-41,-0.58,1217.44,1.22,10
334,Entry long,2026-04-21 12:00,TF-L | IN:HYBRID,7129.9,1,7129.9,-34.2,-0.48,0,22.2,0.31,-41,-0.58,1217.44,1.22,10
335,Exit short,2026-04-23 01:00,MR FAIL | IN:HYBRID | OUT:HYBRID,7124.6,1,7095.7,-28.9,-0.41,0,41.3,0.58,-40.4,-0.57,1188.54,1.19,26
335,Entry short,2026-04-21 22:00,MR-S | IN:HYBRID,7095.7,1,7095.7,-28.9,-0.41,0,41.3,0.58,-40.4,-0.57,1188.54,1.19,26
336,Exit long,2026-04-23 10:00,TF EXIT | IN:HYBRID | OUT:MR,7097.7,1,7124.6,-26.9,-0.38,0,18.2,0.26,-48.4,-0.68,1161.64,1.16,8
336,Entry long,2026-04-23 01:00,TF-L | IN:HYBRID,7124.6,1,7124.6,-26.9,-0.38,0,18.2,0.26,-48.4,-0.68,1161.64,1.16,8
337,Exit short,2026-04-23 21:00,MR FAIL | IN:MR | OUT:MR,7145.5,1,7097.7,-47.8,-0.67,0,3.6,0.05,-51.3,-0.72,1113.84,1.11,11
337,Entry short,2026-04-23 10:00,MR-S | IN:MR,7097.7,1,7097.7,-47.8,-0.67,0,3.6,0.05,-51.3,-0.72,1113.84,1.11,11
338,Exit short,2026-04-24 08:00,MR FAIL | IN:MR | OUT:MR,7127.7,1,7099,-28.7,-0.40,0,5.9,0.08,-33.3,-0.47,1085.14,1.09,6
338,Entry short,2026-04-24 01:00,MR-S | IN:MR,7099,1,7099,-28.7,-0.40,0,5.9,0.08,-33.3,-0.47,1085.14,1.09,6
339,Exit short,2026-04-24 14:00,MR FAIL | IN:MR | OUT:MR,7124.7,1,7110.2,-14.5,-0.20,0,2,0.03,-16.3,-0.23,1070.64,1.07,4
339,Entry short,2026-04-24 10:00,MR-S | IN:MR,7110.2,1,7110.2,-14.5,-0.20,0,2,0.03,-16.3,-0.23,1070.64,1.07,4
340,Exit short,2026-04-24 18:00,MR FAIL | IN:MR | OUT:MR,7142,1,7114.6,-27.4,-0.39,0,8.1,0.11,-45.9,-0.65,1043.24,1.04,3
340,Entry short,2026-04-24 15:00,MR-S | IN:MR,7114.6,1,7114.6,-27.4,-0.39,0,8.1,0.11,-45.9,-0.65,1043.24,1.04,3
341,Exit short,2026-04-29 02:00,MR TP1 | IN:MR | OUT:HYBRID,7145.6,0.2,1433.74,4.62,0.32,0,9.66,0.67,-5.66,-0.39,1047.86,1.05,29
341,Entry short,2026-04-27 20:00,MR-S | IN:MR,7168.7,0.2,1433.74,4.62,0.32,0,9.66,0.67,-5.66,-0.39,1047.86,1.05,29
342,Exit short,2026-04-30 07:00,RUN EXIT | IN:MR | OUT:MR,7174.4,0.8,5734.96,-4.56,-0.08,0,49.92,0.87,-22.64,-0.39,1043.3,1.04,56
342,Entry short,2026-04-27 20:00,MR-S | IN:MR,7168.7,0.8,5734.96,-4.56,-0.08,0,49.92,0.87,-22.64,-0.39,1043.3,1.04,56
343,Exit long,2026-04-30 23:00,MR TP1 | IN:MR | OUT:MR,7172.5,0.2,1431.22,3.28,0.23,0,6.08,0.42,-4.68,-0.33,1046.58,1.05,6
343,Entry long,2026-04-30 17:00,MR-L | IN:MR,7156.1,0.2,1431.22,3.28,0.23,0,6.08,0.42,-4.68,-0.33,1046.58,1.05,6
344,Exit long,2026-05-02 02:00,RUN EXIT | IN:MR | OUT:TREND,7233.5,0.8,5724.88,61.92,1.08,0,96.4,1.68,-18.72,-0.33,1108.5,1.11,32
344,Entry long,2026-04-30 17:00,MR-L | IN:MR,7156.1,0.8,5724.88,61.92,1.08,0,96.4,1.68,-18.72,-0.33,1108.5,1.11,32
345,Exit short,2026-05-08 21:00,MR FAIL | IN:TREND | OUT:MR,7397.6,1,7374,-23.6,-0.32,0,51.1,0.69,-28.3,-0.38,1084.9,1.08,28
345,Entry short,2026-05-07 16:00,MR-S | IN:TREND,7374,1,7374,-23.6,-0.32,0,51.1,0.69,-28.3,-0.38,1084.9,1.08,28
346,Exit short,2026-05-11 23:00,MR FAIL | IN:HYBRID | OUT:MR,7420.8,1,7394.2,-26.6,-0.36,0,10,0.14,-37.6,-0.51,1058.3,1.06,12
346,Entry short,2026-05-11 11:00,MR-S | IN:HYBRID,7394.2,1,7394.2,-26.6,-0.36,0,10,0.14,-37.6,-0.51,1058.3,1.06,12
347,Exit short,2026-05-12 23:00,MR TP1 | IN:MR | OUT:HYBRID,7348.3,0.2,1481.46,11.8,0.80,0,12.4,0.84,-0.44,-0.03,1070.1,1.07,13
347,Entry short,2026-05-12 10:00,MR-S | IN:MR,7407.3,0.2,1481.46,11.8,0.80,0,12.4,0.84,-0.44,-0.03,1070.1,1.07,13
348,Exit short,2026-05-13 11:00,RUN EXIT | IN:MR | OUT:MR,7419.8,0.8,5925.84,-10,-0.17,0,49.6,0.84,-10.8,-0.18,1060.1,1.06,24
348,Entry short,2026-05-12 10:00,MR-S | IN:MR,7407.3,0.8,5925.84,-10,-0.17,0,49.6,0.84,-10.8,-0.18,1060.1,1.06,24
349,Exit short,2026-05-16 00:00,MR TP1 | IN:HYBRID | OUT:HYBRID,7453,0.2,1498.1,7.5,0.50,0,17.54,1.17,-0.28,-0.02,1067.6,1.07,15
349,Entry short,2026-05-15 09:00,MR-S | IN:HYBRID,7490.5,0.2,1498.1,7.5,0.50,0,17.54,1.17,-0.28,-0.02,1067.6,1.07,15
350,Exit short,2026-05-19 00:00,RUN EXIT | IN:HYBRID | OUT:MR,7394.5,0.8,5992.4,76.8,1.28,0,104.8,1.75,-1.12,-0.02,1144.4,1.14,38
350,Entry short,2026-05-15 09:00,MR-S | IN:HYBRID,7490.5,0.8,5992.4,76.8,1.28,0,104.8,1.75,-1.12,-0.02,1144.4,1.14,38
351,Exit long,2026-05-21 02:00,MR TP1 | IN:MR | OUT:TREND,7436.9,0.2,1476.86,10.52,0.71,0,11.74,0.79,-4.4,-0.30,1154.92,1.15,8
351,Entry long,2026-05-20 18:00,MR-L | IN:MR,7384.3,0.2,1476.86,10.52,0.71,0,11.74,0.79,-4.4,-0.30,1154.92,1.15,8
352,Exit long,2026-05-26 09:00,RUN EXIT | IN:MR | OUT:MR,7526.5,0.8,5907.44,113.76,1.93,0,138.72,2.35,-17.6,-0.30,1268.68,1.27,79
352,Entry long,2026-05-20 18:00,MR-L | IN:MR,7384.3,0.8,5907.44,113.76,1.93,0,138.72,2.35,-17.6,-0.30,1268.68,1.27,79
353,Exit short,2026-06-02 23:00,MR FAIL | IN:MR | OUT:MR,7619.1,1,7608.5,-10.6,-0.14,0,40,0.53,-16.1,-0.21,1258.08,1.26,29
353,Entry short,2026-06-01 17:00,MR-S | IN:MR,7608.5,1,7608.5,-10.6,-0.14,0,40,0.53,-16.1,-0.21,1258.08,1.26,29
354,Exit short,2026-06-04 01:00,MR TP1 | IN:MR | OUT:TREND,7576.8,0.2,1521.6,6.24,0.41,0,10.4,0.68,-1.16,-0.08,1264.32,1.26,8
354,Entry short,2026-06-03 17:00,MR-S | IN:MR,7608,0.2,1521.6,6.24,0.41,0,10.4,0.68,-1.16,-0.08,1264.32,1.26,8
355,Exit short,2026-06-04 23:00,RUN EXIT | IN:MR | OUT:MR,7589.3,0.8,6086.4,14.96,0.25,0,72.4,1.19,-4.64,-0.08,1279.28,1.28,29
355,Entry short,2026-06-03 17:00,MR-S | IN:MR,7608,0.8,6086.4,14.96,0.25,0,72.4,1.19,-4.64,-0.08,1279.28,1.28,29
356,Exit long,2026-06-10 00:00,MR FAIL | IN:TREND | OUT:MR,7342.7,1,7454.3,-111.6,-1.50,0,32.1,0.43,-211.2,-2.83,1167.68,1.17,28
356,Entry long,2026-06-08 19:00,MR-L | IN:TREND,7454.3,1,7454.3,-111.6,-1.50,0,32.1,0.43,-211.2,-2.83,1167.68,1.17,28
357,Exit long,2026-06-12 09:00,MR TP1 | IN:MR | OUT:HYBRID,7408.9,0.2,1466.08,15.7,1.07,0,17.64,1.20,-14.04,-0.96,1183.38,1.18,16
357,Entry long,2026-06-11 16:00,MR-L | IN:MR,7330.4,0.2,1466.08,15.7,1.07,0,17.64,1.20,-14.04,-0.96,1183.38,1.18,16
358,Exit long,2026-06-16 07:00,RUN EXIT | IN:MR | OUT:HYBRID,7550.4,0.8,5864.32,176,3.00,0,202.4,3.45,-56.16,-0.96,1359.38,1.36,60
358,Entry long,2026-06-11 16:00,MR-L | IN:MR,7330.4,0.8,5864.32,176,3.00,0,202.4,3.45,-56.16,-0.96,1359.38,1.36,60
359,Exit long,2026-06-19 11:00,MR FAIL | IN:MR | OUT:MR,7462.9,1,7500.8,-37.9,-0.51,0,18.7,0.25,-41.7,-0.56,1321.48,1.32,11
359,Entry long,2026-06-18 23:00,MR-L | IN:MR,7500.8,1,7500.8,-37.9,-0.51,0,18.7,0.25,-41.7,-0.56,1321.48,1.32,11
360,Exit long,2026-06-22 06:00,MR FAIL | IN:MR | OUT:MR,7455.7,1,7497.2,-41.5,-0.55,0,8.8,0.12,-44.2,-0.59,1279.98,1.28,5
360,Entry long,2026-06-19 20:00,MR-L | IN:MR,7497.2,1,7497.2,-41.5,-0.55,0,8.8,0.12,-44.2,-0.59,1279.98,1.28,5
361,Exit long,2026-06-22 20:00,MR TP1 | IN:MR | OUT:MR,7535.9,0.2,1500.36,6.82,0.45,0,6.9,0.46,-1.84,-0.12,1286.8,1.29,7
361,Entry long,2026-06-22 13:00,MR-L | IN:MR,7501.8,0.2,1500.36,6.82,0.45,0,6.9,0.46,-1.84,-0.12,1286.8,1.29,7
362,Exit long,2026-06-23 05:00,RUN EXIT | IN:MR | OUT:MR,7472.8,0.8,6001.44,-23.2,-0.39,0,29.44,0.49,-27.6,-0.46,1263.6,1.26,15
362,Entry long,2026-06-22 13:00,MR-L | IN:MR,7501.8,0.8,6001.44,-23.2,-0.39,0,29.44,0.49,-27.6,-0.46,1263.6,1.26,15
363,Exit long,2026-06-26 02:00,MR FAIL | IN:MR | OUT:MR,7371.6,1,7392.9,-21.3,-0.29,0,45.1,0.61,-60,-0.81,1242.3,1.24,41
363,Entry long,2026-06-24 08:00,MR-L | IN:MR,7392.9,1,7392.9,-21.3,-0.29,0,45.1,0.61,-60,-0.81,1242.3,1.24,41
364,Exit long,2026-06-29 15:00,MR TP1 | IN:MR | OUT:MR,7397.3,0.2,1476.22,3.24,0.22,0,5.64,0.38,-12.84,-0.87,1245.54,1.25,15
364,Entry long,2026-06-26 23:00,MR-L | IN:MR,7381.1,0.2,1476.22,3.24,0.22,0,5.64,0.38,-12.84,-0.87,1245.54,1.25,15
365,Exit long,2026-07-01 09:00,RUN EXIT | IN:MR | OUT:HYBRID,7475.3,0.8,5904.88,75.36,1.28,0,105.84,1.79,-51.36,-0.87,1320.9,1.32,55
365,Entry long,2026-06-26 23:00,MR-L | IN:MR,7381.1,0.8,5904.88,75.36,1.28,0,105.84,1.79,-51.36,-0.87,1320.9,1.32,55
366,Exit short,2026-07-02 20:00,MR FAIL | IN:MR | OUT:MR,7535.9,1,7478.2,-57.7,-0.77,0,8.5,0.11,-62.8,-0.84,1263.2,1.26,6
366,Entry short,2026-07-02 14:00,MR-S | IN:MR,7478.2,1,7478.2,-57.7,-0.77,0,8.5,0.11,-62.8,-0.84,1263.2,1.26,6
367,Exit short,2026-07-03 21:00,MR FAIL | IN:MR | OUT:MR,7508.1,1,7474,-34.1,-0.46,0,47.3,0.63,-39.1,-0.52,1229.1,1.23,22
367,Entry short,2026-07-02 22:00,MR-S | IN:MR,7474,1,7474,-34.1,-0.46,0,47.3,0.63,-39.1,-0.52,1229.1,1.23,22
368,Exit short,2026-07-08 08:00,MR TP1 | IN:MR | OUT:HYBRID,7504.7,0.2,1505.7,4.76,0.32,0,9.6,0.64,-1.98,-0.13,1233.86,1.23,14
368,Entry short,2026-07-07 17:00,MR-S | IN:MR,7528.5,0.2,1505.7,4.76,0.32,0,9.6,0.64,-1.98,-0.13,1233.86,1.23,14
369,Exit short,2026-07-09 08:00,RUN EXIT | IN:MR | OUT:MR,7482.4,0.8,6022.8,36.88,0.61,0,86.4,1.43,-7.92,-0.13,1270.74,1.27,37
369,Entry short,2026-07-07 17:00,MR-S | IN:MR,7528.5,0.8,6022.8,36.88,0.61,0,86.4,1.43,-7.92,-0.13,1270.74,1.27,37
370,Exit short,2026-07-14 07:00,MR TP1 | IN:MR | OUT:HYBRID,7514.8,0.2,1507.7,4.74,0.31,0,8.48,0.56,-5.46,-0.36,1275.48,1.28,20
370,Entry short,2026-07-13 10:00,MR-S | IN:MR,7538.5,0.2,1507.7,4.74,0.31,0,8.48,0.56,-5.46,-0.36,1275.48,1.28,20
371,Exit short,2026-07-14 23:00,RUN EXIT | IN:MR | OUT:MR,7545.4,0.8,6030.8,-5.52,-0.09,0,40.08,0.66,-24.8,-0.41,1269.96,1.27,36
371,Entry short,2026-07-13 10:00,MR-S | IN:MR,7538.5,0.8,6030.8,-5.52,-0.09,0,40.08,0.66,-24.8,-0.41,1269.96,1.27,36
372,Exit short,2026-07-17 05:00,MR TP1 | IN:MR | OUT:HYBRID,7524.3,0.2,1512.1,7.24,0.48,0,10.9,0.72,-2.34,-0.15,1277.2,1.28,11
372,Entry short,2026-07-16 17:00,MR-S | IN:MR,7560.5,0.2,1512.1,7.24,0.48,0,10.9,0.72,-2.34,-0.15,1277.2,1.28,11
373,Exit short,2026-07-20 07:00,RUN EXIT | IN:MR | OUT:HYBRID,7464.3,0.8,6048.4,76.96,1.27,0,103.12,1.70,-9.36,-0.15,1354.16,1.35,36
373,Entry short,2026-07-16 17:00,MR-S | IN:MR,7560.5,0.8,6048.4,76.96,1.27,0,103.12,1.70,-9.36,-0.15,1354.16,1.35,36
374,Exit short,2026-07-22 22:00,MR FAIL | IN:MR | OUT:MR,7522.8,1,7477.3,-45.5,-0.61,0,0,0.00,-45.5,-0.61,1308.66,1.31,3
374,Entry short,2026-07-22 19:00,MR-S | IN:MR,7477.3,1,7477.3,-45.5,-0.61,0,0,0.00,-45.5,-0.61,1308.66,1.31,3
375,Exit short,2026-07-23 18:00,MR TP1 | IN:MR | OUT:MR,7463.5,0.2,1498.06,5.36,0.36,0,7.36,0.49,-1.72,-0.11,1314.02,1.31,8
375,Entry short,2026-07-23 10:00,MR-S | IN:MR,7490.3,0.2,1498.06,5.36,0.36,0,7.36,0.49,-1.72,-0.11,1314.02,1.31,8
376,Exit short,2026-07-24 17:00,RUN EXIT | IN:MR | OUT:HYBRID,7422,0.8,5992.24,54.64,0.91,0,92,1.54,-6.88,-0.11,1368.66,1.37,30
376,Entry short,2026-07-23 10:00,MR-S | IN:MR,7490.3,0.8,5992.24,54.64,0.91,0,92,1.54,-6.88,-0.11,1368.66,1.37,30
377,Exit short,2026-07-28 02:00,MR TP1 | IN:MR | OUT:MR,7415.7,0.2,1483,-0.14,-0.01,0,1.2,0.08,-1.6,-0.11,1368.52,1.37,1
377,Entry short,2026-07-28 01:00,MR-S | IN:MR,7415,0.2,1483,-0.14,-0.01,0,1.2,0.08,-1.6,-0.11,1368.52,1.37,1
378,Exit short,2026-07-28 23:00,RUN EXIT | IN:MR | OUT:MR,7451.1,0.8,5932,-28.88,-0.49,0,24.32,0.41,-30.32,-0.51,1339.64,1.34,21
378,Entry short,2026-07-28 01:00,MR-S | IN:MR,7415,0.8,5932,-28.88,-0.49,0,24.32,0.41,-30.32,-0.51,1339.64,1.34,21
379,Exit long,2026-07-31 07:00,MR TP1 | IN:MR | OUT:TREND,7464.6,0.2,1476.84,16.08,1.09,0,16.62,1.13,-3.2,-0.22,1355.72,1.36,9
379,Entry long,2026-07-30 21:00,MR-L | IN:MR,7384.2,0.2,1476.84,16.08,1.09,0,16.62,1.13,-3.2,-0.22,1355.72,1.36,9
380,Exit long,2026-08-05 21:00,RUN EXIT | IN:MR | OUT:TREND,7759.9,0.8,5907.36,300.56,5.09,0,327.44,5.54,-12.8,-0.22,1656.28,1.66,92
380,Entry long,2026-07-30 21:00,MR-L | IN:MR,7384.2,0.8,5907.36,300.56,5.09,0,327.44,5.54,-12.8,-0.22,1656.28,1.66,92
381,Exit short,2026-08-12 05:00,MR TP1 | IN:MR | OUT:HYBRID,7731.4,0.2,1546.86,0.58,0.04,0,3.48,0.22,-0.46,-0.03,1656.86,1.66,5
381,Entry short,2026-08-11 23:00,MR-S | IN:MR,7734.3,0.2,1546.86,0.58,0.04,0,3.48,0.22,-0.46,-0.03,1656.86,1.66,5
382,Exit short,2026-08-12 20:00,RUN EXIT | IN:MR | OUT:MR,7748.9,0.8,6187.44,-11.68,-0.19,0,13.92,0.22,-30.4,-0.49,1645.18,1.65,20
382,Entry short,2026-08-11 23:00,MR-S | IN:MR,7734.3,0.8,6187.44,-11.68,-0.19,0,13.92,0.22,-30.4,-0.49,1645.18,1.65,20
383,Exit short,2026-08-18 01:00,MR TP1 | IN:HYBRID | OUT:MR,7756.9,0.2,1561.88,10.5,0.67,0,11.3,0.72,-0.08,-0.01,1655.68,1.66,29
383,Entry short,2026-08-14 19:00,MR-S | IN:HYBRID,7809.4,0.2,1561.88,10.5,0.67,0,11.3,0.72,-0.08,-0.01,1655.68,1.66,29
384,Exit short,2026-08-19 10:00,RUN EXIT | IN:HYBRID | OUT:HYBRID,7688.5,0.8,6247.52,96.72,1.55,0,100.24,1.60,-0.32,-0.01,1752.4,1.75,60
384,Entry short,2026-08-14 19:00,MR-S | IN:HYBRID,7809.4,0.8,6247.52,96.72,1.55,0,100.24,1.60,-0.32,-0.01,1752.4,1.75,60
385,Exit long,2026-08-24 17:00,MR FAIL | IN:MR | OUT:MR,7655.4,1,7683.4,-28,-0.36,0,12.8,0.17,-29.7,-0.39,1724.4,1.72,21
385,Entry long,2026-08-21 19:00,MR-L | IN:MR,7683.4,1,7683.4,-28,-0.36,0,12.8,0.17,-29.7,-0.39,1724.4,1.72,21
386,Exit long,2026-08-25 19:00,MR TP1 | IN:MR | OUT:HYBRID,7683,0.2,1532.14,4.46,0.29,0,7.72,0.50,-0.14,-0.01,1728.86,1.73,9
386,Entry long,2026-08-25 10:00,MR-L | IN:MR,7660.7,0.2,1532.14,4.46,0.29,0,7.72,0.50,-0.14,-0.01,1728.86,1.73,9
387,Exit long,2026-08-28 23:00,RUN EXIT | IN:MR | OUT:MR,7713.6,0.8,6128.56,42.32,0.69,0,87.84,1.43,-8.48,-0.14,1771.18,1.77,82
387,Entry long,2026-08-25 10:00,MR-L | IN:MR,7660.7,0.8,6128.56,42.32,0.69,0,87.84,1.43,-8.48,-0.14,1771.18,1.77,82