Trade number,Type,Date and time,Signal,Price JPY,Size (qty),Size (value),Net PnL JPY,Return %,Commission JPY,Favorable excursion JPY,Favorable excursion %,Adverse excursion JPY,Adverse excursion %,Cumulative PnL JPY,Cumulative PnL %,Duration (bars)
1,Exit short,2025-01-15 15:00,MR TP1 | IN:HYBRID | OUT:HYBRID,157.113,0.2,31.4692,0.05,0.15,0,0.13,0.40,0,0.00,0.05,0.00,2
1,Entry short,2025-01-15 13:00,MR-S | IN:HYBRID,157.346,0.2,31.4692,0.05,0.15,0,0.13,0.40,0,0.00,0.05,0.00,2
2,Exit short,2025-01-16 20:00,RUN EXIT | IN:HYBRID | OUT:MR,155.906,0.8,125.8768,1.15,0.92,0,1.71,1.36,0,0.00,1.2,0.00,31
2,Entry short,2025-01-15 13:00,MR-S | IN:HYBRID,157.346,0.8,125.8768,1.15,0.92,0,1.71,1.36,0,0.00,1.2,0.00,31
3,Exit short,2025-01-21 03:00,MR TP1 | IN:MR | OUT:MR,155.613,0.2,31.1282,0.01,0.02,0,0.03,0.10,-0.001,0.00,1.2,0.00,1
3,Entry short,2025-01-21 02:00,MR-S | IN:MR,155.641,0.2,31.1282,0.01,0.02,0,0.03,0.10,-0.001,0.00,1.2,0.00,1
4,Exit short,2025-01-21 19:00,RUN EXIT | IN:MR | OUT:MR,155.82,0.8,124.5128,-0.14,-0.12,0,0.69,0.56,-0.47,-0.38,1.06,0.00,17
4,Entry short,2025-01-21 02:00,MR-S | IN:MR,155.641,0.8,124.5128,-0.14,-0.12,0,0.69,0.56,-0.47,-0.38,1.06,0.00,17
5,Exit long,2025-01-22 18:00,MR TP1 | IN:MR | OUT:MR,155.873,0.2,31.1842,-0.01,-0.03,0,0.04,0.12,-0.07,-0.24,1.05,0.00,8
5,Entry long,2025-01-22 10:00,MR-L | IN:MR,155.921,0.2,31.1842,-0.01,-0.03,0,0.04,0.12,-0.07,-0.24,1.05,0.00,8
6,Exit long,2025-01-23 19:00,RUN EXIT | IN:MR | OUT:MR,156.399,0.8,124.7368,0.38,0.31,0,0.67,0.53,-0.3,-0.24,1.43,0.00,33
6,Entry long,2025-01-22 10:00,MR-L | IN:MR,155.921,0.8,124.7368,0.38,0.31,0,0.67,0.53,-0.3,-0.24,1.43,0.00,33
7,Exit long,2025-01-27 15:00,MR FAIL | IN:MR | OUT:MR,155.134,1,156.065,-0.93,-0.60,0,0.18,0.12,-1.02,-0.65,0.5,0.00,3
7,Entry long,2025-01-27 12:00,MR-L | IN:MR,156.065,1,156.065,-0.93,-0.60,0,0.18,0.12,-1.02,-0.65,0.5,0.00,3
8,Exit long,2025-01-28 23:00,MR TP1 | IN:MR | OUT:HYBRID,155.655,0.2,31.098,0.03,0.11,0,0.1,0.32,-0.09,-0.28,0.54,0.00,15
8,Entry long,2025-01-28 08:00,MR-L | IN:MR,155.49,0.2,31.098,0.03,0.11,0,0.1,0.32,-0.09,-0.28,0.54,0.00,15
9,Exit long,2025-01-29 15:00,RUN EXIT | IN:MR | OUT:MR,155.15,0.8,124.392,-0.27,-0.22,0,0.39,0.32,-0.39,-0.31,0.26,0.00,31
9,Entry long,2025-01-28 08:00,MR-L | IN:MR,155.49,0.8,124.392,-0.27,-0.22,0,0.39,0.32,-0.39,-0.31,0.26,0.00,31
10,Exit long,2025-02-01 03:00,MR TP1 | IN:MR | OUT:HYBRID,155.092,0.2,30.9388,0.08,0.26,0,0.11,0.34,-0.04,-0.14,0.34,0.00,14
10,Entry long,2025-01-31 13:00,MR-L | IN:MR,154.694,0.2,30.9388,0.08,0.26,0,0.11,0.34,-0.04,-0.14,0.34,0.00,14
11,Exit long,2025-02-03 20:00,RUN EXIT | IN:MR | OUT:MR,154.651,0.8,123.7552,-0.03,-0.03,0,0.95,0.77,-0.32,-0.26,0.31,0.00,31
11,Entry long,2025-01-31 13:00,MR-L | IN:MR,154.694,0.8,123.7552,-0.03,-0.03,0,0.95,0.77,-0.32,-0.26,0.31,0.00,31
12,Exit short,2025-02-05 02:00,MR TP1 | IN:HYBRID | OUT:MR,154.288,0.2,30.9356,0.08,0.25,0,0.1,0.33,-0.0002,0.00,0.39,0.00,4
12,Entry short,2025-02-04 22:00,MR-S | IN:HYBRID,154.678,0.2,30.9356,0.08,0.25,0,0.1,0.33,-0.0002,0.00,0.39,0.00,4
13,Exit short,2025-02-06 06:00,RUN EXIT | IN:HYBRID | OUT:TREND,152.652,0.8,123.7424,1.62,1.31,0,2.06,1.66,-0.001,0.00,2.01,0.00,32
13,Entry short,2025-02-04 22:00,MR-S | IN:HYBRID,154.678,0.8,123.7424,1.62,1.31,0,2.06,1.66,-0.001,0.00,2.01,0.00,32
14,Exit long,2025-02-08 01:00,MR FAIL | IN:HYBRID | OUT:MR,151.387,1,151.823,-0.44,-0.29,0,0.61,0.40,-0.89,-0.59,1.57,0.00,11
14,Entry long,2025-02-07 14:00,MR-L | IN:HYBRID,151.823,1,151.823,-0.44,-0.29,0,0.61,0.40,-0.89,-0.59,1.57,0.00,11
15,Exit long,2025-02-11 10:00,MR TP1 | IN:MR | OUT:MR,151.98,0.2,30.3754,0.02,0.07,0,0.13,0.43,-0.06,-0.20,1.59,0.00,28
15,Entry long,2025-02-10 06:00,MR-L | IN:MR,151.877,0.2,30.3754,0.02,0.07,0,0.13,0.43,-0.06,-0.20,1.59,0.00,28
16,Exit long,2025-02-13 11:00,RUN EXIT | IN:MR | OUT:HYBRID,154.362,0.8,121.5016,1.99,1.64,0,2.34,1.93,-0.25,-0.20,3.58,0.00,77
16,Entry long,2025-02-10 06:00,MR-L | IN:MR,151.877,0.8,121.5016,1.99,1.64,0,2.34,1.93,-0.25,-0.20,3.58,0.00,77
17,Exit long,2025-02-19 22:00,MR FAIL | IN:MR | OUT:MR,151.414,1,151.732,-0.32,-0.21,0,0.58,0.38,-0.49,-0.32,3.26,0.00,38
17,Entry long,2025-02-18 08:00,MR-L | IN:MR,151.732,1,151.732,-0.32,-0.21,0,0.58,0.38,-0.49,-0.32,3.26,0.00,38
18,Exit long,2025-02-22 03:00,MR FAIL | IN:MR | OUT:MR,149.135,1,150.479,-1.34,-0.89,0,0.18,0.12,-1.56,-1.03,1.92,0.00,18
18,Entry long,2025-02-21 09:00,MR-L | IN:MR,150.479,1,150.479,-1.34,-0.89,0,0.18,0.12,-1.56,-1.03,1.92,0.00,18
19,Exit long,2025-02-25 23:00,MR FAIL | IN:HYBRID | OUT:MR,149.095,1,149.626,-0.53,-0.35,0,0.68,0.45,-1.06,-0.71,1.39,0.00,30
19,Entry long,2025-02-24 17:00,MR-L | IN:HYBRID,149.626,1,149.626,-0.53,-0.35,0,0.68,0.45,-1.06,-0.71,1.39,0.00,30
20,Exit long,2025-02-27 02:00,MR FAIL | IN:MR | OUT:MR,148.84,1,149.573,-0.73,-0.49,0,0.31,0.21,-0.76,-0.51,0.65,0.00,13
20,Entry long,2025-02-26 13:00,MR-L | IN:MR,149.573,1,149.573,-0.73,-0.49,0,0.31,0.21,-0.76,-0.51,0.65,0.00,13
21,Exit long,2025-02-27 19:00,MR TP1 | IN:MR | OUT:MR,149.657,0.2,29.9436,-0.01,-0.04,0,0.05,0.17,-0.03,-0.11,0.64,0.00,4
21,Entry long,2025-02-27 15:00,MR-L | IN:MR,149.718,0.2,29.9436,-0.01,-0.04,0,0.05,0.17,-0.03,-0.11,0.64,0.00,4
22,Exit long,2025-03-03 11:00,RUN EXIT | IN:MR | OUT:MR,150.338,0.8,119.7744,0.5,0.41,0,1.04,0.87,-0.49,-0.41,1.14,0.00,44
22,Entry long,2025-02-27 15:00,MR-L | IN:MR,149.718,0.8,119.7744,0.5,0.41,0,1.04,0.87,-0.49,-0.41,1.14,0.00,44
23,Exit long,2025-03-06 00:00,MR FAIL | IN:MR | OUT:MR,148.861,1,149.736,-0.87,-0.58,0,0.45,0.30,-1.34,-0.90,0.26,0.00,19
23,Entry long,2025-03-05 05:00,MR-L | IN:MR,149.736,1,149.736,-0.87,-0.58,0,0.45,0.30,-1.34,-0.90,0.26,0.00,19
24,Exit long,2025-03-06 13:00,MR FAIL | IN:MR | OUT:MR,148.785,1,149.194,-0.41,-0.27,0,0.03,0.02,-0.45,-0.30,-0.15,0.00,2
24,Entry long,2025-03-06 11:00,MR-L | IN:MR,149.194,1,149.194,-0.41,-0.27,0,0.03,0.02,-0.45,-0.30,-0.15,0.00,2
25,Exit long,2025-03-07 20:00,MR FAIL | IN:MR | OUT:MR,147.231,1,147.748,-0.52,-0.35,0,0.22,0.15,-0.63,-0.43,-0.66,0.00,1
25,Entry long,2025-03-07 19:00,MR-L | IN:MR,147.748,1,147.748,-0.52,-0.35,0,0.22,0.15,-0.63,-0.43,-0.66,0.00,1
26,Exit long,2025-03-10 18:00,MR FAIL | IN:MR | OUT:MR,147.127,1,147.978,-0.85,-0.58,0,0.22,0.15,-1.12,-0.75,-1.51,0.00,18
26,Entry long,2025-03-08 01:00,MR-L | IN:MR,147.978,1,147.978,-0.85,-0.58,0,0.22,0.15,-1.12,-0.75,-1.51,0.00,18
27,Exit long,2025-03-11 05:00,MR FAIL | IN:MR | OUT:MR,146.991,1,147.153,-0.16,-0.11,0,0.03,0.02,-0.2,-0.14,-1.68,0.00,1
27,Entry long,2025-03-11 04:00,MR-L | IN:MR,147.153,1,147.153,-0.16,-0.11,0,0.03,0.02,-0.2,-0.14,-1.68,0.00,1
28,Exit long,2025-03-11 07:00,MR FAIL | IN:MR | OUT:MR,146.749,1,147.079,-0.33,-0.22,0,0.02,0.01,-0.54,-0.37,-2.01,0.00,1
28,Entry long,2025-03-11 06:00,MR-L | IN:MR,147.079,1,147.079,-0.33,-0.22,0,0.02,0.01,-0.54,-0.37,-2.01,0.00,1
29,Exit long,2025-03-12 04:00,MR TP1 | IN:MR | OUT:MR,147.716,0.2,29.4446,0.1,0.33,0,0.18,0.61,-0.09,-0.32,-1.91,0.00,16
29,Entry long,2025-03-11 12:00,MR-L | IN:MR,147.223,0.2,29.4446,0.1,0.33,0,0.18,0.61,-0.09,-0.32,-1.91,0.00,16
30,Exit long,2025-03-13 05:00,RUN EXIT | IN:MR | OUT:MR,148.227,0.8,117.7784,0.8,0.68,0,1.58,1.34,-0.37,-0.32,-1.1,0.00,41
30,Entry long,2025-03-11 12:00,MR-L | IN:MR,147.223,0.8,117.7784,0.8,0.68,0,1.58,1.34,-0.37,-0.32,-1.1,0.00,41
31,Exit short,2025-03-18 00:00,MR FAIL | IN:MR | OUT:MR,148.99,1,148.557,-0.43,-0.29,0,0.04,0.03,-0.47,-0.32,-1.54,0.00,2
31,Entry short,2025-03-17 22:00,MR-S | IN:MR,148.557,1,148.557,-0.43,-0.29,0,0.04,0.03,-0.47,-0.32,-1.54,0.00,2
32,Exit short,2025-03-19 20:00,MR FAIL | IN:MR | OUT:MR,150.08,1,149.252,-0.83,-0.55,0,0.15,0.10,-0.86,-0.57,-2.37,0.00,20
32,Entry short,2025-03-19 00:00,MR-S | IN:MR,149.252,1,149.252,-0.83,-0.55,0,0.15,0.10,-0.86,-0.57,-2.37,0.00,20
33,Exit short,2025-03-20 08:00,MR TP1 | IN:MR | OUT:MR,148.305,0.2,29.7658,0.1,0.35,0,0.13,0.42,-0.06,-0.21,-2.26,0.00,7
33,Entry short,2025-03-20 01:00,MR-S | IN:MR,148.829,0.2,29.7658,0.1,0.35,0,0.13,0.42,-0.06,-0.21,-2.26,0.00,7
34,Exit short,2025-03-21 03:00,RUN EXIT | IN:MR | OUT:MR,148.779,0.8,119.0632,0.04,0.03,0,0.52,0.44,-0.25,-0.21,-2.22,0.00,26
34,Entry short,2025-03-20 01:00,MR-S | IN:MR,148.829,0.8,119.0632,0.04,0.03,0,0.52,0.44,-0.25,-0.21,-2.22,0.00,26
35,Exit short,2025-03-26 21:00,MR FAIL | IN:HYBRID | OUT:HYBRID,150.558,1,150.209,-0.35,-0.23,0,0.66,0.44,-0.42,-0.28,-2.57,0.00,28
35,Entry short,2025-03-25 17:00,MR-S | IN:HYBRID,150.209,1,150.209,-0.35,-0.23,0,0.66,0.44,-0.42,-0.28,-2.57,0.00,28
36,Exit long,2025-03-27 08:00,TF EXIT | IN:HYBRID | OUT:MR,150.124,1,150.558,-0.43,-0.29,0,0.19,0.13,-0.47,-0.31,-3,0.00,11
36,Entry long,2025-03-26 21:00,TF-L | IN:HYBRID,150.558,1,150.558,-0.43,-0.29,0,0.19,0.13,-0.47,-0.31,-3,0.00,11
37,Exit short,2025-03-27 17:00,MR FAIL | IN:MR | OUT:MR,150.929,1,150.124,-0.8,-0.54,0,0.07,0.04,-0.86,-0.57,-3.81,0.00,9
37,Entry short,2025-03-27 08:00,MR-S | IN:MR,150.124,1,150.124,-0.8,-0.54,0,0.07,0.04,-0.86,-0.57,-3.81,0.00,9
38,Exit short,2025-03-29 00:00,MR TP1 | IN:MR | OUT:HYBRID,149.987,0.2,30.0794,0.08,0.27,0,0.11,0.36,-0.11,-0.35,-3.73,0.00,10
38,Entry short,2025-03-28 14:00,MR-S | IN:MR,150.397,0.2,30.0794,0.08,0.27,0,0.11,0.36,-0.11,-0.35,-3.73,0.00,10
39,Exit short,2025-03-31 22:00,RUN EXIT | IN:MR | OUT:MR,149.91,0.8,120.3176,0.39,0.32,0,1.36,1.13,-0.42,-0.35,-3.34,0.00,32
39,Entry short,2025-03-28 14:00,MR-S | IN:MR,150.397,0.8,120.3176,0.39,0.32,0,1.36,1.13,-0.42,-0.35,-3.34,0.00,32
40,Exit long,2025-04-02 19:00,MR FAIL | IN:MR | OUT:MR,149.178,1,149.615,-0.44,-0.29,0,0.39,0.26,-0.51,-0.34,-3.77,0.00,16
40,Entry long,2025-04-02 03:00,MR-L | IN:MR,149.615,1,149.615,-0.44,-0.29,0,0.39,0.26,-0.51,-0.34,-3.77,0.00,16
41,Exit long,2025-04-03 00:00,MR TP1 | IN:MR | OUT:MR,150.137,0.2,29.9984,0.03,0.10,0,0.05,0.17,-0.01,-0.03,-3.74,0.00,2
41,Entry long,2025-04-02 22:00,MR-L | IN:MR,149.992,0.2,29.9984,0.03,0.10,0,0.05,0.17,-0.01,-0.03,-3.74,0.00,2
42,Exit long,2025-04-03 04:00,RUN EXIT | IN:MR | OUT:MR,148.67,0.8,119.9936,-1.06,-0.88,0,0.4,0.33,-1.08,-0.90,-4.8,0.00,6
42,Entry long,2025-04-02 22:00,MR-L | IN:MR,149.992,0.8,119.9936,-1.06,-0.88,0,0.4,0.33,-1.08,-0.90,-4.8,0.00,6
43,Exit long,2025-04-08 00:00,MR TP1 | IN:HYBRID | OUT:MR,147.94,0.2,29.1266,0.46,1.58,0,0.5,1.73,-0.22,-0.75,-4.34,0.00,43
43,Entry long,2025-04-04 05:00,MR-L | IN:HYBRID,145.633,0.2,29.1266,0.46,1.58,0,0.5,1.73,-0.22,-0.75,-4.34,0.00,43
44,Exit long,2025-04-08 19:00,RUN EXIT | IN:HYBRID | OUT:MR,146.826,0.8,116.5064,0.95,0.82,0,2.01,1.73,-0.87,-0.75,-3.39,0.00,62
44,Entry long,2025-04-04 05:00,MR-L | IN:HYBRID,145.633,0.8,116.5064,0.95,0.82,0,2.01,1.73,-0.87,-0.75,-3.39,0.00,62
45,Exit long,2025-04-10 10:00,MR TP1 | IN:MR | OUT:MR,146.831,0.2,29.5904,-0.22,-0.76,0,0.01,0.04,-0.27,-0.91,-3.61,0.00,8
45,Entry long,2025-04-10 02:00,MR-L | IN:MR,147.952,0.2,29.5904,-0.22,-0.76,0,0.01,0.04,-0.27,-0.91,-3.61,0.00,8
46,Exit long,2025-04-10 20:00,RUN EXIT | IN:MR | OUT:MR,144.814,0.8,118.3616,-2.51,-2.12,0,0.05,0.04,-2.53,-2.14,-6.12,-0.01,18
46,Entry long,2025-04-10 02:00,MR-L | IN:MR,147.952,0.8,118.3616,-2.51,-2.12,0,0.05,0.04,-2.53,-2.14,-6.12,-0.01,18
47,Exit long,2025-04-16 12:00,MR FAIL | IN:MR | OUT:HYBRID,142.148,1,143.806,-1.66,-1.15,0,0.28,0.19,-1.71,-1.19,-7.78,-0.01,59
47,Entry long,2025-04-12 01:00,MR-L | IN:MR,143.806,1,143.806,-1.66,-1.15,0,0.28,0.19,-1.71,-1.19,-7.78,-0.01,59
48,Exit long,2025-04-18 06:00,MR FAIL | IN:MR | OUT:MR,142.333,1,142.739,-0.41,-0.28,0,0.35,0.24,-0.84,-0.59,-8.18,-0.01,18
48,Entry long,2025-04-17 12:00,MR-L | IN:MR,142.739,1,142.739,-0.41,-0.28,0,0.35,0.24,-0.84,-0.59,-8.18,-0.01,18
49,Exit long,2025-04-19 01:00,MR FAIL | IN:MR | OUT:MR,142.173,1,142.375,-0.2,-0.14,0,0.02,0.02,-0.26,-0.18,-8.39,-0.01,12
49,Entry long,2025-04-18 13:00,MR-L | IN:MR,142.375,1,142.375,-0.2,-0.14,0,0.02,0.02,-0.26,-0.18,-8.39,-0.01,12
50,Exit long,2025-04-23 07:00,MR TP1 | IN:TREND | OUT:MR,142.086,0.2,28.1724,0.24,0.87,0,0.47,1.67,-0.2,-0.69,-8.14,-0.01,29
50,Entry long,2025-04-22 02:00,MR-L | IN:TREND,140.862,0.2,28.1724,0.24,0.87,0,0.47,1.67,-0.2,-0.69,-8.14,-0.01,29
51,Exit long,2025-04-24 14:00,RUN EXIT | IN:TREND | OUT:HYBRID,142.581,0.8,112.6896,1.38,1.22,0,2.17,1.92,-0.78,-0.69,-6.77,-0.01,60
51,Entry long,2025-04-22 02:00,MR-L | IN:TREND,140.862,0.8,112.6896,1.38,1.22,0,2.17,1.92,-0.78,-0.69,-6.77,-0.01,60
52,Exit short,2025-04-28 13:00,MR FAIL | IN:MR | OUT:MR,143.834,1,143.494,-0.34,-0.24,0,0,0.00,-0.36,-0.25,-7.11,-0.01,1
52,Entry short,2025-04-28 12:00,MR-S | IN:MR,143.494,1,143.494,-0.34,-0.24,0,0,0.00,-0.36,-0.25,-7.11,-0.01,1
53,Exit short,2025-04-29 02:00,MR TP1 | IN:MR | OUT:TREND,142.067,0.2,28.727,0.31,1.09,0,0.32,1.11,-0.01,-0.05,-6.79,-0.01,12
53,Entry short,2025-04-28 14:00,MR-S | IN:MR,143.635,0.2,28.727,0.31,1.09,0,0.32,1.11,-0.01,-0.05,-6.79,-0.01,12
54,Exit short,2025-04-30 01:00,RUN EXIT | IN:MR | OUT:MR,142.286,0.8,114.908,1.08,0.94,0,1.34,1.16,-0.06,-0.05,-5.71,-0.01,35
54,Entry short,2025-04-28 14:00,MR-S | IN:MR,143.635,0.8,114.908,1.08,0.94,0,1.34,1.16,-0.06,-0.05,-5.71,-0.01,35
55,Exit short,2025-05-05 17:00,MR TP1 | IN:TREND | OUT:MR,143.956,0.2,29.0782,0.29,0.99,0,0.33,1.15,-0.005,-0.02,-5.43,-0.01,30
55,Entry short,2025-05-02 11:00,MR-S | IN:TREND,145.391,0.2,29.0782,0.29,0.99,0,0.33,1.15,-0.005,-0.02,-5.43,-0.01,30
56,Exit short,2025-05-07 12:00,RUN EXIT | IN:TREND | OUT:MR,143.059,0.8,116.3128,1.87,1.60,0,2.43,2.09,-0.02,-0.02,-3.56,0.00,73
56,Entry short,2025-05-02 11:00,MR-S | IN:TREND,145.391,0.8,116.3128,1.87,1.60,0,2.43,2.09,-0.02,-0.02,-3.56,0.00,73
57,Exit short,2025-05-12 08:00,MR FAIL | IN:TREND | OUT:MR,146.093,1,145.293,-0.8,-0.55,0,0.47,0.32,-0.99,-0.68,-4.36,0.00,19
57,Entry short,2025-05-09 13:00,MR-S | IN:TREND,145.293,1,145.293,-0.8,-0.55,0,0.47,0.32,-0.99,-0.68,-4.36,0.00,19
58,Exit short,2025-05-14 16:00,MR TP1 | IN:MR | OUT:TREND,145.884,0.2,29.5634,0.39,1.31,0,0.44,1.50,-0.09,-0.31,-3.97,0.00,28
58,Entry short,2025-05-13 12:00,MR-S | IN:MR,147.817,0.2,29.5634,0.39,1.31,0,0.44,1.50,-0.09,-0.31,-3.97,0.00,28
59,Exit short,2025-05-16 22:00,RUN EXIT | IN:MR | OUT:MR,146.023,0.8,118.2536,1.44,1.21,0,2.32,1.96,-0.37,-0.31,-2.54,0.00,82
59,Entry short,2025-05-13 12:00,MR-S | IN:MR,147.817,0.8,118.2536,1.44,1.21,0,2.32,1.96,-0.37,-0.31,-2.54,0.00,82
60,Exit long,2025-05-20 14:00,MR FAIL | IN:MR | OUT:MR,144.128,1,144.979,-0.85,-0.59,0,0.54,0.37,-0.89,-0.61,-3.39,0.00,8
60,Entry long,2025-05-20 06:00,MR-L | IN:MR,144.979,1,144.979,-0.85,-0.59,0,0.54,0.37,-0.89,-0.61,-3.39,0.00,8
61,Exit long,2025-05-20 21:00,MR FAIL | IN:MR | OUT:MR,144.565,1,144.852,-0.29,-0.20,0,0.01,0.01,-0.34,-0.24,-3.68,0.00,1
61,Entry long,2025-05-20 20:00,MR-L | IN:MR,144.852,1,144.852,-0.29,-0.20,0,0.01,0.01,-0.34,-0.24,-3.68,0.00,1
62,Exit long,2025-05-21 05:00,MR FAIL | IN:MR | OUT:MR,144.426,1,144.719,-0.29,-0.20,0,0.17,0.12,-0.56,-0.39,-3.97,0.00,7
62,Entry long,2025-05-20 22:00,MR-L | IN:MR,144.719,1,144.719,-0.29,-0.20,0,0.17,0.12,-0.56,-0.39,-3.97,0.00,7
63,Exit long,2025-05-23 18:00,MR FAIL | IN:MR | OUT:MR,142.628,1,143.655,-1.03,-0.71,0,0.67,0.47,-1.15,-0.80,-5,0.00,25
63,Entry long,2025-05-22 17:00,MR-L | IN:MR,143.655,1,143.655,-1.03,-0.71,0,0.67,0.47,-1.15,-0.80,-5,0.00,25
64,Exit long,2025-05-27 17:00,MR TP1 | IN:MR | OUT:HYBRID,144.143,0.2,28.579,0.25,0.87,0,0.26,0.90,-0.16,-0.55,-4.75,0.00,26
64,Entry long,2025-05-26 15:00,MR-L | IN:MR,142.895,0.2,28.579,0.25,0.87,0,0.26,0.90,-0.16,-0.55,-4.75,0.00,26
65,Exit long,2025-05-28 15:00,RUN EXIT | IN:MR | OUT:MR,144.04,0.8,114.316,0.92,0.80,0,1.5,1.31,-0.63,-0.55,-3.83,0.00,48
65,Entry long,2025-05-26 15:00,MR-L | IN:MR,142.895,0.8,114.316,0.92,0.80,0,1.5,1.31,-0.63,-0.55,-3.83,0.00,48
66,Exit short,2025-05-30 06:00,MR TP1 | IN:MR | OUT:TREND,143.751,0.2,29.0168,0.27,0.92,0,0.27,0.93,0,0.00,-3.57,0.00,12
66,Entry short,2025-05-29 18:00,MR-S | IN:MR,145.084,0.2,29.0168,0.27,0.92,0,0.27,0.93,0,0.00,-3.57,0.00,12
67,Exit short,2025-06-03 20:00,RUN EXIT | IN:MR | OUT:MR,143.545,0.8,116.0672,1.23,1.06,0,2.16,1.87,0,0.00,-2.33,0.00,74
67,Entry short,2025-05-29 18:00,MR-S | IN:MR,145.084,0.8,116.0672,1.23,1.06,0,2.16,1.87,0,0.00,-2.33,0.00,74
68,Exit short,2025-06-05 04:00,MR TP1 | IN:MR | OUT:HYBRID,142.724,0.2,28.584,0.04,0.14,0,0.06,0.22,-0.001,0.00,-2.3,0.00,6
68,Entry short,2025-06-04 22:00,MR-S | IN:MR,142.92,0.2,28.584,0.04,0.14,0,0.06,0.22,-0.001,0.00,-2.3,0.00,6
69,Exit short,2025-06-05 21:00,RUN EXIT | IN:MR | OUT:MR,143.455,0.8,114.336,-0.43,-0.37,0,0.31,0.27,-0.61,-0.54,-2.72,0.00,23
69,Entry short,2025-06-04 22:00,MR-S | IN:MR,142.92,0.8,114.336,-0.43,-0.37,0,0.31,0.27,-0.61,-0.54,-2.72,0.00,23
70,Exit short,2025-06-10 09:00,MR FAIL | IN:MR | OUT:MR,144.933,1,144.413,-0.52,-0.36,0,0.44,0.30,-0.88,-0.61,-3.24,0.00,21
70,Entry short,2025-06-09 12:00,MR-S | IN:MR,144.413,1,144.413,-0.52,-0.36,0,0.44,0.30,-0.88,-0.61,-3.24,0.00,21
71,Exit short,2025-06-10 23:00,MR FAIL | IN:MR | OUT:MR,144.971,1,144.605,-0.37,-0.25,0,0.17,0.11,-0.44,-0.30,-3.61,0.00,6
71,Entry short,2025-06-10 17:00,MR-S | IN:MR,144.605,1,144.605,-0.37,-0.25,0,0.17,0.11,-0.44,-0.30,-3.61,0.00,6
72,Exit short,2025-06-12 06:00,MR TP1 | IN:MR | OUT:MR,144.183,0.2,28.9614,0.12,0.43,0,0.14,0.48,-0.01,-0.03,-3.48,0.00,9
72,Entry short,2025-06-11 21:00,MR-S | IN:MR,144.807,0.2,28.9614,0.12,0.43,0,0.14,0.48,-0.01,-0.03,-3.48,0.00,9
73,Exit short,2025-06-13 11:00,RUN EXIT | IN:MR | OUT:MR,143.652,0.8,115.8456,0.92,0.80,0,1.61,1.39,-0.03,-0.03,-2.56,0.00,38
73,Entry short,2025-06-11 21:00,MR-S | IN:MR,144.807,0.8,115.8456,0.92,0.80,0,1.61,1.39,-0.03,-0.03,-2.56,0.00,38
74,Exit short,2025-06-19 14:00,MR FAIL | IN:MR | OUT:MR,145.387,1,144.824,-0.56,-0.39,0,0.5,0.34,-0.58,-0.40,-3.12,0.00,21
74,Entry short,2025-06-18 17:00,MR-S | IN:MR,144.824,1,144.824,-0.56,-0.39,0,0.5,0.34,-0.58,-0.40,-3.12,0.00,21
75,Exit short,2025-06-20 21:00,MR FAIL | IN:MR | OUT:MR,145.916,1,145.336,-0.58,-0.40,0,0.14,0.10,-0.61,-0.42,-3.7,0.00,13
75,Entry short,2025-06-20 08:00,MR-S | IN:MR,145.336,1,145.336,-0.58,-0.40,0,0.14,0.10,-0.61,-0.42,-3.7,0.00,13
76,Exit short,2025-06-24 13:00,MR TP1 | IN:TREND | OUT:TREND,145.198,0.2,29.2938,0.25,0.87,0,0.28,0.97,-0.01,-0.05,-3.45,0.00,15
76,Entry short,2025-06-23 22:00,MR-S | IN:TREND,146.469,0.2,29.2938,0.25,0.87,0,0.28,0.97,-0.01,-0.05,-3.45,0.00,15
77,Exit short,2025-06-25 13:00,RUN EXIT | IN:TREND | OUT:MR,145.3,0.8,117.1752,0.94,0.80,0,1.56,1.33,-0.06,-0.05,-2.51,0.00,39
77,Entry short,2025-06-23 22:00,MR-S | IN:TREND,146.469,0.8,117.1752,0.94,0.80,0,1.56,1.33,-0.06,-0.05,-2.51,0.00,39
78,Exit long,2025-06-30 12:00,MR FAIL | IN:MR | OUT:MR,143.911,1,144.429,-0.52,-0.36,0,0.52,0.36,-0.64,-0.44,-3.03,0.00,24
78,Entry long,2025-06-27 12:00,MR-L | IN:MR,144.429,1,144.429,-0.52,-0.36,0,0.52,0.36,-0.64,-0.44,-3.03,0.00,24
79,Exit long,2025-07-03 16:00,MR TP1 | IN:MR | OUT:MR,143.856,0.2,28.6806,0.09,0.32,0,0.17,0.59,-0.02,-0.06,-2.94,0.00,37
79,Entry long,2025-07-02 03:00,MR-L | IN:MR,143.403,0.2,28.6806,0.09,0.32,0,0.17,0.59,-0.02,-0.06,-2.94,0.00,37
80,Exit long,2025-07-04 13:00,RUN EXIT | IN:MR | OUT:MR,144.242,0.8,114.7224,0.67,0.59,0,1.46,1.28,-0.06,-0.06,-2.27,0.00,58
80,Entry long,2025-07-02 03:00,MR-L | IN:MR,143.403,0.8,114.7224,0.67,0.59,0,1.46,1.28,-0.06,-0.06,-2.27,0.00,58
81,Exit short,2025-07-10 14:00,MR TP1 | IN:HYBRID | OUT:HYBRID,146.282,0.2,29.3174,0.06,0.21,0,0.17,0.57,-0.12,-0.41,-2.21,0.00,33
81,Entry short,2025-07-09 05:00,MR-S | IN:HYBRID,146.587,0.2,29.3174,0.06,0.21,0,0.17,0.57,-0.12,-0.41,-2.21,0.00,33
82,Exit short,2025-07-11 08:00,RUN EXIT | IN:HYBRID | OUT:MR,146.766,0.8,117.2696,-0.14,-0.12,0,0.67,0.57,-0.48,-0.41,-2.35,0.00,51
82,Entry short,2025-07-09 05:00,MR-S | IN:HYBRID,146.587,0.8,117.2696,-0.14,-0.12,0,0.67,0.57,-0.48,-0.41,-2.35,0.00,51
83,Exit short,2025-07-15 18:00,MR FAIL | IN:MR | OUT:MR,147.913,1,147.57,-0.34,-0.23,0,0,0.00,-0.38,-0.26,-2.7,0.00,6
83,Entry short,2025-07-15 12:00,MR-S | IN:MR,147.57,1,147.57,-0.34,-0.23,0,0,0.00,-0.38,-0.26,-2.7,0.00,6
84,Exit short,2025-07-19 03:00,MR FAIL | IN:HYBRID | OUT:MR,148.832,1,148.714,-0.12,-0.08,0,1.8,1.21,-0.36,-0.24,-2.81,0.00,58
84,Entry short,2025-07-16 17:00,MR-S | IN:HYBRID,148.714,1,148.714,-0.12,-0.08,0,1.8,1.21,-0.36,-0.24,-2.81,0.00,58
85,Exit short,2025-07-21 12:00,MR TP1 | IN:MR | OUT:MR,148.297,0.2,29.632,-0.03,-0.09,0,0,0.00,-0.1,-0.34,-2.84,0.00,8
85,Entry short,2025-07-21 04:00,MR-S | IN:MR,148.16,0.2,29.632,-0.03,-0.09,0,0,0.00,-0.1,-0.34,-2.84,0.00,8
86,Exit short,2025-07-22 11:00,RUN EXIT | IN:MR | OUT:HYBRID,147.636,0.8,118.528,0.42,0.35,0,0.86,0.73,-0.4,-0.34,-2.42,0.00,31
86,Entry short,2025-07-21 04:00,MR-S | IN:MR,148.16,0.8,118.528,0.42,0.35,0,0.86,0.73,-0.4,-0.34,-2.42,0.00,31
87,Exit long,2025-07-24 04:00,MR FAIL | IN:HYBRID | OUT:MR,146.436,1,146.944,-0.51,-0.35,0,0.27,0.18,-0.84,-0.57,-2.93,0.00,17
87,Entry long,2025-07-23 11:00,MR-L | IN:HYBRID,146.944,1,146.944,-0.51,-0.35,0,0.27,0.18,-0.84,-0.57,-2.93,0.00,17
88,Exit long,2025-07-25 07:00,MR TP1 | IN:MR | OUT:TREND,147.209,0.2,29.3142,0.13,0.44,0,0.15,0.52,-0.04,-0.15,-2.8,0.00,14
88,Entry long,2025-07-24 17:00,MR-L | IN:MR,146.571,0.2,29.3142,0.13,0.44,0,0.15,0.52,-0.04,-0.15,-2.8,0.00,14
89,Exit long,2025-07-30 06:00,RUN EXIT | IN:MR | OUT:MR,148.424,0.8,117.2568,1.48,1.26,0,1.79,1.53,-0.17,-0.15,-1.32,0.00,85
89,Entry long,2025-07-24 17:00,MR-L | IN:MR,146.571,0.8,117.2568,1.48,1.26,0,1.79,1.53,-0.17,-0.15,-1.32,0.00,85
90,Exit short,2025-08-02 02:00,MR TP1 | IN:TREND | OUT:TREND,147.437,0.2,30.0952,0.61,2.02,0,0.63,2.09,-0.03,-0.11,-0.71,0.00,14
90,Entry short,2025-08-01 12:00,MR-S | IN:TREND,150.476,0.2,30.0952,0.61,2.02,0,0.63,2.09,-0.03,-0.11,-0.71,0.00,14
91,Exit short,2025-08-05 05:00,RUN EXIT | IN:TREND | OUT:MR,146.911,0.8,120.3808,2.85,2.37,0,2.89,2.40,-0.14,-0.11,2.14,0.00,41
91,Entry short,2025-08-01 12:00,MR-S | IN:TREND,150.476,0.8,120.3808,2.85,2.37,0,2.89,2.40,-0.14,-0.11,2.14,0.00,41
92,Exit long,2025-08-07 13:00,MR FAIL | IN:MR | OUT:MR,146.858,1,147.494,-0.64,-0.43,0,0.22,0.15,-0.69,-0.47,1.5,0.00,5
92,Entry long,2025-08-07 08:00,MR-L | IN:MR,147.494,1,147.494,-0.64,-0.43,0,0.22,0.15,-0.69,-0.47,1.5,0.00,5
93,Exit long,2025-08-08 03:00,MR FAIL | IN:MR | OUT:MR,147.144,1,147.49,-0.35,-0.23,0,0.1,0.07,-0.55,-0.37,1.16,0.00,6
93,Entry long,2025-08-07 21:00,MR-L | IN:MR,147.49,1,147.49,-0.35,-0.23,0,0.1,0.07,-0.55,-0.37,1.16,0.00,6
94,Exit long,2025-08-08 17:00,MR TP1 | IN:MR | OUT:MR,147.798,0.2,29.529,0.03,0.10,0,0.04,0.13,-0.02,-0.07,1.19,0.00,2
94,Entry long,2025-08-08 15:00,MR-L | IN:MR,147.645,0.2,29.529,0.03,0.10,0,0.04,0.13,-0.02,-0.07,1.19,0.00,2
95,Exit long,2025-08-11 12:00,RUN EXIT | IN:MR | OUT:MR,147.521,0.8,118.116,-0.1,-0.08,0,0.21,0.18,-0.18,-0.15,1.09,0.00,21
95,Entry long,2025-08-08 15:00,MR-L | IN:MR,147.645,0.8,118.116,-0.1,-0.08,0,0.21,0.18,-0.18,-0.15,1.09,0.00,21
96,Exit short,2025-08-13 14:00,MR TP1 | IN:MR | OUT:HYBRID,147.53,0.2,29.6326,0.13,0.43,0,0.15,0.51,-0.003,-0.01,1.22,0.00,17
96,Entry short,2025-08-12 21:00,MR-S | IN:MR,148.163,0.2,29.6326,0.13,0.43,0,0.15,0.51,-0.003,-0.01,1.22,0.00,17
97,Exit short,2025-08-14 20:00,RUN EXIT | IN:MR | OUT:HYBRID,147.414,0.8,118.5304,0.6,0.51,0,1.56,1.32,-0.01,-0.01,1.82,0.00,47
97,Entry short,2025-08-12 21:00,MR-S | IN:MR,148.163,0.8,118.5304,0.6,0.51,0,1.56,1.32,-0.01,-0.01,1.82,0.00,47
98,Exit long,2025-08-18 12:00,MR TP1 | IN:HYBRID | OUT:MR,147.385,0.2,29.4332,0.04,0.15,0,0.08,0.28,-0.02,-0.06,1.86,0.00,8
98,Entry long,2025-08-18 04:00,MR-L | IN:HYBRID,147.166,0.2,29.4332,0.04,0.15,0,0.08,0.28,-0.02,-0.06,1.86,0.00,8
99,Exit long,2025-08-19 23:00,RUN EXIT | IN:HYBRID | OUT:MR,147.627,0.8,117.7328,0.37,0.31,0,0.76,0.64,-0.07,-0.06,2.23,0.00,43
99,Entry long,2025-08-18 04:00,MR-L | IN:HYBRID,147.166,0.8,117.7328,0.37,0.31,0,0.76,0.64,-0.07,-0.06,2.23,0.00,43
100,Exit long,2025-08-21 20:00,MR TP1 | IN:MR | OUT:TREND,147.801,0.2,29.513,0.05,0.16,0,0.08,0.26,-0.02,-0.06,2.28,0.00,7
100,Entry long,2025-08-21 13:00,MR-L | IN:MR,147.565,0.2,29.513,0.05,0.16,0,0.08,0.26,-0.02,-0.06,2.28,0.00,7
101,Exit long,2025-08-22 21:00,RUN EXIT | IN:MR | OUT:HYBRID,146.853,0.8,118.052,-0.57,-0.48,0,0.97,0.82,-0.61,-0.52,1.71,0.00,32
101,Entry long,2025-08-21 13:00,MR-L | IN:MR,147.565,0.8,118.052,-0.57,-0.48,0,0.97,0.82,-0.61,-0.52,1.71,0.00,32
102,Exit long,2025-08-27 00:00,MR FAIL | IN:HYBRID | OUT:MR,147.391,1,147.538,-0.15,-0.10,0,0.4,0.27,-0.55,-0.37,1.56,0.00,25
102,Entry long,2025-08-25 23:00,MR-L | IN:HYBRID,147.538,1,147.538,-0.15,-0.10,0,0.4,0.27,-0.55,-0.37,1.56,0.00,25
103,Exit long,2025-08-27 12:00,MR TP1 | IN:MR | OUT:MR,147.813,0.2,29.5204,0.04,0.14,0,0.07,0.25,-0.001,0.00,1.6,0.00,4
103,Entry long,2025-08-27 08:00,MR-L | IN:MR,147.602,0.2,29.5204,0.04,0.14,0,0.07,0.25,-0.001,0.00,1.6,0.00,4
104,Exit long,2025-08-28 02:00,RUN EXIT | IN:MR | OUT:MR,147.474,0.8,118.0816,-0.1,-0.09,0,0.46,0.39,-0.25,-0.21,1.5,0.00,18
104,Entry long,2025-08-27 08:00,MR-L | IN:MR,147.602,0.8,118.0816,-0.1,-0.09,0,0.46,0.39,-0.25,-0.21,1.5,0.00,18
105,Exit long,2025-09-01 22:00,MR TP1 | IN:MR | OUT:MR,147.271,0.2,29.403,0.05,0.17,0,0.08,0.27,-0.05,-0.17,1.55,0.00,34
105,Entry long,2025-08-29 12:00,MR-L | IN:MR,147.015,0.2,29.403,0.05,0.17,0,0.08,0.27,-0.05,-0.17,1.55,0.00,34
106,Exit long,2025-09-03 11:00,RUN EXIT | IN:MR | OUT:HYBRID,148.587,0.8,117.612,1.26,1.07,0,1.54,1.31,-0.2,-0.17,2.81,0.00,71
106,Entry long,2025-08-29 12:00,MR-L | IN:MR,147.015,0.8,117.612,1.26,1.07,0,1.54,1.31,-0.2,-0.17,2.81,0.00,71
107,Exit short,2025-09-05 16:00,MR TP1 | IN:MR | OUT:MR,148.174,0.2,29.6346,-0.0002,0.00,0,0.02,0.06,-0.02,-0.07,2.81,0.00,9
107,Entry short,2025-09-05 07:00,MR-S | IN:MR,148.173,0.2,29.6346,-0.0002,0.00,0,0.02,0.06,-0.02,-0.07,2.81,0.00,9
108,Exit short,2025-09-08 09:00,RUN EXIT | IN:MR | OUT:MR,148.082,0.8,118.5384,0.07,0.06,0,1.09,0.92,-0.33,-0.28,2.88,0.00,26
108,Entry short,2025-09-05 07:00,MR-S | IN:MR,148.173,0.8,118.5384,0.07,0.06,0,1.09,0.92,-0.33,-0.28,2.88,0.00,26
109,Exit long,2025-09-11 07:00,MR TP1 | IN:MR | OUT:MR,147.461,0.2,29.4804,0.01,0.04,0,0.05,0.17,-0.06,-0.20,2.89,0.00,30
109,Entry long,2025-09-10 01:00,MR-L | IN:MR,147.402,0.2,29.4804,0.01,0.04,0,0.05,0.17,-0.06,-0.20,2.89,0.00,30
110,Exit long,2025-09-11 23:00,RUN EXIT | IN:MR | OUT:MR,147.057,0.8,117.9216,-0.28,-0.23,0,0.62,0.53,-0.34,-0.29,2.62,0.00,46
110,Entry long,2025-09-10 01:00,MR-L | IN:MR,147.402,0.8,117.9216,-0.28,-0.23,0,0.62,0.53,-0.34,-0.29,2.62,0.00,46
111,Exit short,2025-09-15 19:00,MR TP1 | IN:MR | OUT:HYBRID,147.269,0.2,29.4862,0.03,0.11,0,0.04,0.12,-0.04,-0.12,2.65,0.00,9
111,Entry short,2025-09-15 10:00,MR-S | IN:MR,147.431,0.2,29.4862,0.03,0.11,0,0.04,0.12,-0.04,-0.12,2.65,0.00,9
112,Exit short,2025-09-17 12:00,RUN EXIT | IN:MR | OUT:MR,146.515,0.8,117.9448,0.73,0.62,0,0.98,0.83,-0.14,-0.12,3.38,0.00,50
112,Entry short,2025-09-15 10:00,MR-S | IN:MR,147.431,0.8,117.9448,0.73,0.62,0,0.98,0.83,-0.14,-0.12,3.38,0.00,50
113,Exit short,2025-09-22 11:00,MR FAIL | IN:MR | OUT:HYBRID,148.288,1,147.51,-0.78,-0.53,0,0.04,0.03,-0.87,-0.59,2.6,0.00,23
113,Entry short,2025-09-19 12:00,MR-S | IN:MR,147.51,1,147.51,-0.78,-0.53,0,0.04,0.03,-0.87,-0.59,2.6,0.00,23
114,Exit short,2025-09-23 08:00,MR TP1 | IN:MR | OUT:TREND,147.622,0.2,29.5712,0.05,0.16,0,0.05,0.17,-0.03,-0.09,2.65,0.00,17
114,Entry short,2025-09-22 15:00,MR-S | IN:MR,147.856,0.2,29.5712,0.05,0.16,0,0.05,0.17,-0.03,-0.09,2.65,0.00,17
115,Exit short,2025-09-24 10:00,RUN EXIT | IN:MR | OUT:MR,147.872,0.8,118.2848,-0.01,-0.01,0,0.32,0.27,-0.1,-0.09,2.64,0.00,43
115,Entry short,2025-09-22 15:00,MR-S | IN:MR,147.856,0.8,118.2848,-0.01,-0.01,0,0.32,0.27,-0.1,-0.09,2.64,0.00,43
116,Exit short,2025-09-25 19:00,MR FAIL | IN:MR | OUT:MR,149.246,1,148.839,-0.41,-0.27,0,0.04,0.02,-0.52,-0.35,2.23,0.00,1
116,Entry short,2025-09-25 18:00,MR-S | IN:MR,148.839,1,148.839,-0.41,-0.27,0,0.04,0.02,-0.52,-0.35,2.23,0.00,1
117,Exit short,2025-09-29 15:00,MR TP1 | IN:TREND | OUT:TREND,148.531,0.2,29.9428,0.24,0.79,0,0.25,0.83,-0.05,-0.16,2.47,0.00,27
117,Entry short,2025-09-26 12:00,MR-S | IN:TREND,149.714,0.2,29.9428,0.24,0.79,0,0.25,0.83,-0.05,-0.16,2.47,0.00,27
118,Exit short,2025-10-01 10:00,RUN EXIT | IN:TREND | OUT:MR,147.929,0.8,119.7712,1.43,1.19,0,1.65,1.38,-0.19,-0.16,3.89,0.00,70
118,Entry short,2025-09-26 12:00,MR-S | IN:TREND,149.714,0.8,119.7712,1.43,1.19,0,1.65,1.38,-0.19,-0.16,3.89,0.00,70
119,Exit long,2025-10-03 17:00,MR TP1 | IN:MR | OUT:MR,147.324,0.2,29.4664,-0.002,-0.01,0,0.1,0.33,-0.05,-0.16,3.89,0.00,20
119,Entry long,2025-10-02 21:00,MR-L | IN:MR,147.332,0.2,29.4664,-0.002,-0.01,0,0.1,0.33,-0.05,-0.16,3.89,0.00,20
120,Exit long,2025-10-07 03:00,RUN EXIT | IN:MR | OUT:HYBRID,150.366,0.8,117.8656,2.43,2.06,0,2.51,2.13,-0.21,-0.18,6.32,0.01,54
120,Entry long,2025-10-02 21:00,MR-L | IN:MR,147.332,0.8,117.8656,2.43,2.06,0,2.51,2.13,-0.21,-0.18,6.32,0.01,54
121,Exit short,2025-10-11 01:00,MR TP1 | IN:MR | OUT:TREND,151.716,0.2,30.5598,0.22,0.71,0,0.26,0.85,-0.1,-0.31,6.54,0.01,34
121,Entry short,2025-10-09 15:00,MR-S | IN:MR,152.799,0.2,30.5598,0.22,0.71,0,0.26,0.85,-0.1,-0.31,6.54,0.01,34
122,Exit short,2025-10-13 21:00,RUN EXIT | IN:MR | OUT:MR,152.377,0.8,122.2392,0.34,0.28,0,1.3,1.06,-0.38,-0.31,6.87,0.01,54
122,Entry short,2025-10-09 15:00,MR-S | IN:MR,152.799,0.8,122.2392,0.34,0.28,0,1.3,1.06,-0.38,-0.31,6.87,0.01,54
123,Exit long,2025-10-17 00:00,MR FAIL | IN:MR | OUT:HYBRID,150.332,1,151.243,-0.91,-0.60,0,0.16,0.11,-1.01,-0.67,5.96,0.01,9
123,Entry long,2025-10-16 15:00,MR-L | IN:MR,151.243,1,151.243,-0.91,-0.60,0,0.16,0.11,-1.01,-0.67,5.96,0.01,9
124,Exit short,2025-10-17 21:00,TF EXIT | IN:HYBRID | OUT:MR,150.428,1,150.332,-0.1,-0.06,0,0.95,0.63,-0.26,-0.17,5.87,0.01,21
124,Entry short,2025-10-17 00:00,TF-S | IN:HYBRID,150.332,1,150.332,-0.1,-0.06,0,0.95,0.63,-0.26,-0.17,5.87,0.01,21
125,Exit long,2025-10-20 18:00,MR TP1 | IN:MR | OUT:MR,150.705,0.2,30.0856,0.06,0.18,0,0.16,0.52,-0.04,-0.15,5.92,0.01,21
125,Entry long,2025-10-17 21:00,MR-L | IN:MR,150.428,0.2,30.0856,0.06,0.18,0,0.16,0.52,-0.04,-0.15,5.92,0.01,21
126,Exit long,2025-10-22 11:00,RUN EXIT | IN:MR | OUT:MR,151.759,0.8,120.3424,1.06,0.88,0,1.4,1.16,-0.18,-0.15,6.99,0.01,62
126,Entry long,2025-10-17 21:00,MR-L | IN:MR,150.428,0.8,120.3424,1.06,0.88,0,1.4,1.16,-0.18,-0.15,6.99,0.01,62
127,Exit short,2025-10-23 02:00,MR FAIL | IN:MR | OUT:MR,151.982,1,151.765,-0.22,-0.14,0,0.16,0.11,-0.24,-0.16,6.77,0.01,3
127,Entry short,2025-10-22 23:00,MR-S | IN:MR,151.765,1,151.765,-0.22,-0.14,0,0.16,0.11,-0.24,-0.16,6.77,0.01,3
128,Exit short,2025-10-27 06:00,MR FAIL | IN:MR | OUT:MR,153.072,1,152.864,-0.21,-0.14,0,0.11,0.07,-0.31,-0.20,6.56,0.01,5
128,Entry short,2025-10-25 01:00,MR-S | IN:MR,152.864,1,152.864,-0.21,-0.14,0,0.11,0.07,-0.31,-0.20,6.56,0.01,5
129,Exit short,2025-10-28 11:00,MR TP1 | IN:MR | OUT:HYBRID,151.877,0.2,30.5786,0.2,0.66,0,0.21,0.68,-0.07,-0.24,6.77,0.01,28
129,Entry short,2025-10-27 07:00,MR-S | IN:MR,152.893,0.2,30.5786,0.2,0.66,0,0.21,0.68,-0.07,-0.24,6.77,0.01,28
130,Exit short,2025-10-29 12:00,RUN EXIT | IN:MR | OUT:MR,152.368,0.8,122.3144,0.42,0.34,0,1.08,0.89,-0.29,-0.24,7.19,0.01,53
130,Entry short,2025-10-27 07:00,MR-S | IN:MR,152.893,0.8,122.3144,0.42,0.34,0,1.08,0.89,-0.29,-0.24,7.19,0.01,53
131,Exit short,2025-11-04 17:00,MR TP1 | IN:HYBRID | OUT:TREND,153.577,0.2,30.7774,0.06,0.20,0,0.11,0.37,-0.12,-0.39,7.25,0.01,55
131,Entry short,2025-10-31 09:00,MR-S | IN:HYBRID,153.887,0.2,30.7774,0.06,0.20,0,0.11,0.37,-0.12,-0.39,7.25,0.01,55
132,Exit short,2025-11-05 18:00,RUN EXIT | IN:HYBRID | OUT:MR,153.615,0.8,123.1096,0.22,0.18,0,0.74,0.60,-0.48,-0.39,7.47,0.01,80
132,Entry short,2025-10-31 09:00,MR-S | IN:HYBRID,153.887,0.8,123.1096,0.22,0.18,0,0.74,0.60,-0.48,-0.39,7.47,0.01,80
133,Exit short,2025-11-06 21:00,MR TP1 | IN:MR | OUT:HYBRID,153.409,0.2,30.7498,0.07,0.22,0,0.07,0.24,-0.003,-0.01,7.53,0.01,4
133,Entry short,2025-11-06 17:00,MR-S | IN:MR,153.749,0.2,30.7498,0.07,0.22,0,0.07,0.24,-0.003,-0.01,7.53,0.01,4
134,Exit short,2025-11-07 17:00,RUN EXIT | IN:MR | OUT:MR,153.353,0.8,122.9992,0.32,0.26,0,0.74,0.61,-0.01,-0.01,7.85,0.01,24
134,Entry short,2025-11-06 17:00,MR-S | IN:MR,153.749,0.8,122.9992,0.32,0.26,0,0.74,0.61,-0.01,-0.01,7.85,0.01,24
135,Exit short,2025-11-12 11:00,MR FAIL | IN:MR | OUT:MR,154.738,1,154.248,-0.49,-0.32,0,0.58,0.38,-0.5,-0.32,7.36,0.01,18
135,Entry short,2025-11-11 17:00,MR-S | IN:MR,154.248,1,154.248,-0.49,-0.32,0,0.58,0.38,-0.5,-0.32,7.36,0.01,18
136,Exit short,2025-11-14 12:00,MR TP1 | IN:MR | OUT:MR,154.485,0.2,30.9056,0.01,0.03,0,0.08,0.26,-0.05,-0.15,7.37,0.01,20
136,Entry short,2025-11-13 16:00,MR-S | IN:MR,154.528,0.2,30.9056,0.01,0.03,0,0.08,0.26,-0.05,-0.15,7.37,0.01,20
137,Exit short,2025-11-17 09:00,RUN EXIT | IN:MR | OUT:MR,154.693,0.8,123.6224,-0.13,-0.11,0,0.73,0.59,-0.19,-0.15,7.24,0.01,41
137,Entry short,2025-11-13 16:00,MR-S | IN:MR,154.528,0.8,123.6224,-0.13,-0.11,0,0.73,0.59,-0.19,-0.15,7.24,0.01,41
138,Exit short,2025-11-19 00:00,MR FAIL | IN:MR | OUT:MR,155.69,1,155.232,-0.46,-0.30,0,0.18,0.12,-0.46,-0.30,6.78,0.01,3
138,Entry short,2025-11-18 21:00,MR-S | IN:MR,155.232,1,155.232,-0.46,-0.30,0,0.18,0.12,-0.46,-0.30,6.78,0.01,3
139,Exit short,2025-11-19 17:00,MR FAIL | IN:MR | OUT:MR,156.242,1,155.353,-0.89,-0.57,0,0.14,0.09,-0.9,-0.58,5.89,0.01,8
139,Entry short,2025-11-19 09:00,MR-S | IN:MR,155.353,1,155.353,-0.89,-0.57,0,0.14,0.09,-0.9,-0.58,5.89,0.01,8
140,Exit short,2025-11-22 03:00,MR TP1 | IN:TREND | OUT:TREND,156.391,0.2,31.4354,0.16,0.50,0,0.2,0.62,-0.14,-0.45,6.05,0.01,35
140,Entry short,2025-11-20 16:00,MR-S | IN:TREND,157.177,0.2,31.4354,0.16,0.50,0,0.2,0.62,-0.14,-0.45,6.05,0.01,35
141,Exit short,2025-11-24 21:00,RUN EXIT | IN:TREND | OUT:MR,157.049,0.8,125.7416,0.1,0.08,0,0.78,0.62,-0.57,-0.45,6.15,0.01,53
141,Entry short,2025-11-20 16:00,MR-S | IN:TREND,157.177,0.8,125.7416,0.1,0.08,0,0.78,0.62,-0.57,-0.45,6.15,0.01,53
142,Exit long,2025-11-27 11:00,MR FAIL | IN:MR | OUT:MR,156.004,1,156.475,-0.47,-0.30,0,0.26,0.17,-0.75,-0.48,5.68,0.01,17
142,Entry long,2025-11-26 18:00,MR-L | IN:MR,156.475,1,156.475,-0.47,-0.30,0,0.26,0.17,-0.75,-0.48,5.68,0.01,17
143,Exit long,2025-11-28 13:00,MR TP1 | IN:MR | OUT:MR,156.382,0.2,31.2628,0.01,0.04,0,0.05,0.17,-0.04,-0.14,5.69,0.01,19
143,Entry long,2025-11-27 18:00,MR-L | IN:MR,156.314,0.2,31.2628,0.01,0.04,0,0.05,0.17,-0.04,-0.14,5.69,0.01,19
144,Exit long,2025-11-28 20:00,RUN EXIT | IN:MR | OUT:MR,156.022,0.8,125.0512,-0.23,-0.19,0,0.22,0.17,-0.25,-0.20,5.46,0.01,26
144,Entry long,2025-11-27 18:00,MR-L | IN:MR,156.314,0.8,125.0512,-0.23,-0.19,0,0.22,0.17,-0.25,-0.20,5.46,0.01,26
145,Exit long,2025-12-02 23:00,MR TP1 | IN:MR | OUT:TREND,155.92,0.2,31.0896,0.09,0.30,0,0.15,0.47,-0.01,-0.03,5.55,0.01,20
145,Entry long,2025-12-02 03:00,MR-L | IN:MR,155.448,0.2,31.0896,0.09,0.30,0,0.15,0.47,-0.01,-0.03,5.55,0.01,20
146,Exit long,2025-12-03 15:00,RUN EXIT | IN:MR | OUT:HYBRID,155.675,0.8,124.3584,0.18,0.15,0,0.59,0.47,-0.04,-0.03,5.73,0.01,36
146,Entry long,2025-12-02 03:00,MR-L | IN:MR,155.448,0.8,124.3584,0.18,0.15,0,0.59,0.47,-0.04,-0.03,5.73,0.01,36
147,Exit long,2025-12-08 06:00,MR TP1 | IN:MR | OUT:MR,155.312,0.2,31.003,0.06,0.19,0,0.1,0.31,-0.14,-0.44,5.79,0.01,22
147,Entry long,2025-12-05 08:00,MR-L | IN:MR,155.015,0.2,31.003,0.06,0.19,0,0.1,0.31,-0.14,-0.44,5.79,0.01,22
148,Exit long,2025-12-10 14:00,RUN EXIT | IN:MR | OUT:TREND,156.651,0.8,124.012,1.31,1.06,0,1.55,1.25,-0.54,-0.44,7.1,0.01,78
148,Entry long,2025-12-05 08:00,MR-L | IN:MR,155.015,0.8,124.012,1.31,1.06,0,1.55,1.25,-0.54,-0.44,7.1,0.01,78
149,Exit long,2025-12-15 11:00,MR FAIL | IN:MR | OUT:MR,155.255,1,155.714,-0.46,-0.29,0,0.42,0.27,-0.53,-0.34,6.64,0.01,25
149,Entry long,2025-12-12 10:00,MR-L | IN:MR,155.714,1,155.714,-0.46,-0.29,0,0.42,0.27,-0.53,-0.34,6.64,0.01,25
150,Exit long,2025-12-17 20:00,MR TP1 | IN:MR | OUT:HYBRID,155.438,0.2,31.0018,0.09,0.28,0,0.13,0.41,-0.03,-0.09,6.73,0.01,11
150,Entry long,2025-12-17 09:00,MR-L | IN:MR,155.009,0.2,31.0018,0.09,0.28,0,0.13,0.41,-0.03,-0.09,6.73,0.01,11
151,Exit long,2025-12-18 22:00,RUN EXIT | IN:MR | OUT:MR,155.523,0.8,124.0072,0.41,0.33,0,0.77,0.62,-0.12,-0.09,7.14,0.01,37
151,Entry long,2025-12-17 09:00,MR-L | IN:MR,155.009,0.8,124.0072,0.41,0.33,0,0.77,0.62,-0.12,-0.09,7.14,0.01,37
152,Exit short,2025-12-23 13:00,MR TP1 | IN:MR | OUT:TREND,156.112,0.2,31.4984,0.28,0.88,0,0.32,1.01,-0.02,-0.05,7.42,0.01,23
152,Entry short,2025-12-22 14:00,MR-S | IN:MR,157.492,0.2,31.4984,0.28,0.88,0,0.32,1.01,-0.02,-0.05,7.42,0.01,23
153,Exit short,2025-12-24 20:00,RUN EXIT | IN:MR | OUT:MR,156.011,0.8,125.9936,1.18,0.94,0,1.55,1.23,-0.06,-0.05,8.6,0.01,54
153,Entry short,2025-12-22 14:00,MR-S | IN:MR,157.492,0.8,125.9936,1.18,0.94,0,1.55,1.23,-0.06,-0.05,8.6,0.01,54
154,Exit long,2025-12-26 20:00,MR TP1 | IN:MR | OUT:HYBRID,156.325,0.2,31.1668,0.1,0.32,0,0.13,0.42,-0.02,-0.05,8.7,0.01,19
154,Entry long,2025-12-24 23:00,MR-L | IN:MR,155.834,0.2,31.1668,0.1,0.32,0,0.13,0.42,-0.02,-0.05,8.7,0.01,19
155,Exit long,2025-12-29 14:00,RUN EXIT | IN:MR | OUT:MR,156.081,0.8,124.6672,0.2,0.16,0,0.72,0.57,-0.06,-0.05,8.9,0.01,37
155,Entry long,2025-12-24 23:00,MR-L | IN:MR,155.834,0.8,124.6672,0.2,0.16,0,0.72,0.57,-0.06,-0.05,8.9,0.01,37
156,Exit long,2025-12-31 04:00,MR TP1 | IN:MR | OUT:MR,156.421,0.2,31.2664,0.02,0.06,0,0.04,0.12,-0.004,-0.01,8.91,0.01,4
156,Entry long,2025-12-31 00:00,MR-L | IN:MR,156.332,0.2,31.2664,0.02,0.06,0,0.04,0.12,-0.004,-0.01,8.91,0.01,4
157,Exit long,2026-01-02 17:00,RUN EXIT | IN:MR | OUT:MR,156.845,0.8,125.0656,0.41,0.33,0,0.53,0.43,-0.02,-0.01,9.33,0.01,39
157,Entry long,2025-12-31 00:00,MR-L | IN:MR,156.332,0.8,125.0656,0.41,0.33,0,0.53,0.43,-0.02,-0.01,9.33,0.01,39
158,Exit short,2026-01-06 01:00,MR TP1 | IN:MR | OUT:MR,156.188,0.2,31.3206,0.08,0.27,0,0.08,0.27,-0.08,-0.24,9.41,0.01,8
158,Entry short,2026-01-05 17:00,MR-S | IN:MR,156.603,0.2,31.3206,0.08,0.27,0,0.08,0.27,-0.08,-0.24,9.41,0.01,8
159,Exit short,2026-01-06 22:00,RUN EXIT | IN:MR | OUT:MR,156.576,0.8,125.2824,0.02,0.02,0,0.39,0.31,-0.3,-0.24,9.43,0.01,29
159,Entry short,2026-01-05 17:00,MR-S | IN:MR,156.603,0.8,125.2824,0.02,0.02,0,0.39,0.31,-0.3,-0.24,9.43,0.01,29
160,Exit long,2026-01-08 04:00,MR TP1 | IN:MR | OUT:MR,156.75,0.2,31.3362,0.01,0.04,0,0.02,0.08,-0.02,-0.07,9.44,0.01,6
160,Entry long,2026-01-07 22:00,MR-L | IN:MR,156.681,0.2,31.3362,0.01,0.04,0,0.02,0.08,-0.02,-0.07,9.44,0.01,6
161,Exit long,2026-01-12 08:00,RUN EXIT | IN:MR | OUT:TREND,157.745,0.8,125.3448,0.85,0.68,0,1.22,0.97,-0.18,-0.14,10.29,0.01,58
161,Entry long,2026-01-07 22:00,MR-L | IN:MR,156.681,0.8,125.3448,0.85,0.68,0,1.22,0.97,-0.18,-0.14,10.29,0.01,58
162,Exit short,2026-01-15 08:00,MR TP1 | IN:MR | OUT:HYBRID,158.354,0.2,31.7522,0.08,0.26,0,0.13,0.42,-0.01,-0.04,10.38,0.01,16
162,Entry short,2026-01-14 16:00,MR-S | IN:MR,158.761,0.2,31.7522,0.08,0.26,0,0.13,0.42,-0.01,-0.04,10.38,0.01,16
163,Exit short,2026-01-16 08:00,RUN EXIT | IN:MR | OUT:MR,158.598,0.8,127.0088,0.13,0.10,0,0.53,0.42,-0.1,-0.07,10.51,0.01,40
163,Entry short,2026-01-14 16:00,MR-S | IN:MR,158.761,0.8,127.0088,0.13,0.10,0,0.53,0.42,-0.1,-0.07,10.51,0.01,40
164,Exit long,2026-01-21 12:00,MR TP1 | IN:MR | OUT:MR,158.208,0.2,31.607,0.03,0.11,0,0.11,0.36,-0.11,-0.36,10.54,0.01,36
164,Entry long,2026-01-20 00:00,MR-L | IN:MR,158.035,0.2,31.607,0.03,0.11,0,0.11,0.36,-0.11,-0.36,10.54,0.01,36
165,Exit long,2026-01-21 20:00,RUN EXIT | IN:MR | OUT:MR,157.886,0.8,126.428,-0.12,-0.09,0,0.45,0.36,-0.45,-0.36,10.42,0.01,44
165,Entry long,2026-01-20 00:00,MR-L | IN:MR,158.035,0.8,126.428,-0.12,-0.09,0,0.45,0.36,-0.45,-0.36,10.42,0.01,44
166,Exit long,2026-01-21 23:00,MR TP1 | IN:MR | OUT:MR,158.171,0.2,31.6432,-0.01,-0.03,0,0.01,0.03,-0.03,-0.09,10.41,0.01,1
166,Entry long,2026-01-21 22:00,MR-L | IN:MR,158.216,0.2,31.6432,-0.01,-0.03,0,0.01,0.03,-0.03,-0.09,10.41,0.01,1
167,Exit long,2026-01-23 01:00,RUN EXIT | IN:MR | OUT:MR,158.312,0.8,126.5728,0.08,0.06,0,0.54,0.43,-0.14,-0.11,10.49,0.01,27
167,Entry long,2026-01-21 22:00,MR-L | IN:MR,158.216,0.8,126.5728,0.08,0.06,0,0.54,0.43,-0.14,-0.11,10.49,0.01,27
168,Exit long,2026-01-28 02:00,MR FAIL | IN:TREND | OUT:TREND,152.714,1,153.741,-1.03,-0.67,0,1.14,0.74,-1.17,-0.76,9.46,0.01,29
168,Entry long,2026-01-26 21:00,MR-L | IN:TREND,153.741,1,153.741,-1.03,-0.67,0,1.14,0.74,-1.17,-0.76,9.46,0.01,29
169,Exit long,2026-01-30 09:00,MR TP1 | IN:MR | OUT:MR,153.806,0.2,30.6926,0.07,0.22,0,0.12,0.38,-0.16,-0.51,9.53,0.01,35
169,Entry long,2026-01-28 22:00,MR-L | IN:MR,153.463,0.2,30.6926,0.07,0.22,0,0.12,0.38,-0.16,-0.51,9.53,0.01,35
170,Exit long,2026-02-03 14:00,RUN EXIT | IN:MR | OUT:HYBRID,155.405,0.8,122.7704,1.55,1.27,0,1.86,1.52,-0.63,-0.51,11.09,0.01,88
170,Entry long,2026-01-28 22:00,MR-L | IN:MR,153.463,0.8,122.7704,1.55,1.27,0,1.86,1.52,-0.63,-0.51,11.09,0.01,88
171,Exit short,2026-02-09 18:00,MR TP1 | IN:MR | OUT:MR,156.467,0.2,31.3188,0.03,0.08,0,0.08,0.24,-0.21,-0.68,11.11,0.01,46
171,Entry short,2026-02-05 20:00,MR-S | IN:MR,156.594,0.2,31.3188,0.03,0.08,0,0.08,0.24,-0.21,-0.68,11.11,0.01,46
172,Exit short,2026-02-11 20:00,RUN EXIT | IN:MR | OUT:TREND,153.833,0.8,125.2752,2.21,1.76,0,3.04,2.42,-0.85,-0.68,13.32,0.01,96
172,Entry short,2026-02-05 20:00,MR-S | IN:MR,156.594,0.8,125.2752,2.21,1.76,0,3.04,2.42,-0.85,-0.68,13.32,0.01,96
173,Exit long,2026-02-12 09:00,MR FAIL | IN:HYBRID | OUT:MR,152.541,1,153.216,-0.67,-0.44,0,0.23,0.15,-0.7,-0.46,12.64,0.01,6
173,Entry long,2026-02-12 03:00,MR-L | IN:HYBRID,153.216,1,153.216,-0.67,-0.44,0,0.23,0.15,-0.7,-0.46,12.64,0.01,6
174,Exit long,2026-02-16 18:00,MR TP1 | IN:MR | OUT:MR,153.372,0.2,30.6624,0.01,0.04,0,0.09,0.29,-0.19,-0.62,12.66,0.01,48
174,Entry long,2026-02-12 18:00,MR-L | IN:MR,153.312,0.2,30.6624,0.01,0.04,0,0.09,0.29,-0.19,-0.62,12.66,0.01,48
175,Exit long,2026-02-17 12:00,RUN EXIT | IN:MR | OUT:MR,152.955,0.8,122.6496,-0.29,-0.23,0,0.36,0.29,-0.76,-0.62,12.37,0.01,66
175,Entry long,2026-02-12 18:00,MR-L | IN:MR,153.312,0.8,122.6496,-0.29,-0.23,0,0.36,0.29,-0.76,-0.62,12.37,0.01,66
176,Exit short,2026-02-23 12:00,MR TP1 | IN:TREND | OUT:HYBRID,154.437,0.2,30.9416,0.05,0.18,0,0.14,0.46,-0.19,-0.60,12.42,0.01,43
176,Entry short,2026-02-19 17:00,MR-S | IN:TREND,154.708,0.2,30.9416,0.05,0.18,0,0.14,0.46,-0.19,-0.60,12.42,0.01,43
177,Exit short,2026-02-24 08:00,RUN EXIT | IN:TREND | OUT:MR,154.968,0.8,123.7664,-0.21,-0.17,0,0.57,0.46,-0.75,-0.60,12.22,0.01,63
177,Entry short,2026-02-19 17:00,MR-S | IN:TREND,154.708,0.8,123.7664,-0.21,-0.17,0,0.57,0.46,-0.75,-0.60,12.22,0.01,63
178,Exit short,2026-02-27 13:00,MR TP1 | IN:MR | OUT:MR,155.882,0.2,31.2342,0.06,0.19,0,0.13,0.41,-0.05,-0.17,12.27,0.01,31
178,Entry short,2026-02-26 06:00,MR-S | IN:MR,156.171,0.2,31.2342,0.06,0.19,0,0.13,0.41,-0.05,-0.17,12.27,0.01,31
179,Exit short,2026-02-28 04:00,RUN EXIT | IN:MR | OUT:MR,156.127,0.8,124.9368,0.04,0.03,0,0.51,0.41,-0.21,-0.17,12.31,0.01,46
179,Entry short,2026-02-26 06:00,MR-S | IN:MR,156.171,0.8,124.9368,0.04,0.03,0,0.51,0.41,-0.21,-0.17,12.31,0.01,46
180,Exit short,2026-03-05 03:00,MR TP1 | IN:MR | OUT:HYBRID,157.089,0.2,31.4442,0.03,0.08,0,0.07,0.24,-0.15,-0.48,12.34,0.01,38
180,Entry short,2026-03-03 13:00,MR-S | IN:MR,157.221,0.2,31.4442,0.03,0.08,0,0.07,0.24,-0.15,-0.48,12.34,0.01,38
181,Exit short,2026-03-05 19:00,RUN EXIT | IN:MR | OUT:MR,157.445,0.8,125.7768,-0.18,-0.14,0,0.61,0.49,-0.6,-0.48,12.16,0.01,54
181,Entry short,2026-03-03 13:00,MR-S | IN:MR,157.221,0.8,125.7768,-0.18,-0.14,0,0.61,0.49,-0.6,-0.48,12.16,0.01,54
182,Exit short,2026-03-10 13:00,MR TP1 | IN:MR | OUT:HYBRID,157.547,0.2,31.6172,0.11,0.34,0,0.12,0.39,-0.07,-0.21,12.26,0.01,15
182,Entry short,2026-03-09 22:00,MR-S | IN:MR,158.086,0.2,31.6172,0.11,0.34,0,0.12,0.39,-0.07,-0.21,12.26,0.01,15
183,Exit short,2026-03-11 05:00,RUN EXIT | IN:MR | OUT:MR,158.166,0.8,126.4688,-0.06,-0.05,0,0.65,0.51,-0.27,-0.21,12.2,0.01,31
183,Entry short,2026-03-09 22:00,MR-S | IN:MR,158.086,0.8,126.4688,-0.06,-0.05,0,0.65,0.51,-0.27,-0.21,12.2,0.01,31
184,Exit short,2026-03-12 21:00,MR FAIL | IN:MR | OUT:MR,159.181,1,158.893,-0.29,-0.18,0,0.09,0.05,-0.31,-0.19,11.91,0.01,2
184,Entry short,2026-03-12 19:00,MR-S | IN:MR,158.893,1,158.893,-0.29,-0.18,0,0.09,0.05,-0.31,-0.19,11.91,0.01,2
185,Exit short,2026-03-13 10:00,MR FAIL | IN:MR | OUT:MR,159.354,1,159.286,-0.07,-0.04,0,0.04,0.02,-0.13,-0.08,11.84,0.01,1
185,Entry short,2026-03-13 09:00,MR-S | IN:MR,159.286,1,159.286,-0.07,-0.04,0,0.04,0.02,-0.13,-0.08,11.84,0.01,1
186,Exit short,2026-03-13 23:00,MR FAIL | IN:MR | OUT:MR,159.612,1,159.334,-0.28,-0.17,0,0.33,0.21,-0.3,-0.19,11.57,0.01,4
186,Entry short,2026-03-13 19:00,MR-S | IN:MR,159.334,1,159.334,-0.28,-0.17,0,0.33,0.21,-0.3,-0.19,11.57,0.01,4
187,Exit short,2026-03-17 04:00,MR TP1 | IN:MR | OUT:MR,158.99,0.2,31.8582,0.06,0.19,0,0.09,0.28,-0.02,-0.06,11.63,0.01,15
187,Entry short,2026-03-16 13:00,MR-S | IN:MR,159.291,0.2,31.8582,0.06,0.19,0,0.09,0.28,-0.02,-0.06,11.63,0.01,15
188,Exit short,2026-03-18 19:00,RUN EXIT | IN:MR | OUT:MR,159.449,0.8,127.4328,-0.13,-0.10,0,0.58,0.45,-0.16,-0.13,11.5,0.01,54
188,Entry short,2026-03-16 13:00,MR-S | IN:MR,159.291,0.8,127.4328,-0.13,-0.10,0,0.58,0.45,-0.16,-0.13,11.5,0.01,54
189,Exit short,2026-03-19 22:00,MR TP1 | IN:MR | OUT:TREND,158.191,0.2,31.8244,0.19,0.59,0,0.21,0.66,-0.03,-0.11,11.69,0.01,5
189,Entry short,2026-03-19 17:00,MR-S | IN:MR,159.122,0.2,31.8244,0.19,0.59,0,0.21,0.66,-0.03,-0.11,11.69,0.01,5
190,Exit short,2026-03-20 16:00,RUN EXIT | IN:MR | OUT:HYBRID,158.836,0.8,127.2976,0.23,0.18,0,1.29,1.01,-0.14,-0.11,11.92,0.01,23
190,Entry short,2026-03-19 17:00,MR-S | IN:MR,159.122,0.8,127.2976,0.23,0.18,0,1.29,1.01,-0.14,-0.11,11.92,0.01,23
191,Exit short,2026-03-24 03:00,MR TP1 | IN:HYBRID | OUT:HYBRID,158.422,0.2,31.6864,0.002,0.01,0,0.08,0.26,-0.08,-0.26,11.92,0.01,6
191,Entry short,2026-03-23 21:00,MR-S | IN:HYBRID,158.432,0.2,31.6864,0.002,0.01,0,0.08,0.26,-0.08,-0.26,11.92,0.01,6
192,Exit short,2026-03-24 20:00,RUN EXIT | IN:HYBRID | OUT:MR,158.804,0.8,126.7456,-0.3,-0.23,0,0.33,0.26,-0.42,-0.33,11.62,0.01,23
192,Entry short,2026-03-23 21:00,MR-S | IN:HYBRID,158.432,0.8,126.7456,-0.3,-0.23,0,0.33,0.26,-0.42,-0.33,11.62,0.01,23
193,Exit short,2026-03-27 14:00,MR FAIL | IN:MR | OUT:MR,159.947,1,159.528,-0.42,-0.26,0,0.03,0.02,-0.45,-0.28,11.2,0.01,5
193,Entry short,2026-03-27 09:00,MR-S | IN:MR,159.528,1,159.528,-0.42,-0.26,0,0.03,0.02,-0.45,-0.28,11.2,0.01,5
194,Exit short,2026-03-31 00:00,MR TP1 | IN:MR | OUT:HYBRID,159.568,0.2,31.9588,0.05,0.14,0,0.09,0.29,-0.01,-0.04,11.25,0.01,13
194,Entry short,2026-03-30 11:00,MR-S | IN:MR,159.794,0.2,31.9588,0.05,0.14,0,0.09,0.29,-0.01,-0.04,11.25,0.01,13
195,Exit short,2026-04-01 23:00,RUN EXIT | IN:MR | OUT:MR,158.553,0.8,127.8352,0.99,0.78,0,1.22,0.95,-0.14,-0.11,12.24,0.01,60
195,Entry short,2026-03-30 11:00,MR-S | IN:MR,159.794,0.8,127.8352,0.99,0.78,0,1.22,0.95,-0.14,-0.11,12.24,0.01,60
196,Exit short,2026-04-07 01:00,MR FAIL | IN:MR | OUT:MR,159.686,1,159.558,-0.13,-0.08,0,0.25,0.16,-0.27,-0.17,12.11,0.01,31
196,Entry short,2026-04-03 18:00,MR-S | IN:MR,159.558,1,159.558,-0.13,-0.08,0,0.25,0.16,-0.27,-0.17,12.11,0.01,31
197,Exit short,2026-04-08 07:00,MR TP1 | IN:MR | OUT:MR,158.69,0.2,31.9234,0.19,0.58,0,0.22,0.67,-0.02,-0.07,12.3,0.01,4
197,Entry short,2026-04-08 03:00,MR-S | IN:MR,159.617,0.2,31.9234,0.19,0.58,0,0.22,0.67,-0.02,-0.07,12.3,0.01,4
198,Exit short,2026-04-09 03:00,RUN EXIT | IN:MR | OUT:MR,158.559,0.8,127.6936,0.85,0.66,0,1.39,1.09,-0.09,-0.07,13.14,0.01,24
198,Entry short,2026-04-08 03:00,MR-S | IN:MR,159.617,0.8,127.6936,0.85,0.66,0,1.39,1.09,-0.09,-0.07,13.14,0.01,24
199,Exit short,2026-04-14 13:00,MR TP1 | IN:MR | OUT:HYBRID,159.159,0.2,31.8656,0.03,0.11,0,0.07,0.23,-0.03,-0.08,13.18,0.01,12
199,Entry short,2026-04-14 01:00,MR-S | IN:MR,159.328,0.2,31.8656,0.03,0.11,0,0.07,0.23,-0.03,-0.08,13.18,0.01,12
200,Exit short,2026-04-15 11:00,RUN EXIT | IN:MR | OUT:MR,158.984,0.8,127.4624,0.28,0.22,0,0.58,0.46,-0.11,-0.08,13.45,0.01,34
200,Entry short,2026-04-14 01:00,MR-S | IN:MR,159.328,0.8,127.4624,0.28,0.22,0,0.58,0.46,-0.11,-0.08,13.45,0.01,34
201,Exit long,2026-04-16 23:00,MR TP1 | IN:MR | OUT:MR,159.176,0.2,31.8076,0.03,0.09,0,0.05,0.17,-0.03,-0.10,13.48,0.01,7
201,Entry long,2026-04-16 16:00,MR-L | IN:MR,159.038,0.2,31.8076,0.03,0.09,0,0.05,0.17,-0.03,-0.10,13.48,0.01,7
202,Exit long,2026-04-17 19:00,RUN EXIT | IN:MR | OUT:MR,158.417,0.8,127.2304,-0.5,-0.39,0,0.39,0.31,-0.5,-0.40,12.98,0.01,27
202,Entry long,2026-04-16 16:00,MR-L | IN:MR,159.038,0.8,127.2304,-0.5,-0.39,0,0.39,0.31,-0.5,-0.40,12.98,0.01,27
203,Exit long,2026-04-21 15:00,MR TP1 | IN:MR | OUT:MR,159.177,0.2,31.774,0.06,0.19,0,0.07,0.22,-0.06,-0.20,13.04,0.01,26
203,Entry long,2026-04-20 13:00,MR-L | IN:MR,158.87,0.2,31.774,0.06,0.19,0,0.07,0.22,-0.06,-0.20,13.04,0.01,26
204,Exit long,2026-04-22 16:00,RUN EXIT | IN:MR | OUT:MR,159.344,0.8,127.096,0.38,0.30,0,0.62,0.48,-0.25,-0.20,13.42,0.01,51
204,Entry long,2026-04-20 13:00,MR-L | IN:MR,158.87,0.8,127.096,0.38,0.30,0,0.62,0.48,-0.25,-0.20,13.42,0.01,51
205,Exit short,2026-04-24 02:00,MR FAIL | IN:MR | OUT:MR,159.699,1,159.442,-0.26,-0.16,0,0.02,0.01,-0.4,-0.25,13.17,0.01,4
205,Entry short,2026-04-23 22:00,MR-S | IN:MR,159.442,1,159.442,-0.26,-0.16,0,0.02,0.01,-0.4,-0.25,13.17,0.01,4
206,Exit short,2026-04-27 08:00,MR TP1 | IN:MR | OUT:MR,159.328,0.2,31.9106,0.05,0.14,0,0.06,0.19,-0.02,-0.06,13.21,0.01,13
206,Entry short,2026-04-24 19:00,MR-S | IN:MR,159.553,0.2,31.9106,0.05,0.14,0,0.06,0.19,-0.02,-0.06,13.21,0.01,13
207,Exit short,2026-04-28 04:00,RUN EXIT | IN:MR | OUT:MR,159.364,0.8,127.6424,0.15,0.12,0,0.37,0.29,-0.08,-0.06,13.36,0.01,33
207,Entry short,2026-04-24 19:00,MR-S | IN:MR,159.553,0.8,127.6424,0.15,0.12,0,0.37,0.29,-0.08,-0.06,13.36,0.01,33
208,Exit short,2026-04-30 19:00,MR TP1 | IN:HYBRID | OUT:TREND,156.823,0.2,31.9168,0.55,1.73,0,0.81,2.52,-0.002,-0.01,13.91,0.01,4
208,Entry short,2026-04-30 15:00,MR-S | IN:HYBRID,159.584,0.2,31.9168,0.55,1.73,0,0.81,2.52,-0.002,-0.01,13.91,0.01,4
209,Exit short,2026-05-01 16:00,RUN EXIT | IN:HYBRID | OUT:MR,156.578,0.8,127.6672,2.4,1.88,0,3.28,2.57,-0.01,-0.01,16.32,0.02,25
209,Entry short,2026-04-30 15:00,MR-S | IN:HYBRID,159.584,0.8,127.6672,2.4,1.88,0,3.28,2.57,-0.01,-0.01,16.32,0.02,25
210,Exit short,2026-05-06 15:00,MR TP1 | IN:HYBRID | OUT:TREND,155.98,0.2,31.1862,-0.01,-0.03,0,0.04,0.13,-0.13,-0.41,16.31,0.02,4
210,Entry short,2026-05-06 11:00,MR-S | IN:HYBRID,155.931,0.2,31.1862,-0.01,-0.03,0,0.04,0.13,-0.13,-0.41,16.31,0.02,4
211,Exit short,2026-05-07 18:00,RUN EXIT | IN:HYBRID | OUT:MR,156.403,0.8,124.7448,-0.38,-0.30,0,0.26,0.21,-0.51,-0.41,15.93,0.02,31
211,Entry short,2026-05-06 11:00,MR-S | IN:HYBRID,155.931,0.8,124.7448,-0.38,-0.30,0,0.26,0.21,-0.51,-0.41,15.93,0.02,31
212,Exit short,2026-05-15 00:00,MR FAIL | IN:MR | OUT:HYBRID,158.193,1,157.901,-0.29,-0.18,0,0.59,0.37,-0.3,-0.19,15.64,0.02,9
212,Entry short,2026-05-14 15:00,MR-S | IN:MR,157.901,1,157.901,-0.29,-0.18,0,0.59,0.37,-0.3,-0.19,15.64,0.02,9
213,Exit long,2026-05-18 13:00,TF EXIT | IN:HYBRID | OUT:HYBRID,158.894,1,158.193,0.7,0.44,0,0.88,0.56,-0.03,-0.02,16.34,0.02,37
213,Entry long,2026-05-15 00:00,TF-L | IN:HYBRID,158.193,1,158.193,0.7,0.44,0,0.88,0.56,-0.03,-0.02,16.34,0.02,37
214,Exit short,2026-05-21 05:00,MR TP1 | IN:HYBRID | OUT:MR,158.854,0.2,31.7788,0.01,0.03,0,0.06,0.19,-0.07,-0.22,16.35,0.02,64
214,Entry short,2026-05-18 13:00,MR-S | IN:HYBRID,158.894,0.2,31.7788,0.01,0.03,0,0.06,0.19,-0.07,-0.22,16.35,0.02,64
215,Exit short,2026-05-21 17:00,RUN EXIT | IN:HYBRID | OUT:MR,159.128,0.8,127.1152,-0.19,-0.15,0,0.24,0.19,-0.29,-0.22,16.16,0.02,76
215,Entry short,2026-05-18 13:00,MR-S | IN:HYBRID,158.894,0.8,127.1152,-0.19,-0.15,0,0.24,0.19,-0.29,-0.22,16.16,0.02,76
216,Exit short,2026-05-25 10:00,MR TP1 | IN:MR | OUT:HYBRID,158.885,0.2,31.7768,-0.0002,0.00,0,0.03,0.08,-0.02,-0.05,16.16,0.02,5
216,Entry short,2026-05-25 05:00,MR-S | IN:MR,158.884,0.2,31.7768,-0.0002,0.00,0,0.03,0.08,-0.02,-0.05,16.16,0.02,5
217,Exit short,2026-05-26 08:00,RUN EXIT | IN:MR | OUT:MR,158.967,0.8,127.1072,-0.07,-0.05,0,0.1,0.08,-0.13,-0.10,16.1,0.02,27
217,Entry short,2026-05-25 05:00,MR-S | IN:MR,158.884,0.8,127.1072,-0.07,-0.05,0,0.1,0.08,-0.13,-0.10,16.1,0.02,27
218,Exit short,2026-05-29 06:00,MR TP1 | IN:HYBRID | OUT:HYBRID,159.273,0.2,31.8984,0.04,0.14,0,0.08,0.24,-0.01,-0.02,16.14,0.02,17
218,Entry short,2026-05-28 13:00,MR-S | IN:HYBRID,159.492,0.2,31.8984,0.04,0.14,0,0.08,0.24,-0.01,-0.02,16.14,0.02,17
219,Exit short,2026-06-01 06:00,RUN EXIT | IN:HYBRID | OUT:MR,159.363,0.8,127.5936,0.1,0.08,0,0.32,0.25,-0.03,-0.02,16.24,0.02,41
219,Entry short,2026-05-28 13:00,MR-S | IN:HYBRID,159.492,0.8,127.5936,0.1,0.08,0,0.32,0.25,-0.03,-0.02,16.24,0.02,41
220,Exit short,2026-06-04 00:00,MR FAIL | IN:HYBRID | OUT:MR,160.048,1,159.888,-0.16,-0.10,0,0.52,0.32,-0.16,-0.10,16.08,0.02,14
220,Entry short,2026-06-03 10:00,MR-S | IN:HYBRID,159.888,1,159.888,-0.16,-0.10,0,0.52,0.32,-0.16,-0.10,16.08,0.02,14
221,Exit short,2026-06-05 21:00,MR FAIL | IN:MR | OUT:MR,160.267,1,159.869,-0.4,-0.25,0,0.15,0.09,-0.41,-0.26,15.68,0.02,34
221,Entry short,2026-06-04 11:00,MR-S | IN:MR,159.869,1,159.869,-0.4,-0.25,0,0.15,0.09,-0.41,-0.26,15.68,0.02,34
222,Exit short,2026-06-09 23:00,MR FAIL | IN:HYBRID | OUT:MR,160.402,1,160.009,-0.39,-0.25,0,0.13,0.08,-0.44,-0.27,15.29,0.02,31
222,Entry short,2026-06-08 16:00,MR-S | IN:HYBRID,160.009,1,160.009,-0.39,-0.25,0,0.13,0.08,-0.44,-0.27,15.29,0.02,31
223,Exit short,2026-06-12 05:00,MR TP1 | IN:MR | OUT:TREND,160.018,0.2,32.1018,0.1,0.31,0,0.19,0.59,-0.01,-0.03,15.39,0.02,7
223,Entry short,2026-06-11 22:00,MR-S | IN:MR,160.509,0.2,32.1018,0.1,0.31,0,0.19,0.59,-0.01,-0.03,15.39,0.02,7
224,Exit short,2026-06-13 01:00,RUN EXIT | IN:MR | OUT:MR,160.235,0.8,128.4072,0.22,0.17,0,0.75,0.59,-0.04,-0.03,15.61,0.02,27
224,Entry short,2026-06-11 22:00,MR-S | IN:MR,160.509,0.8,128.4072,0.22,0.17,0,0.75,0.59,-0.04,-0.03,15.61,0.02,27
225,Exit long,2026-06-16 07:00,MR TP1 | IN:MR | OUT:MR,160.2,0.2,32.0272,0.01,0.04,0,0.05,0.16,-0.02,-0.07,15.62,0.02,16
225,Entry long,2026-06-15 15:00,MR-L | IN:MR,160.136,0.2,32.0272,0.01,0.04,0,0.05,0.16,-0.02,-0.07,15.62,0.02,16
226,Exit long,2026-06-17 13:00,RUN EXIT | IN:MR | OUT:MR,160.253,0.8,128.1088,0.09,0.07,0,0.28,0.22,-0.09,-0.07,15.72,0.02,46
226,Entry long,2026-06-15 15:00,MR-L | IN:MR,160.136,0.8,128.1088,0.09,0.07,0,0.28,0.22,-0.09,-0.07,15.72,0.02,46
227,Exit short,2026-06-22 13:00,MR FAIL | IN:HYBRID | OUT:HYBRID,161.683,1,161.346,-0.34,-0.21,0,0.21,0.13,-0.37,-0.23,15.38,0.02,27
227,Entry short,2026-06-19 10:00,MR-S | IN:HYBRID,161.346,1,161.346,-0.34,-0.21,0,0.21,0.13,-0.37,-0.23,15.38,0.02,27
228,Exit long,2026-06-23 01:00,TF EXIT | IN:HYBRID | OUT:MR,161.421,1,161.683,-0.26,-0.16,0,0.24,0.15,-0.61,-0.38,15.12,0.02,12
228,Entry long,2026-06-22 13:00,TF-L | IN:HYBRID,161.683,1,161.683,-0.26,-0.16,0,0.24,0.15,-0.61,-0.38,15.12,0.02,12
229,Exit short,2026-06-24 15:00,MR FAIL | IN:MR | OUT:HYBRID,161.757,1,161.421,-0.34,-0.21,0,0.15,0.09,-0.34,-0.21,14.78,0.01,38
229,Entry short,2026-06-23 01:00,MR-S | IN:MR,161.421,1,161.421,-0.34,-0.21,0,0.15,0.09,-0.34,-0.21,14.78,0.01,38
230,Exit long,2026-06-26 10:00,TF EXIT | IN:HYBRID | OUT:MR,161.651,1,161.757,-0.11,-0.07,0,0.19,0.12,-0.2,-0.12,14.67,0.01,43
230,Entry long,2026-06-24 15:00,TF-L | IN:HYBRID,161.757,1,161.757,-0.11,-0.07,0,0.19,0.12,-0.2,-0.12,14.67,0.01,43
231,Exit short,2026-06-26 17:00,MR TP1 | IN:MR | OUT:MR,161.62,0.2,32.3302,0.01,0.02,0,0.02,0.07,-0.02,-0.06,14.68,0.01,7
231,Entry short,2026-06-26 10:00,MR-S | IN:MR,161.651,0.2,32.3302,0.01,0.02,0,0.02,0.07,-0.02,-0.06,14.68,0.01,7
232,Exit short,2026-06-29 06:00,RUN EXIT | IN:MR | OUT:MR,161.793,0.8,129.3208,-0.11,-0.09,0,0.1,0.07,-0.18,-0.14,14.57,0.01,20
232,Entry short,2026-06-26 10:00,MR-S | IN:MR,161.651,0.8,129.3208,-0.11,-0.09,0,0.1,0.07,-0.18,-0.14,14.57,0.01,20
233,Exit short,2026-07-02 15:00,MR TP1 | IN:TREND | OUT:TREND,161.028,0.2,32.527,0.32,0.99,0,0.35,1.07,-0.04,-0.13,14.89,0.01,33
233,Entry short,2026-07-01 06:00,MR-S | IN:TREND,162.635,0.2,32.527,0.32,0.99,0,0.35,1.07,-0.04,-0.13,14.89,0.01,33
234,Exit short,2026-07-03 12:00,RUN EXIT | IN:TREND | OUT:MR,161.164,0.8,130.108,1.18,0.90,0,1.6,1.23,-0.16,-0.13,16.06,0.02,54
234,Entry short,2026-07-01 06:00,MR-S | IN:TREND,162.635,0.8,130.108,1.18,0.90,0,1.6,1.23,-0.16,-0.13,16.06,0.02,54
235,Exit short,2026-07-08 06:00,MR FAIL | IN:MR | OUT:MR,162.36,1,161.873,-0.49,-0.30,0,0.2,0.13,-0.49,-0.31,15.58,0.02,20
235,Entry short,2026-07-07 10:00,MR-S | IN:MR,161.873,1,161.873,-0.49,-0.30,0,0.2,0.13,-0.49,-0.31,15.58,0.02,20
236,Exit short,2026-07-10 09:00,MR TP1 | IN:MR | OUT:MR,161.454,0.2,32.4698,0.18,0.55,0,0.21,0.65,-0.03,-0.10,15.76,0.02,19
236,Entry short,2026-07-09 14:00,MR-S | IN:MR,162.349,0.2,32.4698,0.18,0.55,0,0.21,0.65,-0.03,-0.10,15.76,0.02,19
237,Exit short,2026-07-13 05:00,RUN EXIT | IN:MR | OUT:MR,162.026,0.8,129.8792,0.26,0.20,0,0.86,0.66,-0.13,-0.10,16.02,0.02,39
237,Entry short,2026-07-09 14:00,MR-S | IN:MR,162.349,0.8,129.8792,0.26,0.20,0,0.86,0.66,-0.13,-0.10,16.02,0.02,39
238,Exit short,2026-07-15 16:00,MR FAIL | IN:MR | OUT:MR,162.365,1,161.911,-0.45,-0.28,0,0.08,0.05,-0.46,-0.29,15.56,0.02,21
238,Entry short,2026-07-14 19:00,MR-S | IN:MR,161.911,1,161.911,-0.45,-0.28,0,0.08,0.05,-0.46,-0.29,15.56,0.02,21
239,Exit short,2026-07-16 01:00,MR TP1 | IN:MR | OUT:MR,162.046,0.2,32.4278,0.02,0.06,0,0.05,0.15,-0.01,-0.05,15.58,0.02,4
239,Entry short,2026-07-15 21:00,MR-S | IN:MR,162.139,0.2,32.4278,0.02,0.06,0,0.05,0.15,-0.01,-0.05,15.58,0.02,4
240,Exit short,2026-07-16 19:00,RUN EXIT | IN:MR | OUT:MR,162.294,0.8,129.7112,-0.12,-0.10,0,0.2,0.15,-0.13,-0.10,15.46,0.02,22
240,Entry short,2026-07-15 21:00,MR-S | IN:MR,162.139,0.8,129.7112,-0.12,-0.10,0,0.2,0.15,-0.13,-0.10,15.46,0.02,22
241,Exit short,2026-07-20 23:00,MR FAIL | IN:MR | OUT:MR,162.525,1,162.36,-0.16,-0.10,0,0.16,0.10,-0.23,-0.14,15.29,0.02,15
241,Entry short,2026-07-20 08:00,MR-S | IN:MR,162.36,1,162.36,-0.16,-0.10,0,0.16,0.10,-0.23,-0.14,15.29,0.02,15
242,Exit short,2026-07-23 18:00,MR FAIL | IN:TREND | OUT:HYBRID,163.491,1,163.174,-0.32,-0.19,0,0.5,0.30,-0.47,-0.29,14.97,0.01,31
242,Entry short,2026-07-22 11:00,MR-S | IN:TREND,163.174,1,163.174,-0.32,-0.19,0,0.5,0.30,-0.47,-0.29,14.97,0.01,31
243,Exit long,2026-07-24 16:00,TF EXIT | IN:HYBRID | OUT:HYBRID,163.69,1,163.491,0.2,0.12,0,0.5,0.30,-0.03,-0.02,15.17,0.02,22
243,Entry long,2026-07-23 18:00,TF-L | IN:HYBRID,163.491,1,163.491,0.2,0.12,0,0.5,0.30,-0.03,-0.02,15.17,0.02,22
244,Exit short,2026-07-28 16:00,MR FAIL | IN:HYBRID | OUT:MR,163.878,1,163.69,-0.19,-0.11,0,0.36,0.22,-0.2,-0.12,14.98,0.01,48
244,Entry short,2026-07-24 16:00,MR-S | IN:HYBRID,163.69,1,163.69,-0.19,-0.11,0,0.36,0.22,-0.2,-0.12,14.98,0.01,48
245,Exit short,2026-07-29 12:00,MR TP1 | IN:MR | OUT:MR,163.495,0.2,32.7448,0.05,0.14,0,0.09,0.27,-0.01,-0.02,15.03,0.02,4
245,Entry short,2026-07-29 08:00,MR-S | IN:MR,163.724,0.2,32.7448,0.05,0.14,0,0.09,0.27,-0.01,-0.02,15.03,0.02,4
246,Exit short,2026-07-29 23:00,RUN EXIT | IN:MR | OUT:MR,163.896,0.8,130.9792,-0.14,-0.11,0,0.36,0.27,-0.15,-0.11,14.89,0.01,15
246,Entry short,2026-07-29 08:00,MR-S | IN:MR,163.724,0.8,130.9792,-0.14,-0.11,0,0.36,0.27,-0.15,-0.11,14.89,0.01,15
247,Exit long,2026-08-03 05:00,MR FAIL | IN:HYBRID | OUT:HYBRID,157.312,1,160.613,-3.3,-2.06,0,0.2,0.12,-3.62,-2.25,11.59,0.01,19
247,Entry long,2026-07-31 10:00,MR-L | IN:HYBRID,160.613,1,160.613,-3.3,-2.06,0,0.2,0.12,-3.62,-2.25,11.59,0.01,19
248,Exit short,2026-08-03 21:00,TF EXIT | IN:HYBRID | OUT:HYBRID,156.559,1,157.312,0.75,0.48,0,2.09,1.33,-0.57,-0.36,12.35,0.01,16
248,Entry short,2026-08-03 05:00,TF-S | IN:HYBRID,157.312,1,157.312,0.75,0.48,0,2.09,1.33,-0.57,-0.36,12.35,0.01,16
249,Exit long,2026-08-06 00:00,MR TP1 | IN:HYBRID | OUT:MR,157.69,0.2,31.3118,0.23,0.72,0,0.28,0.89,-0.0004,0.00,12.57,0.01,51
249,Entry long,2026-08-03 21:00,MR-L | IN:HYBRID,156.559,0.2,31.3118,0.23,0.72,0,0.28,0.89,-0.0004,0.00,12.57,0.01,51
250,Exit long,2026-08-07 19:00,RUN EXIT | IN:HYBRID | OUT:HYBRID,157.389,0.8,125.2472,0.66,0.53,0,1.61,1.29,-0.002,0.00,13.24,0.01,94
250,Entry long,2026-08-03 21:00,MR-L | IN:HYBRID,156.559,0.8,125.2472,0.66,0.53,0,1.61,1.29,-0.002,0.00,13.24,0.01,94
251,Exit short,2026-08-14 18:00,MR TP1 | IN:HYBRID | OUT:MR,159.112,0.2,31.8502,0.03,0.09,0,0.13,0.42,-0.06,-0.20,13.26,0.01,72
251,Entry short,2026-08-11 18:00,MR-S | IN:HYBRID,159.251,0.2,31.8502,0.03,0.09,0,0.13,0.42,-0.06,-0.20,13.26,0.01,72
252,Exit short,2026-08-17 21:00,RUN EXIT | IN:HYBRID | OUT:MR,159.287,0.8,127.4008,-0.03,-0.02,0,0.53,0.42,-0.25,-0.20,13.23,0.01,99
252,Entry short,2026-08-11 18:00,MR-S | IN:HYBRID,159.251,0.8,127.4008,-0.03,-0.02,0,0.53,0.42,-0.25,-0.20,13.23,0.01,99
253,Exit short,2026-08-19 17:00,MR TP1 | IN:MR | OUT:TREND,159.1,0.2,31.919,0.1,0.31,0,0.12,0.37,-0.003,-0.01,13.33,0.01,12
253,Entry short,2026-08-19 05:00,MR-S | IN:MR,159.595,0.2,31.919,0.1,0.31,0,0.12,0.37,-0.003,-0.01,13.33,0.01,12
254,Exit short,2026-08-20 15:00,RUN EXIT | IN:MR | OUT:MR,158.497,0.8,127.676,0.88,0.69,0,1.26,0.98,-0.01,-0.01,14.21,0.01,34
254,Entry short,2026-08-19 05:00,MR-S | IN:MR,159.595,0.8,127.676,0.88,0.69,0,1.26,0.98,-0.01,-0.01,14.21,0.01,34
255,Exit short,2026-08-26 16:00,MR TP1 | IN:MR | OUT:HYBRID,158.99,0.2,31.8394,0.04,0.13,0,0.06,0.20,-0.01,-0.04,14.25,0.01,12
255,Entry short,2026-08-26 04:00,MR-S | IN:MR,159.197,0.2,31.8394,0.04,0.13,0,0.06,0.20,-0.01,-0.04,14.25,0.01,12
256,Exit short,2026-08-26 23:00,RUN EXIT | IN:MR | OUT:MR,159.417,0.8,127.3576,-0.18,-0.14,0,0.25,0.20,-0.2,-0.16,14.08,0.01,19
256,Entry short,2026-08-26 04:00,MR-S | IN:MR,159.197,0.8,127.3576,-0.18,-0.14,0,0.25,0.20,-0.2,-0.16,14.08,0.01,19
257,Exit short,2026-08-28 09:00,MR FAIL | IN:MR | OUT:MR,159.441,1,159.316,-0.12,-0.08,0,0.02,0.01,-0.15,-0.10,13.95,0.01,3
257,Entry short,2026-08-28 06:00,MR-S | IN:MR,159.316,1,159.316,-0.12,-0.08,0,0.02,0.01,-0.15,-0.10,13.95,0.01,3