candidate_id,asset,timestamp,direction,entry_price,p_mr_win,p_mr_fail,pred_mr_return_pct,threshold,decision,decision_reason,mr_outcome,mr_return_pct,mr_failure_realized,blocked_winner,blocked_loser,resolved_at
USDJPY_2026-08-31T05:00:00,USDJPY,2026-08-31 05:00:00,SHORT,159.78700256347656,0.7693783108199571,0.0559685409092956,0.3208555282064673,0.45,MR_BLOCK,BLOCK_FAIL_RISK,,,,,,
GOLD_2026-08-31T14:00:00,GOLD,2026-08-31 14:00:00,LONG,4482.39990234375,0.2725937873857457,0.8109416721367684,-0.1063091095114484,0.45,MR_BLOCK,BLOCK_FAIL_RISK,,,,,,
BTCUSD_2026-08-31T15:00:00,BTCUSD,2026-08-31 15:00:00,LONG,78458.34375,0.2005427637768972,0.5858310607616853,-0.1266166685671817,0.45,MR_BLOCK,BLOCK_FAIL_RISK,,,,,,
ETHUSD_2026-08-31T17:00:00,ETHUSD,2026-08-31 17:00:00,LONG,2469.239990234375,0.6829847132539139,0.1123439270984082,0.6630512321480411,0.45,MR_BLOCK,BLOCK_FAIL_RISK,,,,,,
US500_2026-08-31T18:30:00,US500,2026-08-31 18:30:00,SHORT,7675.35009765625,0.5994062605783651,0.2690402385471147,0.2621882222846004,0.45,RESEARCH_ONLY,BLOCK_ASSET_POLICY (US500 research-only),,,,,,
ETHUSD_2026-09-01T10:00:00,ETHUSD,2026-09-01 10:00:00,SHORT,2450.570068359375,0.7786981815037165,0.1156132444978899,0.3669639543764252,0.45,MR_BLOCK,BLOCK_FAIL_RISK,,,,,,
ETHUSD_2026-09-01T11:00:00,ETHUSD,2026-09-01 11:00:00,SHORT,2455.830078125,0.4938564182141282,0.3484810364095154,0.0416044013604043,0.45,MR_BLOCK,BLOCK_FAIL_RISK,,,,,,
EURCAD_2026-09-01T15:00:00,EURCAD,2026-09-01 15:00:00,LONG,1.6124000549316406,0.6096906003591884,0.668655140376362,0.158267707172102,0.45,MR_BLOCK,BLOCK_FAIL_RISK,,,,,,
USDJPY_2026-09-02T06:00:00,USDJPY,2026-09-02 06:00:00,SHORT,159.66000366210938,0.8470399307267603,0.1198691252404716,0.2842148414338705,0.45,MR_BLOCK,BLOCK_FAIL_RISK,,,,,,
GOLD_2026-09-02T13:00:00,GOLD,2026-09-02 13:00:00,LONG,4424.5,0.4179576803292776,0.6393427829988145,0.5257068469689157,0.45,MR_BLOCK,BLOCK_FAIL_RISK,,,,,,
BTCUSD_2026-09-02T18:00:00,BTCUSD,2026-09-02 18:00:00,LONG,77348.28125,0.3057745030944456,0.5734347010930446,-0.0933848833583227,0.45,MR_BLOCK,BLOCK_FAIL_RISK,,,,,,
ETHUSD_2026-09-03T03:00:00,ETHUSD,2026-09-03 03:00:00,LONG,2402.800048828125,0.4018570921704558,0.7122082703604711,-0.0311235262527216,0.45,MR_BLOCK,BLOCK_FAIL_RISK,,,,,,
US500_2026-09-03T14:30:00,US500,2026-09-03 14:30:00,LONG,7720.2099609375,0.6799383365822571,0.3014867535276481,0.7972087025593385,0.45,RESEARCH_ONLY,BLOCK_ASSET_POLICY (US500 research-only),,,,,,
USDJPY_2026-09-03T21:00:00,USDJPY,2026-09-03 21:00:00,LONG,155.84800720214844,0.1400230429222482,0.8392399308334041,-0.2321066532681759,0.45,MR_BLOCK,BLOCK_FAIL_RISK,,,,,,
GOLD_2026-09-04T08:00:00,GOLD,2026-09-04 08:00:00,SHORT,4524.2998046875,0.2306636757796497,0.7413506694662821,-0.2187233284439328,0.45,MR_BLOCK,BLOCK_FAIL_RISK,,,,,,
BTCUSD_2026-09-04T10:00:00,BTCUSD,2026-09-04 10:00:00,SHORT,81179.09375,0.4277435155865473,0.4188263267975685,0.136695763629235,0.45,MR_BLOCK,BLOCK_FAIL_RISK,,,,,,
ETHUSD_2026-09-04T14:00:00,ETHUSD,2026-09-04 14:00:00,SHORT,2440.169921875,0.7483071749331094,0.0775868643757347,0.839828878937094,0.45,MR_BLOCK,BLOCK_FAIL_RISK,,,,,,
ETHUSD_2026-09-06T19:00:00,ETHUSD,2026-09-06 19:00:00,SHORT,2490.3798828125,0.5083324077712773,0.509815933650575,-0.2076872718175043,0.45,MR_BLOCK,BLOCK_FAIL_RISK,,,,,,
ETHUSD_2026-09-07T10:00:00,ETHUSD,2026-09-07 10:00:00,SHORT,2488.75,0.5962976775375659,0.3149078583139748,0.2979294459175001,0.45,MR_BLOCK,BLOCK_FAIL_RISK,,,,,,
EURCAD_2026-09-07T16:00:00,EURCAD,2026-09-07 16:00:00,SHORT,1.605810046195984,0.2006184040263536,0.873339074670991,-0.1474695439712634,0.45,MR_BLOCK,BLOCK_FAIL_RISK,,,,,,
BTCUSD_2026-09-13T17:00:00,BTCUSD,2026-09-13 17:00:00,LONG,77298.6015625,0.35437414309278004,0.38482831240285187,-0.04201555244247156,0.45,MR_BLOCK,BLOCK_FAIL_RISK,,,,,,
ADAUSD_2026-09-13T16:00:00,ADAUSD,2026-09-13 16:00:00,LONG,0.2071900069713592,0.2474985649615442,0.3199677017196853,-0.3599999110873499,0.45,MR_BLOCK,BLOCK_FAIL_RISK,,,,,,
BTCUSD_2026-09-14T02:00:00,BTCUSD,2026-09-14 02:00:00,LONG,77550.46875,0.16076338402883592,0.6108365468185534,-0.1488562628863881,0.45,MR_BLOCK,BLOCK_FAIL_RISK,,,,,,
EURCAD_2026-09-14T03:00:00,EURCAD,2026-09-14 03:00:00,SHORT,1.6050900220870972,0.7903033446592407,0.1342329003038847,0.09281827979719452,0.45,MR_BLOCK,BLOCK_FAIL_RISK,,,,,,
AUS200_2026-09-14T03:00:00,AUS200,2026-09-14 03:00:00,LONG,8741.599609375,0.7508511766174494,0.41654292274743143,0.0176392308766139,0.45,MR_BLOCK,BLOCK_FAIL_RISK,,,,,,
XRPUSD_2026-09-14T03:00:00,XRPUSD,2026-09-14 03:00:00,LONG,1.3717999458312988,0.5069672637412995,0.3298031584418538,0.4673272187907434,0.45,MR_BLOCK,BLOCK_FAIL_RISK,,,,,,
ADAUSD_2026-09-14T03:00:00,ADAUSD,2026-09-14 03:00:00,LONG,0.2071200013160705,0.07109611261291558,0.8951186326214177,-0.5732118792446539,0.45,MR_BLOCK,BLOCK_FAIL_RISK,,,,,,
ETHUSD_2026-09-14T06:00:00,ETHUSD,2026-09-14 06:00:00,LONG,2513.3798828125,0.4264601396862669,0.494562308232759,-0.056259466612024425,0.45,MR_BLOCK,BLOCK_FAIL_RISK,,,,,,
GBPJPY_2026-09-14T08:00:00,GBPJPY,2026-09-14 08:00:00,LONG,208.39300537109372,0.4674465306631249,0.6038503303925858,0.04780069070920333,0.45,MR_BLOCK,BLOCK_FAIL_RISK,,,,,,
CADJPY_2026-09-14T08:00:00,CADJPY,2026-09-14 08:00:00,LONG,111.21299743652344,0.5806987405158065,0.37842958380162633,0.14143931987213113,0.45,MR_BLOCK,BLOCK_FAIL_RISK,,,,,,
CHFJPY_2026-09-14T09:00:00,CHFJPY,2026-09-14 09:00:00,LONG,189.1309967041016,0.501784421095381,0.5144523932479982,0.366244725499814,0.45,MR_BLOCK,BLOCK_FAIL_RISK,,,,,,
EURCHF_2026-09-14T05:00:00,EURCHF,2026-09-14 05:00:00,SHORT,0.9455999732017516,0.5908613359261048,0.427564369390229,0.17024506247850557,0.45,MR_BLOCK,BLOCK_FAIL_RISK,,,,,,
GBPCAD_2026-09-14T08:00:00,GBPCAD,2026-09-14 08:00:00,SHORT,1.8736900091171265,0.15520663546970154,0.762659411729779,-0.0810386942824409,0.45,MR_BLOCK,BLOCK_FAIL_RISK,,,,,,
GBPCHF_2026-09-14T06:00:00,GBPCHF,2026-09-14 06:00:00,SHORT,1.1047199964523315,0.40519528012521233,0.7622053158973133,0.128257402632168,0.45,MR_BLOCK,BLOCK_FAIL_RISK,,,,,,
AUDCHF_2026-09-14T09:00:00,AUDCHF,2026-09-14 09:00:00,SHORT,0.58228999376297,0.5840855585972451,0.2845850132383051,0.014940978766031439,0.45,MR_BLOCK,BLOCK_FAIL_RISK,,,,,,
NZDCHF_2026-09-14T05:00:00,NZDCHF,2026-09-14 05:00:00,SHORT,0.4730699956417084,0.844954622535972,0.3771027609715806,0.17561832070796668,0.45,MR_BLOCK,BLOCK_FAIL_RISK,,,,,,
SOLUSD_2026-09-14T06:00:00,SOLUSD,2026-09-14 06:00:00,LONG,101.5,0.39063051587924097,0.420669614625825,-0.11708391396521693,0.45,MR_BLOCK,BLOCK_FAIL_RISK,,,,,,
DOGEUSD_2026-09-14T08:00:00,DOGEUSD,2026-09-14 08:00:00,LONG,0.0841199979186058,0.5750514412955197,0.39676490795257274,0.21719990212617732,0.45,MR_BLOCK,BLOCK_FAIL_RISK,,,,,,
LTCUSD_2026-09-14T08:00:00,LTCUSD,2026-09-14 08:00:00,SHORT,53.83300018310547,0.424972090552196,0.43054950941520925,0.5032064891695913,0.45,MR_BLOCK,BLOCK_FAIL_RISK,,,,,,
LINKUSD_2026-09-14T07:00:00,LINKUSD,2026-09-14 07:00:00,LONG,11.404000282287598,0.35787327827000054,0.40536056722577174,0.1805709735853627,0.45,MR_BLOCK,BLOCK_FAIL_RISK,,,,,,
BNBUSD_2026-09-14T07:00:00,BNBUSD,2026-09-14 07:00:00,LONG,724.5800170898438,0.32947789300448066,0.7381843934872737,-0.20996538740955006,0.45,MR_BLOCK,BLOCK_FAIL_RISK,,,,,,
US500_2026-09-14T15:30:00,US500,2026-09-14 15:30:00,LONG,7633.5498046875,0.2902292683638047,0.8281739497415835,-0.6125975617657926,0.45,RESEARCH_ONLY,BLOCK_ASSET_POLICY (US500 research-only),,,,,,
USDCHF_2026-09-14T10:00:00,USDCHF,2026-09-14 10:00:00,SHORT,0.8169299960136414,0.3039974498865818,0.7476523083646403,0.15780112305196273,0.45,MR_BLOCK,BLOCK_FAIL_RISK,,,,,,
EURJPY_2026-09-14T13:00:00,EURJPY,2026-09-14 13:00:00,LONG,178.5399932861328,0.2382024022678302,0.7401455388190719,-0.1943680667083716,0.45,MR_BLOCK,BLOCK_FAIL_RISK,,,,,,
AUDJPY_2026-09-14T12:00:00,AUDJPY,2026-09-14 12:00:00,LONG,110.16300201416016,0.4707038540239915,0.5294421502547848,0.2141143067810379,0.45,MR_BLOCK,BLOCK_FAIL_RISK,,,,,,
CADCHF_2026-09-14T10:00:00,CADCHF,2026-09-14 10:00:00,SHORT,0.5879899859428406,0.4985387814605968,0.24230805964937233,0.09798192424146508,0.45,MR_BLOCK,BLOCK_FAIL_RISK,,,,,,
GER40_2026-09-14T12:00:00,GER40,2026-09-14 12:00:00,LONG,25446.109375,0.2450592595318207,0.7175869552124654,-0.21431005271680006,0.45,MR_BLOCK,BLOCK_FAIL_RISK,,,,,,
DOGEUSD_2026-09-14T15:00:00,DOGEUSD,2026-09-14 15:00:00,LONG,0.0840200036764144,0.13433292249201706,0.6942885876574476,-0.4524454192036281,0.45,MR_BLOCK,BLOCK_FAIL_RISK,,,,,,
LINKUSD_2026-09-14T15:00:00,LINKUSD,2026-09-14 15:00:00,LONG,11.461000442504885,0.19716411472488557,0.8104059103241146,-0.020534101083880412,0.45,MR_BLOCK,BLOCK_FAIL_RISK,,,,,,
AUDCAD_2026-09-14T17:00:00,AUDCAD,2026-09-14 17:00:00,LONG,0.9928799867630004,0.3610354146448881,0.6152738960752505,-0.12868146120609605,0.45,MR_BLOCK,BLOCK_FAIL_RISK,,,,,,
SILVER_2026-09-14T18:00:00,SILVER,2026-09-14 18:00:00,LONG,64.19000244140625,0.4774750702944338,0.5453860570673986,0.19111173798002914,0.45,MR_BLOCK,BLOCK_FAIL_RISK,,,,,,
WTI_2026-09-14T17:00:00,WTI,2026-09-14 17:00:00,SHORT,101.72000122070312,0.4855657860134127,0.5853883404641536,0.6218084708855277,0.45,MR_BLOCK,BLOCK_FAIL_RISK,,,,,,
BRENT_2026-09-14T16:00:00,BRENT,2026-09-14 16:00:00,SHORT,107.1999969482422,0.27451499491070175,0.5414226157006675,0.22231925535840372,0.45,MR_BLOCK,BLOCK_FAIL_RISK,,,,,,
BCHUSD_2026-09-14T17:00:00,BCHUSD,2026-09-14 17:00:00,LONG,226.27999877929688,0.30992717451154383,0.4389181280555038,0.3547866645823593,0.45,MR_BLOCK,BLOCK_FAIL_RISK,,,,,,
EURUSD_2026-09-14T21:00:00,EURUSD,2026-09-14 21:00:00,LONG,1.155401587486267,0.09179009551876216,0.891589498906927,-0.1735332946112305,0.45,MR_BLOCK,BLOCK_FAIL_RISK,,,,,,
GBPUSD_2026-09-14T22:00:00,GBPUSD,2026-09-14 22:00:00,LONG,1.350530028343201,0.2043163725785472,0.8070065749133799,-0.06922708061330152,0.45,MR_BLOCK,BLOCK_FAIL_RISK,,,,,,
NZDUSD_2026-09-14T21:00:00,NZDUSD,2026-09-14 21:00:00,LONG,0.5780680775642395,0.37134167356877185,0.5270248346394819,0.201386216896819,0.45,MR_BLOCK,BLOCK_FAIL_RISK,,,,,,
EURGBP_2026-09-14T20:00:00,EURGBP,2026-09-14 20:00:00,LONG,0.8554099798202515,0.23781688753432137,0.8198590608127133,-0.15143724478197396,0.45,MR_BLOCK,BLOCK_FAIL_RISK,,,,,,
EURJPY_2026-09-14T23:00:00,EURJPY,2026-09-14 23:00:00,LONG,178.31500244140625,0.13723160828866424,0.9178033200244952,-0.3683181642992001,0.45,MR_BLOCK,BLOCK_FAIL_RISK,,,,,,
NZDCAD_2026-09-15T00:00:00,NZDCAD,2026-09-15 00:00:00,LONG,0.8029299974441528,0.07332234061828093,0.9498874944129154,-0.3702289010543861,0.45,MR_BLOCK,BLOCK_FAIL_RISK,,,,,,
NATGAS_2026-09-15T00:00:00,NATGAS,2026-09-15 00:00:00,SHORT,2.878000020980835,0.2852778696864912,0.5044904269078805,-0.10807360232827769,0.45,MR_BLOCK,BLOCK_FAIL_RISK,,,,,,
GOLD_2026-09-15T02:00:00,GOLD,2026-09-15 02:00:00,LONG,4354.89990234375,0.2811619083966574,0.6084528095819768,-0.07672729614347575,0.45,MR_BLOCK,BLOCK_FAIL_RISK,,,,,,
BTCUSD_2026-09-15T04:00:00,BTCUSD,2026-09-15 04:00:00,SHORT,77547.75,0.9131838560790607,0.03654128179467408,0.8278054643306031,0.45,MR_BLOCK,BLOCK_FAIL_RISK,,,,,,
ETHUSD_2026-09-15T05:00:00,ETHUSD,2026-09-15 05:00:00,SHORT,2495.969970703125,0.6173718705691149,0.14049597700627434,0.4388320727549144,0.45,MR_BLOCK,BLOCK_FAIL_RISK,,,,,,
EURCAD_2026-09-15T04:00:00,EURCAD,2026-09-15 04:00:00,LONG,1.6050599813461304,0.11393143361045105,0.8736568664600293,-0.2368965949418735,0.45,MR_BLOCK,BLOCK_FAIL_RISK,,,,,,
GBPCAD_2026-09-15T04:00:00,GBPCAD,2026-09-15 04:00:00,SHORT,1.875939965248108,0.33392805107869455,0.549206653770261,0.05317762517931818,0.45,MR_BLOCK,BLOCK_FAIL_RISK,,,,,,
HK50_2026-09-15T01:30:00,HK50,2026-09-15 01:30:00,LONG,24858.470703125,0.2862205835519001,0.8336290490455065,-0.18549018590213992,0.45,MR_BLOCK,BLOCK_FAIL_RISK,,,,,,
SOLUSD_2026-09-15T06:00:00,SOLUSD,2026-09-15 06:00:00,SHORT,100.8499984741211,0.6337153091762449,0.135180798609108,0.875728725806592,0.45,MR_BLOCK,BLOCK_FAIL_RISK,,,,,,
XRPUSD_2026-09-15T05:00:00,XRPUSD,2026-09-15 05:00:00,SHORT,1.4081000089645386,0.6995888998345065,0.21766868042207088,0.8030001423648999,0.45,MR_BLOCK,BLOCK_FAIL_RISK,,,,,,
ADAUSD_2026-09-15T03:00:00,ADAUSD,2026-09-15 03:00:00,SHORT,0.2051900029182434,0.6195903788036187,0.32716613676759304,1.3005047699496777,0.45,MR_BLOCK,BLOCK_FAIL_RISK,,,,,,
